formula,primes,primesWhenNPrime
2^n + 1021 * 5,39,27
2^n + 127237 * 5,38,25
(2) * 3 * 11 * 2 * 109 * 2^n - 13 * 5 * 193,65,24
2^n + 82935 * 5,56,24
2^(n - 1) + 4953,50,24
2^n * 64 + 3 * 11 * 7 * 9,44,23
2^n + 15105 * 5,67,22
2^n * 33 - 65,60,22
2 * 3 * 22 * 2^n - 13 * 5,58,22
2^(n + 1) + 9087,52,22
2^n + 75115 * 5,31,22
2^(n - 1) * 66 - 65,57,21
2 * 3 * 76 * 2^n - 11 * 5,51,21
2^(n + 1) + 8835,49,21
	2^(n + 1) + 9087,48,21
2^n + 3 * 11 * 7 * 9,47,21
2^n + 112845 * 5,45,21
2 * 3 * 67 * 2^n - 7 * 5,59,20
2^n + 19389 * 5,50,20
2^(n + 1) + 9615,47,20
2^n + 3219 * 5,43,20
2 * 3 * 32 * 2^n - 89 * 5,38,20
2^n + 13167 * 5,66,19
2^(n - 1) * 33 - 25,61,19
2^(n - 1) + 8625,58,19
2^(n - 1) * 57 - 55,56,19
2^n + 4707 * 5,47,19
2 * 3 * 44 * 2^n - 73 * 5,43,19
2^(n - 1) * 47 - 79,40,19
2^n + 8169 * 5,39,19
(2) * 3 * 11 * 2 * 19 * 2^n - 13 * 5 * 131,38,19
2^(n - 1) + 15,36,19
2^(n + 1) * 85 - 143,34,19
2^(n + 1) + 253,32,19
2^(n + 1) + 4687,29,19
2^n + 5555,29,19
2^(n - 1) + 8883,27,19
2 * 3 * 11 * 2^n - 5 * 5,65,18
2 * 3 * 82 * 2^n - 35 * 5,47,18
2^(n + 1) + 4545,46,18
2^(n - 1) + 2457,46,18
(2) * 3 * 11 * 2 * 199 * 2^n - 13 * 5 * 13,45,18
2^n + 171 * 5,44,18
2^(n - 1) + 2745,43,18
(2) * 3 * 11 * 2 * 61 * 2^n - 13 * 5 * 131,42,18
2^n * 6 + 5,42,18
2^n + 855,40,18
2^n * 10209 - 1,39,18
10209 * 2^n - 1,39,18
2 * 3 * 41 * 2^n - 67 * 5,38,18
2^n + 325 * 5,37,18
4515 * 2^n - 1,36,18
2^n * 4515 - 1,36,18
6 * 68 * 2^n - 641 * 5,35,18
2^(n - 1) + 9705,34,18
(2) * 3 * 11 * 2 * 2 * 2^n - 13 * 5 * 2729,30,18
2^(n - 1) * 7 - 5,30,18
2^(n + 1) + 5797,27,18
2^n + 5719 * 5,25,18
2^n + 2593 * 5,24,18
2^n + 12759 * 5,59,17
2 * 3 * 11 * 281 * 2^n - 13 * 5,49,17
2 * 3 * 23 * 2^n - 35 * 5,48,17
2^n + 16029 * 5,46,17
2^(n + 1) * 47 - 51,45,17
2^(n - 1) * 69 - 65,44,17
2^n + 15783 * 5,43,17
2 * 3 * 41 * 2^n - 25 * 5,42,17
(2) * 3 * 11 * 2 * 17 * 2^n - 13 * 5 * 61,41,17
6 * 72 * 2^n - 143 * 5,40,17
2 * 3 * 37 * 2^n - 41 * 5,39,17
3645 * 2^n - 1,39,17
2^n * 3645 - 1,39,17
2^n * 33 + 6625,39,17
69 * 2^n - 1,38,17
6 * 207 * 2^n - 859 * 5,36,17
2^(n + 1) + 8673,36,17
6 * 239 * 2^n - 301 * 5,35,17
6 * 44 * 2^n - 73 * 5,33,17
6 * 61 * 2^n - 379 * 5,33,17
(2) * 3 * 11 * 2 * 8 * 2^n - 13 * 5 * 235,33,17
2^n + 16209 * 5,33,17
261 * 2^n + 1,32,17
2^n + 103 * 5,32,17
2 * 3 * 63 * 2^n - 41 * 5,31,17
2^n + 14839 * 5,30,17
2^n - 14535,30,17
2^(n - 1) * 34 - 95,30,17
2 * 3 * 39 * 2^n - 23 * 5,29,17
2 * 3 * 51 * 2^n - 1 * 5,29,17
(2) * 3 * 11 * 2 * 2 * 2^n - 13 * 5 * 287,29,17
2^n * 62811 - 1,29,17
6 * 219 * 2^n - 619 * 5,28,17
4416 * 2^n - 1,28,17
6 * 77 * 2^n - 137 * 5,27,17
6 * 143 * 2^n - 467 * 5,27,17
2^n + 15223 * 5,27,17
2^(n + 1) * 136 - 35,27,17
2^n + 1111 * 5,26,17
2^n + 5557 * 5,25,17
6 * 146 * 2^n - 437 * 5,24,17
2^n * 27886 - 1,20,17
2 * 3 * 82 * 2^n - 95 * 5,51,16
2 * 3 * 57 * 2^n - 89 * 5,47,16
4^n * 398 - 81,47,16
2^(n - 1) * 33 - 85,47,16
2 * 3 * 39 * 2^n - 47 * 5,45,16
2 * 3 * 9 * 2^n - 31 * 5,44,16
2 * 3 * 44 * 2^n - 17 * 5,44,16
2 * 3 * 62 * 2^n - 77 * 5,44,16
(2) * 3 * 11 * 2 * 67 * 2^n - 13 * 5 * 47,44,16
2^n + 11151 * 5,44,16
2^n + 8601 * 5,42,16
6 * 234 * 2^n - 805 * 5,41,16
2 * 3 * 74 * 2^n - 77 * 5,41,16
2^n + 21 * 5,41,16
2^n + 8379 * 5,41,16
2^(n - 1) * 40 - 69,41,16
2^n + 5757 * 5,40,16
6 * 76 * 2^n - 11 * 5,40,16
6 * 176 * 2^n - 773 * 5,40,16
2 * 3 * 11 * 2^n - 47 * 5,40,16
(2) * 3 * 11 * 2 * 4817 * 2^n - 13 * 5 * 8761,40,16
(2) * 3 * 11 * 2 * 167 * 2^n - 13 * 5 * 9803,40,16
2^n + 2943 * 5,38,16
2 * 3 * 13 * 2^n - 71 * 5,38,16
2^n + 483 * 5,38,16
2^n * 33 + 1183,38,16
2^n * 33 + 4805,38,16
6 * 117 * 2^n - 421 * 5,36,16
2^n + 12669 * 5,36,16
2^n + 2595 * 5,35,16
6 * 248 * 2^n - 25 * 5,35,16
2 * 3 * 79 * 2^n - 77 * 5,35,16
6 * 46 * 2^n - 181 * 5,34,16
6 * 147 * 2^n - 127 * 5,34,16
6 * 167 * 2^n - 463 * 5,34,16
6 * 184 * 2^n - 181 * 5,34,16
2 * 3 * 58 * 2^n - 19 * 5,33,16
2^(n - 1) * 54 - 83,33,16
4975 * 2^n - 1,32,16
2^n * 471834 - 1,32,16
6 * 121 * 2^n - 101 * 5,31,16
6 * 162 * 2^n - 301 * 5,31,16
6 * 246 * 2^n - 217 * 5,31,16
2^n + 145 * 5,31,16
2^n + 3685 * 5,30,16
6 * 133 * 2^n - 61 * 5,30,16
6 * 158 * 2^n - 665 * 5,30,16
2^n + 217 * 5,30,16
2^n - 14019,30,16
2^(n + 1) * 127 - 119,30,16
6 * 9 * 2^n - 1 * 5,29,16
2^n + 7083 * 5,28,16
6 * 206 * 2^n - 235 * 5,28,16
2^n * 53604 - 1,28,16
2^n - 4749,28,16
2^n - 39121,27,16
6 * 214 * 2^n - 241 * 5,25,16
2^n - 5841,25,16
(1 + 6) * 2^(n - 2 + 1) - (4 + 1),24,16
2^n + 515,24,16
2 * 3 * 3 * 2^n - 61 * 5,23,16
2^n + 6331 * 5,22,16
2^n + 12121 * 5,22,16
2^n + 3049 * 5,21,16
2^n + 1201 * 5,21,16
2^(n + 1) + 555,58,15
114 * 2^(n + 1) - 35,57,15
2^(n + 1) * 114 - 35,57,15
2 * 3 * 62 * 2^n - 25 * 5,55,15
(2) * 3 * 11 * 2 * 23 * 2^n - 13 * 5 * 109,55,15
2 * 3 * 99 * 2^n - 19 * 5,53,15
2 * 3 * 33 * 2^n - 29 * 5,50,15
2 * 3 * 34 * 2^n - 91 * 5,50,15
2 * 3 * 11 * 128 * 2^n - 13 * 5,50,15
2^n + 1515 * 5,49,15
6 * 2 * 2^n - 5 * 5,49,15
2^n + 297 * 5,49,15
(2) * 3 * 11 * 2 * 2 * 2^n - 13 * 5 * 8831,46,15
6 * 209 * 2^n - 1 * 5,45,15
2 * 3 * 48 * 2^n - 11 * 5,44,15
2 * 3 * 6 * 2^n - 71 * 5,43,15
2 * 3 * 96 * 2^n - 71 * 5,43,15
2 * 3 * 3 * 2^n - 25 * 5,42,15
2^n + 15153 * 5,41,15
2^n * 89001 - 1,41,15
2^n + 1155 * 5,40,15
2^n + 11415 * 5,40,15
2^n + 15879 * 5,40,15
2 * 3 * 83 * 2^n - 11 * 5,39,15
(2) * 3 * 11 * 2 * 2 * 2^n - 13 * 5 * 7561,39,15
6 * 153 * 2^n - 533 * 5,38,15
6 * 209 * 2^n - 953 * 5,38,15
6 * 236 * 2^n - 583 * 5,38,15
2 * 3 * 8 * 2^n - 89 * 5,38,15
2 * 3 * 12 * 2^n - 35 * 5,38,15
2 * 3 * 18 * 2^n - 73 * 5,38,15
2 * 3 * 61 * 2^n - 37 * 5,38,15
(2) * 3 * 11 * 2 * 3617 * 2^n - 13 * 5 * 3391,38,15
(2) * 3 * 11 * 2 * 16 * 2^n - 13 * 5 * 1,38,15
5 * 11 * 3^n + 2 * 49,38,15
2^n * 33 + 125,38,15
2^n + 1239 * 5,37,15
6 * 77 * 2^n - 367 * 5,37,15
(2) * 3 * 11 * 2 * 16 * 2^n - 13 * 5 * 389,37,15
2^n * 33 + 1295,37,15
2^n + 7945 * 5,36,15
2^n + 831 * 5,36,15
6 * 76 * 2^n - 785 * 5,36,15
6 * 112 * 2^n - 613 * 5,36,15
(2) * 3 * 11 * 2 * 3 * 2^n - 13 * 5 * 41,36,15
6 * 33 * 2^n - 221 * 5,35,15
6 * 46 * 2^n - 185 * 5,35,15
6 * 99 * 2^n - 749 * 5,34,15
6 * 132 * 2^n - 527 * 5,34,15
6 * 252 * 2^n - 247 * 5,34,15
8003241 * 5 * 2^n - 1,34,15
1110 * 2^n + 1,33,15
2^n + 9093 * 5,33,15
2^n + 7413 * 5,32,15
6 * 58 * 2^n - 461 * 5,32,15
6 * 184 * 2^n - 775 * 5,32,15
6 * 232 * 2^n - 461 * 5,32,15
2^n * 33 + 1907,32,15
6 * 16 * 2^n - 581 * 5,31,15
6 * 17 * 2^n - 191 * 5,31,15
6 * 58 * 2^n - 985 * 5,31,15
6 * 181 * 2^n - 373 * 5,31,15
(2) * 3 * 11 * 2 * 4 * 2^n - 13 * 5 * 197,31,15
(2) * 3 * 11 * 2 * 14 * 2^n - 13 * 5 * 167,31,15
(2) * 3 * 11 * 2 * 59 * 2^n - 13 * 5 * 199,31,15
6 * 34 * 2^n - 667 * 5,30,15
6 * 47 * 2^n - 151 * 5,30,15
6 * 59 * 2^n - 371 * 5,30,15
6 * 203 * 2^n - 527 * 5,30,15
276 * 2^n - 1,30,15
2^n - 68319,30,15
2^n + 5221 * 5,29,15
6 * 173 * 2^n - 455 * 5,29,15
5396202 * 5 * 2^n + 1,29,15
2^n + 725,29,15
2^n + 9657 * 5,29,15
2^n + 12403 * 5,29,15
2^n * 34191 - 1,29,15
2^n + 6487 * 5,28,15
6 * 7 * 2^n - 709 * 5,28,15
6 * 27 * 2^n - 953 * 5,28,15
6 * 188 * 2^n - 767 * 5,28,15
2241 * 2^n + 1,28,15
2^n * 332710 - 1,28,15
6 * 53 * 2^n - 293 * 5,27,15
6 * 107 * 2^n - 295 * 5,27,15
6 * 183 * 2^n - 521 * 5,27,15
6 * 213 * 2^n - 301 * 5,27,15
6 * 221 * 2^n - 523 * 5,27,15
6 * 234 * 2^n - 623 * 5,27,15
339 * 2^n - 1,27,15
2869 * 2^n - 1,27,15
1656 * 2^n + 1,27,15
2^n + 8203 * 5,27,15
2^n + 8377 * 5,27,15
2^n - 86295,27,15
2^n * 33 + 1127,27,15
6 * 47 * 2^n - 715 * 5,26,15
6 * 49 * 2^n - 173 * 5,26,15
6 * 54 * 2^n - 463 * 5,26,15
6 * 109 * 2^n - 709 * 5,26,15
6 * 142 * 2^n - 913 * 5,26,15
6 * 226 * 2^n - 421 * 5,26,15
2^n + 535 * 5,25,15
6 * 96 * 2^n - 377 * 5,25,15
6 * 171 * 2^n - 467 * 5,25,15
6 * 251 * 2^n - 757 * 5,25,15
2^n - 35269,25,15
6 * 152 * 2^n - 637 * 5,24,15
2^n * 123850 - 1,24,15
2^(n + 1) * 47 - 121,24,15
6 * 114 * 2^n - 517 * 5,23,15
6 * 231 * 2^n - 887 * 5,23,15
5005 * 2^n - 1,23,15
2^n + 16135 * 5,23,15
2^n - 77925,23,15
2^n * 33 + 2747,23,15
2^n * 33 + 5087,23,15
6 * 134 * 2^n - 881 * 5,22,15
8720673 * 5 * 2^n - 1,22,15
4815 * 2^n + 1,22,15
2^n + 629,22,15
2^n * 885160 - 1,22,15
556 * 2^n - 1,21,15
2^n + 8461 * 5,21,15
2^n + 14467 * 5,21,15
2^n - 31,21,15
3^n * 16 + 30 * 2^n + 29,21,15
2^n + 8151 * 5,70,14
57 * 2^(n + 1) - 35,65,14
2 * 3 * 19 * 2^n - 7 * 5,61,14
2^n * 33 + 2315,61,14
(2) * 3 * 11 * 2 * 109 * 19 * 2^n - 13 * 5 * 193 * 229,57,14
6436080 * 5 * 2^n + 1,57,14
(2) * 3 * 11 * 2 * 173 * 2^n - 13 * 5 * 103,52,14
2 * 3 * 54 * 2^n - 25 * 5,50,14
2 * 3 * 61 * 2^n - 53 * 5,50,14
2 * 3 * 77 * 2^n - 61 * 5,50,14
(2) * 3 * 11 * 2 * 113 * 2^n - 13 * 5 * 107,50,14
2 * 3 * 49 * 2^n - 73 * 5,47,14
6 * 209 * 2^n - 667 * 5,45,14
2 * 3 * 77 * 2^n - 47 * 5,44,14
(2) * 3 * 11 * 2 * 17 * 2^n - 13 * 5 * 7,44,14
3^n * 28 + 9 * 2^n + 29,44,14
6 * 143 * 2^n - 49 * 5,43,14
2 * 3 * 11 * 238 * 2^n - 13 * 5,43,14
2^n + 11781 * 5,43,14
(2) * 3 * 11 * 2 * 1 * 2^n - 13 * 5 * 1,42,14
2^n + 453 * 5,42,14
2^n + 11847 * 5,42,14
2 * 3 * 23 * 2^n - 13 * 5,41,14
2 * 3 * 28 * 2^n - 5 * 5,41,14
(2) * 3 * 11 * 2 * 11 * 2^n - 13 * 5 * 151,41,14
2^n + 10863 * 5,41,14
2^n + 7665 * 5,40,14
6 * 22 * 2^n - 13 * 5,40,14
6 * 11 * 2^n - 773 * 5,40,14
6 * 26 * 2^n - 653 * 5,40,14
6 * 122 * 2^n - 247 * 5,40,14
6 * 156 * 2^n - 791 * 5,40,14
2 * 3 * 22 * 2^n - 91 * 5,40,14
2 * 3 * 29 * 2^n - 91 * 5,40,14
2 * 3 * 93 * 2^n - 89 * 5,40,14
2 * 3 * 19 * 9 * 2^n - 25 * 5,40,14
2^n * 33 + 4087,40,14
2^n + 5655 * 5,39,14
6 * 87 * 2^n - 289 * 5,39,14
6 * 92 * 2^n - 689 * 5,39,14
2 * 3 * 3 * 2^n - 23 * 5,39,14
2 * 3 * 86 * 2^n - 83 * 5,39,14
(2) * 3 * 11 * 2 * 43 * 2^n - 13 * 5 * 191,39,14
(2) * 3 * 11 * 2 * 149 * 2^n - 13 * 5 * 137,39,14
2^n + 9561 * 5,39,14
2^n + 3783 * 5,38,14
2 * 3 * 21 * 2^n - 37 * 5,38,14
2 * 3 * 57 * 2^n - 97 * 5,38,14
2 * 3 * 81 * 2^n - 49 * 5,38,14
(2) * 3 * 11 * 2 * 4 * 2^n - 13 * 5 * 203,38,14
(2) * 3 * 11 * 2 * 97 * 2^n - 13 * 5 * 131,38,14
2^n + 105,38,14
2^n * 33 + 2435,38,14
2^n + 4065 * 5,37,14
6 * 44 * 2^n - 17 * 5,37,14
6 * 33 * 2^n - 29 * 5,37,14
6 * 71 * 2^n - 899 * 5,37,14
6 * 78 * 2^n - 307 * 5,37,14
6 * 116 * 2^n - 859 * 5,37,14
6 * 171 * 2^n - 793 * 5,37,14
6 * 222 * 2^n - 751 * 5,37,14
6 * 251 * 2^n - 589 * 5,37,14
2 * 3 * 84 * 2^n - 37 * 5,37,14
(2) * 3 * 11 * 2 * 2381 * 2^n - 13 * 5 * 6451,37,14
2^n + 11655 * 5,37,14
2^n + 14367 * 5,37,14
6 * 74 * 2^n - 77 * 5,36,14
6 * 28 * 2^n - 613 * 5,36,14
6 * 62 * 2^n - 25 * 5,36,14
6 * 67 * 2^n - 7 * 5,36,14
6 * 79 * 2^n - 493 * 5,36,14
6 * 109 * 2^n - 203 * 5,36,14
6 * 119 * 2^n - 437 * 5,36,14
6 * 151 * 2^n - 437 * 5,36,14
6 * 197 * 2^n - 535 * 5,36,14
6 * 209 * 2^n - 763 * 5,36,14
6 * 246 * 2^n - 959 * 5,36,14
2 * 3 * 33 * 2^n - 65 * 5,36,14
2 * 3 * 56 * 2^n - 43 * 5,36,14
(2) * 3 * 11 * 2 * 2 * 2^n - 13 * 5 * 9521,36,14
(2) * 3 * 11 * 2 * 7 * 2^n - 13 * 5 * 179,36,14
2^n * 84405 - 1,36,14
2^n * 23205 - 1,36,14
2^n - 37995,36,14
2^n * 33 + 4375,36,14
2^n + 4821 * 5,35,14
6 * 111 * 2^n - 847 * 5,35,14
6 * 156 * 2^n - 577 * 5,35,14
2 * 3 * 41 * 2^n - 77 * 5,35,14
(2) * 3 * 11 * 2 * 151 * 2^n - 13 * 5 * 37,35,14
9915 * 2^n - 1,35,14
2^n * 33 + 6593,35,14
6 * 47 * 2^n - 359 * 5,34,14
6 * 63 * 2^n - 247 * 5,34,14
6 * 123 * 2^n - 187 * 5,34,14
6 * 171 * 2^n - 949 * 5,34,14
6 * 184 * 2^n - 679 * 5,34,14
6 * 228 * 2^n - 187 * 5,34,14
6 * 231 * 2^n - 257 * 5,34,14
6 * 234 * 2^n - 77 * 5,34,14
(2) * 3 * 11 * 2 * 23 * 2^n - 13 * 5 * 43,34,14
(2) * 3 * 11 * 2 * 23 * 2^n - 13 * 5 * 197,34,14
(2) * 3 * 11 * 2 * 37 * 2^n - 13 * 5 * 191,34,14
(2) * 3 * 11 * 2 * 79 * 2^n - 13 * 5 * 41,34,14
976182 * 5 * 2^n - 1,34,14
2^n + 9411 * 5,34,14
6 * 14 * 2^n - 415 * 5,33,14
6 * 82 * 2^n - 35 * 5,33,14
6 * 117 * 2^n - 749 * 5,33,14
6 * 196 * 2^n - 989 * 5,33,14
6 * 197 * 2^n - 929 * 5,33,14
6 * 234 * 2^n - 11 * 5,33,14
(2) * 3 * 11 * 2 * 5023 * 2^n - 13 * 5 * 7039,33,14
(2) * 3 * 11 * 2 * 3 * 2^n - 13 * 5 * 245,33,14
(2) * 3 * 11 * 2 * 199 * 2^n - 13 * 5 * 47,33,14
(2) * 3 * 11 * 2 * 109 * 7 * 2^n - 13 * 5 * 193 * 349,33,14
2^n * 135576 - 1,33,14
2^n - 59685,33,14
2^n * 33 + 2345,33,14
2^n + 4227 * 5,32,14
6 * 14 * 2^n - 475 * 5,32,14
6 * 24 * 2^n - 137 * 5,32,14
6 * 37 * 2^n - 41 * 5,32,14
6 * 66 * 2^n - 533 * 5,32,14
6 * 68 * 2^n - 235 * 5,32,14
6 * 217 * 2^n - 53 * 5,32,14
6 * 244 * 2^n - 53 * 5,32,14
6 * 244 * 2^n - 365 * 5,32,14
6 * 248 * 2^n - 169 * 5,32,14
6 * 252 * 2^n - 769 * 5,32,14
2 * 3 * 11 * 69919 * 2^n - 25 * 5,32,14
2^n + 11451 * 5,32,14
2^n * 49470 - 1,32,14
2^n * 53751 - 1,32,14
2^n - 71685,32,14
2^n * 33 + 1333,32,14
2^n + 3951 * 5,31,14
6 * 13 * 2^n - 71 * 5,31,14
6 * 22 * 2^n - 791 * 5,31,14
6 * 44 * 2^n - 175 * 5,31,14
6 * 48 * 2^n - 127 * 5,31,14
6 * 69 * 2^n - 623 * 5,31,14
6 * 72 * 2^n - 553 * 5,31,14
6 * 116 * 2^n - 257 * 5,31,14
6 * 148 * 2^n - 145 * 5,31,14
6 * 191 * 2^n - 703 * 5,31,14
6 * 209 * 2^n - 499 * 5,31,14
2 * 3 * 11 * 48911 * 2^n - 25 * 5,31,14
2^n + 459,31,14
2^n + 13389 * 5,31,14
2^n - 6279,31,14
2^n * 33 + 5243,31,14
6 * 8 * 2^n - 605 * 5,30,14
6 * 29 * 2^n - 839 * 5,30,14
6 * 76 * 2^n - 319 * 5,30,14
6 * 162 * 2^n - 539 * 5,30,14
6 * 164 * 2^n - 515 * 5,30,14
6 * 164 * 2^n - 583 * 5,30,14
6 * 191 * 2^n - 461 * 5,30,14
6 * 208 * 2^n - 71 * 5,30,14
6 * 238 * 2^n - 601 * 5,30,14
2 * 3 * 64 * 2^n - 77 * 5,30,14
2 * 3 * 66 * 2^n - 61 * 5,30,14
2 * 3 * 74 * 2^n - 55 * 5,30,14
(2) * 3 * 11 * 2 * 6 * 2^n - 13 * 5 * 235,30,14
(2) * 3 * 11 * 2 * 173 * 2^n - 13 * 5 * 97,30,14
2^n + 6003 * 5,30,14
2^n + 9405 * 5,30,14
2^n + 11305 * 5,30,14
2^n * 33 + 475,30,14
2^n + 6991 * 5,29,14
2^n + 6129 * 5,29,14
2^n + 4431 * 5,29,14
6 * 19 * 2^n - 163 * 5,29,14
6 * 24 * 2^n - 847 * 5,29,14
6 * 49 * 2^n - 935 * 5,29,14
6 * 123 * 2^n - 587 * 5,29,14
6 * 131 * 2^n - 295 * 5,29,14
6 * 161 * 2^n - 265 * 5,29,14
6 * 183 * 2^n - 889 * 5,29,14
6 * 248 * 2^n - 625 * 5,29,14
2 * 3 * 4 * 2^n - 17 * 5,29,14
2^n + 8533 * 5,29,14
2^n + 14803 * 5,29,14
2^n - 69,29,14
6 * 31 * 2^n - 407 * 5,28,14
6 * 44 * 2^n - 145 * 5,28,14
6 * 52 * 2^n - 313 * 5,28,14
6 * 123 * 2^n - 539 * 5,28,14
6 * 166 * 2^n - 547 * 5,28,14
(2) * 3 * 11 * 2 * 89 * 2^n - 13 * 5 * 127,28,14
10465 * 2^n - 1,28,14
2^n + 14035 * 5,28,14
2^n * 215106 - 1,28,14
2^n - 76779,28,14
2^n - 18669,28,14
2^n - 59401,28,14
2^n * 33 + 5855,28,14
2^n + 8179 * 5,27,14
6 * 41 * 2^n - 67 * 5,27,14
6 * 107 * 2^n - 763 * 5,27,14
6 * 114 * 2^n - 367 * 5,27,14
6 * 159 * 2^n - 989 * 5,27,14
(2) * 3 * 11 * 2 * 67 * 2^n - 13 * 5 * 19,27,14
2^n - 69081,27,14
6 * 142 * 2^n - 1 * 5,26,14
(1 + 8) * 2^(n - 6 + 1) - (6 + 1),26,14
2^n + 4795 * 5,26,14
2^n + 10183 * 5,26,14
2^n + 14371 * 5,26,14
2^n + 14671 * 5,26,14
2^n + 6247 * 5,25,14
2^n + 3307 * 5,25,14
924 * 2^n + 1,25,14
6 * 31 * 2^n - 931 * 5,25,14
6 * 127 * 2^n - 577 * 5,25,14
6 * 159 * 2^n - 307 * 5,25,14
6 * 163 * 2^n - 101 * 5,25,14
2 * 3 * 11 * 171 * 2^n - 13 * 5,25,14
5 * 17 * 3^n + 2 * 49,25,14
2^n + 6853 * 5,25,14
2^n + 11185 * 5,25,14
2^n + 13327 * 5,25,14
2^n + 14833 * 5,25,14
2^n + 15979 * 5,25,14
2^n + 7213 * 5,24,14
6 * 117 * 2^n - 181 * 5,24,14
6 * 139 * 2^n - 529 * 5,24,14
6 * 142 * 2^n - 253 * 5,24,14
6 * 149 * 2^n - 619 * 5,24,14
6 * 169 * 2^n - 739 * 5,24,14
6 * 241 * 2^n - 401 * 5,24,14
4189 * 2^n - 1,24,14
4780 * 2^n - 1,24,14
1 + 2^n + 28,24,14
2^n + 29,24,14
2^n + 13033 * 5,24,14
2^n * 41629 - 1,24,14
2^n - 85459,24,14
2^n * 33 + 1057,24,14
6 * 97 * 2^n - 535 * 5,23,14
3626 * 2^n + 1,23,14
2^n + 13405 * 5,23,14
2^n * 52996 - 1,23,14
2^n * 33 + 415,23,14
6 * 76 * 2^n - 955 * 5,22,14
6 * 162 * 2^n - 565 * 5,22,14
6 * 208 * 2^n - 895 * 5,22,14
9275 * 2^n + 1,22,14
2506 * 2^n - 1,22,14
2^n + 1027 * 5,22,14
2^n + 15523 * 5,22,14
2^n * 32796 - 1,22,14
2^n - 28675,22,14
6 * 136 * 2^n - 943 * 5,21,14
2^n * 590824 - 1,20,14
2^n - 9619,20,14
2^n * 33 + 5707,20,14
2^n * 114 - 35,58,13
2 * 3 * 38 * 2^n - 7 * 5,52,13
4500 * 2^n - 1,52,13
2 * 3 * 13 * 2^n - 11 * 5,50,13
2 * 3 * 61 * 2^n - 43 * 5,50,13
(2) * 3 * 11 * 2 * 181 * 2^n - 13 * 5 * 167,50,13
2 * 3 * 17 * 2^n - 11 * 5,49,13
6 * 8 * 2^n - 5 * 5,49,13
2^n + 3069 * 5,48,13
2^n + 13443 * 5,48,13
2^n + 1725 * 5,47,13
2 * 3 * 11 * 204 * 2^n - 13 * 5,47,13
2 * 3 * 3 * 2^n - 11 * 5,46,13
2 * 3 * 33 * 2^n - 71 * 5,46,13
2 * 3 * 99 * 2^n - 83 * 5,46,13
(2) * 3 * 11 * 2 * 67 * 2^n - 13 * 5 * 193,46,13
2^n + 11661 * 5,46,13
2^n + 11913 * 5,46,13
2 * 3 * 91 * 2^n - 47 * 5,45,13
2 * 3 * 11 * 2^n - 19 * 5,44,13
(2) * 3 * 11 * 2 * 149 * 2^n - 13 * 5 * 71,44,13
2 * 3 * 88 * 2^n - 49 * 5,43,13
2 * 3 * 11 * 60444 * 2^n - 25 * 5,43,13
2^n + 13485 * 5,43,13
2^n + 5733 * 5,42,13
2^n + 801 * 5,42,13
2 * 3 * 51 * 2^n - 59 * 5,42,13
2 * 3 * 68 * 2^n - 43 * 5,42,13
2 * 3 * 98 * 2^n - 31 * 5,42,13
2^n + 8553 * 5,42,13
2 * 3 * 42 * 2^n - 95 * 5,41,13
2 * 3 * 59 * 2^n - 71 * 5,41,13
2 * 3 * 81 * 2^n - 59 * 5,41,13
2 * 3 * 88 * 2^n - 91 * 5,41,13
2 * 3 * 11 * 126 * 2^n - 13 * 5,41,13
(2) * 3 * 11 * 2 * 193 * 2^n - 13 * 5 * 79,41,13
2^n + 10107 * 5,41,13
2^n + 15693 * 5,41,13
2^n - 20145,41,13
6 * 57 * 2^n - 563 * 5,40,13
6 * 103 * 2^n - 779 * 5,40,13
6 * 234 * 2^n - 847 * 5,40,13
(2) * 3 * 11 * 2 * 19 * 2^n - 13 * 5 * 59,40,13
(2) * 3 * 11 * 2 * 19 * 2^n - 13 * 5 * 167,40,13
(2) * 3 * 11 * 2 * 83 * 2^n - 13 * 5 * 31,40,13
(2) * 3 * 11 * 2 * 103 * 2^n - 13 * 5 * 41,40,13
465 * 2^n - 1,40,13
2^n + 13635 * 5,40,13
2^n * 33 + 5213,40,13
6 * 161 * 2^n - 335 * 5,39,13
6 * 181 * 2^n - 715 * 5,39,13
6 * 188 * 2^n - 245 * 5,39,13
6 * 212 * 2^n - 721 * 5,39,13
2 * 3 * 48 * 2^n - 79 * 5,39,13
2 * 3 * 52 * 2^n - 37 * 5,39,13
2 * 3 * 86 * 2^n - 41 * 5,39,13
(2) * 3 * 11 * 2 * 16 * 2^n - 13 * 5 * 25,39,13
(2) * 3 * 11 * 2 * 2 * 2^n - 13 * 5 * 43,39,13
(2) * 3 * 11 * 2 * 157 * 2^n - 13 * 5 * 47,39,13
2^n - 2805,39,13
2^n * 33 + 1805,39,13
2^n + 3867 * 5,38,13
2^n + 2751 * 5,38,13
2^n + 1377 * 5,38,13
2^n + 1581 * 5,38,13
2^n + 1539 * 5,38,13
6 * 11 * 2^n - 5 * 5,38,13
6 * 74 * 2^n - 985 * 5,38,13
6 * 77 * 2^n - 295 * 5,38,13
6 * 91 * 2^n - 781 * 5,38,13
6 * 121 * 2^n - 377 * 5,38,13
6 * 253 * 2^n - 301 * 5,38,13
2 * 3 * 18 * 2^n - 59 * 5,38,13
2 * 3 * 52 * 2^n - 71 * 5,38,13
2 * 3 * 66 * 2^n - 95 * 5,38,13
2 * 3 * 98 * 2^n - 23 * 5,38,13
(2) * 3 * 11 * 2 * 17 * 2^n - 13 * 5 * 185,38,13
(2) * 3 * 11 * 2 * 23 * 2^n - 13 * 5 * 193,38,13
(2) * 3 * 11 * 2 * 29 * 2^n - 13 * 5 * 107,38,13
(2) * 3 * 11 * 2 * 173 * 2^n - 13 * 5 * 41,38,13
2^n + 9579 * 5,38,13
2^n + 10545 * 5,38,13
2^n + 16329 * 5,38,13
2^n + 4275 * 5,37,13
6 * 247 * 2^n - 913 * 5,37,13
2 * 3 * 38 * 2^n - 79 * 5,37,13
2 * 3 * 44 * 2^n - 83 * 5,37,13
2 * 3 * 58 * 2^n - 13 * 5,37,13
2 * 3 * 19 * 28 * 2^n - 25 * 5,37,13
2 * 3 * 11 * 12956 * 2^n - 25 * 5,37,13
(2) * 3 * 11 * 2 * 11 * 2^n - 13 * 5 * 161,37,13
(2) * 3 * 11 * 2 * 193 * 2^n - 13 * 5 * 179,37,13
6 * 1 * 2^n - 7 * 5,37,13
5 * 1757163 * 2^n - 1,37,13
1869 * 2^n + 1,37,13
2^n + 15489 * 5,37,13
6 * 1 * 2^n - 913 * 5,36,13
6 * 14 * 2^n - 253 * 5,36,13
6 * 17 * 2^n - 11 * 5,36,13
6 * 47 * 2^n - 737 * 5,36,13
6 * 64 * 2^n - 913 * 5,36,13
6 * 69 * 2^n - 547 * 5,36,13
6 * 114 * 2^n - 467 * 5,36,13
6 * 221 * 2^n - 815 * 5,36,13
2 * 3 * 27 * 2^n - 55 * 5,36,13
2 * 3 * 42 * 2^n - 13 * 5,36,13
2 * 3 * 68 * 2^n - 53 * 5,36,13
2 * 3 * 77 * 2^n - 13 * 5,36,13
4967358 * 5 * 2^n - 1,36,13
(2) * 3 * 11 * 2 * 2 * 2^n - 13 * 5 * 4099,36,13
(2) * 3 * 11 * 2 * 14 * 2^n - 13 * 5 * 17,36,13
(2) * 3 * 11 * 2 * 19 * 2^n - 13 * 5 * 101,36,13
(2) * 3 * 11 * 2 * 79 * 2^n - 13 * 5 * 179,36,13
1530 * 2^n + 1,36,13
2^n + 11955 * 5,36,13
2^n + 4353 * 5,35,13
2^n + 1713 * 5,35,13
6 * 39 * 2^n - 577 * 5,35,13
6 * 53 * 2^n - 299 * 5,35,13
6 * 106 * 2^n - 119 * 5,35,13
6 * 111 * 2^n - 7 * 5,35,13
6 * 158 * 2^n - 145 * 5,35,13
6 * 209 * 2^n - 163 * 5,35,13
6 * 209 * 2^n - 905 * 5,35,13
2 * 3 * 13 * 2^n - 49 * 5,35,13
2 * 3 * 31 * 2^n - 95 * 5,35,13
2 * 3 * 48 * 2^n - 7 * 5,35,13
2 * 3 * 67 * 2^n - 83 * 5,35,13
(2) * 3 * 11 * 2 * 3 * 2^n - 13 * 5 * 1553,35,13
(2) * 3 * 11 * 2 * 11 * 2^n - 13 * 5 * 113,35,13
(2) * 3 * 11 * 2 * 41 * 2^n - 13 * 5 * 31,35,13
10080 * 2^n - 1,35,13
2^n + 14313 * 5,35,13
2^n * 135546 - 1,35,13
2^n + 6459 * 5,34,13
2^n + 6063 * 5,34,13
2^n + 4023 * 5,34,13
6 * 32 * 2^n - 713 * 5,34,13
6 * 66 * 2^n - 667 * 5,34,13
6 * 89 * 2^n - 989 * 5,34,13
6 * 96 * 2^n - 253 * 5,34,13
6 * 111 * 2^n - 805 * 5,34,13
6 * 139 * 2^n - 77 * 5,34,13
6 * 143 * 2^n - 911 * 5,34,13
6 * 168 * 2^n - 425 * 5,34,13
6 * 174 * 2^n - 721 * 5,34,13
6 * 176 * 2^n - 5 * 5,34,13
6 * 182 * 2^n - 701 * 5,34,13
6 * 222 * 2^n - 385 * 5,34,13
2 * 3 * 43 * 2^n - 17 * 5,34,13
2 * 3 * 71 * 2^n - 91 * 5,34,13
(2) * 3 * 11 * 2 * 1721 * 2^n - 13 * 5 * 2957,34,13
(2) * 3 * 11 * 2 * 5981 * 2^n - 13 * 5 * 8363,34,13
2^n + 363 * 5,34,13
2^n * 845610 - 1,34,13
2^n * 33 + 5117,34,13
2^n * 33 + 5747,34,13
2^n + 5559 * 5,33,13
2^n + 1575 * 5,33,13
6 * 39 * 2^n - 565 * 5,33,13
6 * 56 * 2^n - 415 * 5,33,13
6 * 67 * 2^n - 559 * 5,33,13
6 * 88 * 2^n - 755 * 5,33,13
6 * 143 * 2^n - 235 * 5,33,13
6 * 161 * 2^n - 463 * 5,33,13
6 * 161 * 2^n - 685 * 5,33,13
6 * 188 * 2^n - 473 * 5,33,13
6 * 209 * 2^n - 625 * 5,33,13
6 * 242 * 2^n - 775 * 5,33,13
6 * 246 * 2^n - 371 * 5,33,13
6 * 251 * 2^n - 119 * 5,33,13
2 * 3 * 7 * 2^n - 97 * 5,33,13
2 * 3 * 27 * 2^n - 35 * 5,33,13
2 * 3 * 28 * 2^n - 71 * 5,33,13
2 * 3 * 36 * 2^n - 25 * 5,33,13
2 * 3 * 62 * 2^n - 23 * 5,33,13
2 * 3 * 11 * 288 * 2^n - 13 * 5,33,13
1890 * 2^n - 1,33,13
2^n + 15309 * 5,33,13
2^n + 15963 * 5,33,13
2^n - 5025,33,13
2^n - 61845,33,13
6 * 23 * 2^n - 871 * 5,32,13
6 * 26 * 2^n - 959 * 5,32,13
6 * 68 * 2^n - 43 * 5,32,13
6 * 153 * 2^n - 401 * 5,32,13
6 * 188 * 2^n - 221 * 5,32,13
6 * 249 * 2^n - 773 * 5,32,13
2 * 3 * 47 * 2^n - 7 * 5,32,13
2 * 3 * 69 * 2^n - 25 * 5,32,13
(2) * 3 * 11 * 2 * 9 * 2^n - 13 * 5 * 25,32,13
2 * 3 * 1 * 2^n - 539 * 5,32,13
5820 * 2^n - 1,32,13
2^n + 15039 * 5,32,13
2^n - 43329,32,13
2^n * 33 + 115,32,13
6 * 3 * 2^n - 25 * 5,31,13
6 * 28 * 2^n - 863 * 5,31,13
6 * 37 * 2^n - 145 * 5,31,13
6 * 46 * 2^n - 959 * 5,31,13
6 * 66 * 2^n - 217 * 5,31,13
6 * 121 * 2^n - 119 * 5,31,13
6 * 172 * 2^n - 313 * 5,31,13
6 * 177 * 2^n - 901 * 5,31,13
6 * 191 * 2^n - 299 * 5,31,13
6 * 206 * 2^n - 889 * 5,31,13
6 * 219 * 2^n - 397 * 5,31,13
6 * 232 * 2^n - 539 * 5,31,13
6 * 233 * 2^n - 419 * 5,31,13
6 * 236 * 2^n - 343 * 5,31,13
6 * 236 * 2^n - 725 * 5,31,13
6 * 249 * 2^n - 689 * 5,31,13
2 * 3 * 4 * 2^n - 61 * 5,31,13
2 * 3 * 17 * 2^n - 23 * 5,31,13
354 * 2^n + 1,31,13
(2) * 3 * 11 * 2 * 3 * 2^n - 13 * 5 * 37,31,13
(2) * 3 * 11 * 2 * 41 * 2^n - 13 * 5 * 193,31,13
(2) * 3 * 11 * 2 * 79 * 2^n - 13 * 5 * 71,31,13
(2) * 3 * 11 * 2 * 167 * 2^n - 13 * 5 * 139,31,13
(2) * 3 * 11 * 2 * 191 * 2^n - 13 * 5 * 151,31,13
(2) * 3 * 11 * 2 * 193 * 2^n - 13 * 5 * 67,31,13
1650 * 2^n - 1,31,13
3540 * 2^n - 1,31,13
10659 * 2^n - 1,31,13
2^n + 15399 * 5,31,13
2^n - 13299,31,13
2^n + 5067 * 5,30,13
6 * 41 * 2^n - 583 * 5,30,13
6 * 84 * 2^n - 925 * 5,30,13
6 * 94 * 2^n - 347 * 5,30,13
6 * 101 * 2^n - 967 * 5,30,13
6 * 167 * 2^n - 407 * 5,30,13
6 * 183 * 2^n - 529 * 5,30,13
6 * 187 * 2^n - 277 * 5,30,13
6 * 187 * 2^n - 821 * 5,30,13
6 * 192 * 2^n - 211 * 5,30,13
6 * 201 * 2^n - 869 * 5,30,13
6 * 217 * 2^n - 907 * 5,30,13
2 * 3 * 2 * 2^n - 47 * 5,30,13
2 * 3 * 18 * 2^n - 91 * 5,30,13
2 * 3 * 57 * 2^n - 67 * 5,30,13
4176 * 2^n + 1,30,13
2^n * 971991 - 1,30,13
2^n - 32565,30,13
2^n - 68949,30,13
6 * 82 * 2^n - 95 * 5,29,13
6 * 41 * 2^n - 151 * 5,29,13
6 * 52 * 2^n - 977 * 5,29,13
6 * 62 * 2^n - 575 * 5,29,13
6 * 83 * 2^n - 11 * 5,29,13
6 * 77 * 2^n - 233 * 5,29,13
6 * 77 * 2^n - 575 * 5,29,13
6 * 86 * 2^n - 325 * 5,29,13
6 * 88 * 2^n - 797 * 5,29,13
6 * 103 * 2^n - 491 * 5,29,13
6 * 118 * 2^n - 455 * 5,29,13
6 * 143 * 2^n - 79 * 5,29,13
6 * 153 * 2^n - 365 * 5,29,13
6 * 159 * 2^n - 655 * 5,29,13
6 * 172 * 2^n - 425 * 5,29,13
6 * 177 * 2^n - 629 * 5,29,13
6 * 197 * 2^n - 467 * 5,29,13
6 * 199 * 2^n - 217 * 5,29,13
6 * 204 * 2^n - 503 * 5,29,13
6 * 226 * 2^n - 115 * 5,29,13
6 * 229 * 2^n - 989 * 5,29,13
(2) * 3 * 11 * 2 * 3863 * 2^n - 13 * 5 * 1223,29,13
(2) * 3 * 11 * 2 * 6029 * 2^n - 13 * 5 * 2011,29,13
(2) * 3 * 11 * 2 * 599 * 2^n - 13 * 5 * 8761,29,13
(2) * 3 * 11 * 2 * 11 * 2^n - 13 * 5 * 145,29,13
6279 * 2^n - 1,29,13
2^n * 475905 - 1,29,13
2^n - 8055,29,13
2^n * 33 + 5215,29,13
6 * 6 * 2^n - 353 * 5,28,13
6 * 23 * 2^n - 101 * 5,28,13
6 * 32 * 2^n - 89 * 5,28,13
6 * 34 * 2^n - 457 * 5,28,13
6 * 41 * 2^n - 77 * 5,28,13
6 * 43 * 2^n - 251 * 5,28,13
6 * 66 * 2^n - 709 * 5,28,13
6 * 71 * 2^n - 371 * 5,28,13
6 * 74 * 2^n - 587 * 5,28,13
6 * 77 * 2^n - 449 * 5,28,13
6 * 81 * 2^n - 811 * 5,28,13
6 * 84 * 2^n - 247 * 5,28,13
6 * 102 * 2^n - 707 * 5,28,13
6 * 121 * 2^n - 35 * 5,28,13
6 * 122 * 2^n - 373 * 5,28,13
6 * 123 * 2^n - 881 * 5,28,13
6 * 124 * 2^n - 407 * 5,28,13
6 * 126 * 2^n - 781 * 5,28,13
6 * 133 * 2^n - 155 * 5,28,13
6 * 138 * 2^n - 925 * 5,28,13
6 * 139 * 2^n - 217 * 5,28,13
6 * 143 * 2^n - 989 * 5,28,13
6 * 168 * 2^n - 205 * 5,28,13
6 * 189 * 2^n - 983 * 5,28,13
6 * 197 * 2^n - 739 * 5,28,13
6 * 207 * 2^n - 847 * 5,28,13
6 * 212 * 2^n - 29 * 5,28,13
6 * 227 * 2^n - 631 * 5,28,13
6 * 229 * 2^n - 7 * 5,28,13
6 * 243 * 2^n - 485 * 5,28,13
6 * 247 * 2^n - 853 * 5,28,13
(2) * 3 * 11 * 2 * 2 * 2^n - 13 * 5 * 5471,28,13
4901 * 2^n + 1,28,13
5256 * 2^n - 1,28,13
2^n + 1309 * 5,28,13
2^n + 7735 * 5,28,13
2^n + 8445 * 5,28,13
2^n + 10449 * 5,28,13
2^n * 67144 - 1,28,13
2^n * 33 + 973,28,13
2^n * 33 + 2305,28,13
2^n * 33 + 2645,28,13
6 * 39 * 2^n - 625 * 5,27,13
6 * 77 * 2^n - 173 * 5,27,13
6 * 77 * 2^n - 391 * 5,27,13
6 * 88 * 2^n - 661 * 5,27,13
6 * 91 * 2^n - 409 * 5,27,13
6 * 109 * 2^n - 587 * 5,27,13
6 * 117 * 2^n - 709 * 5,27,13
6 * 123 * 2^n - 913 * 5,27,13
6 * 127 * 2^n - 203 * 5,27,13
6 * 163 * 2^n - 689 * 5,27,13
6 * 166 * 2^n - 29 * 5,27,13
6 * 169 * 2^n - 593 * 5,27,13
6 * 171 * 2^n - 743 * 5,27,13
6 * 189 * 2^n - 751 * 5,27,13
6 * 198 * 2^n - 5 * 5,27,13
6 * 234 * 2^n - 347 * 5,27,13
6 * 237 * 2^n - 875 * 5,27,13
6 * 239 * 2^n - 629 * 5,27,13
2 * 3 * 51 * 2^n - 29 * 5,27,13
2 * 3 * 73 * 2^n - 47 * 5,27,13
(2) * 3 * 11 * 2 * 6421 * 2^n - 13 * 5 * 8969,27,13
(2) * 3 * 11 * 2 * 14 * 2^n - 13 * 5 * 269,27,13
3675 * 2^n + 1,27,13
6670 * 2^n - 1,27,13
7089 * 2^n - 1,27,13
2^n + 6643 * 5,27,13
2^n + 10699 * 5,27,13
2^n - 2365,27,13
2^n - 39835,27,13
2^n - 45829,27,13
2^n - 55935,27,13
2^n * 33 + 4795,27,13
2^n + 4945 * 5,26,13
2^n + 4399 * 5,26,13
2^n + 1333 * 5,26,13
2 * 3 * 1 * 2^n - 77 * 5,26,13
6 * 62 * 2^n - 77 * 5,26,13
6 * 7 * 2^n - 881 * 5,26,13
6 * 13 * 2^n - 431 * 5,26,13
6 * 18 * 2^n - 73 * 5,26,13
6 * 18 * 2^n - 587 * 5,26,13
6 * 44 * 2^n - 733 * 5,26,13
6 * 61 * 2^n - 37 * 5,26,13
6 * 67 * 2^n - 175 * 5,26,13
6 * 73 * 2^n - 557 * 5,26,13
6 * 81 * 2^n - 733 * 5,26,13
6 * 97 * 2^n - 721 * 5,26,13
6 * 98 * 2^n - 461 * 5,26,13
6 * 101 * 2^n - 49 * 5,26,13
6 * 132 * 2^n - 541 * 5,26,13
6 * 148 * 2^n - 563 * 5,26,13
6 * 157 * 2^n - 623 * 5,26,13
6 * 164 * 2^n - 187 * 5,26,13
6 * 168 * 2^n - 241 * 5,26,13
6 * 174 * 2^n - 631 * 5,26,13
6 * 179 * 2^n - 755 * 5,26,13
6 * 184 * 2^n - 559 * 5,26,13
6 * 193 * 2^n - 853 * 5,26,13
6 * 196 * 2^n - 691 * 5,26,13
6 * 203 * 2^n - 811 * 5,26,13
6 * 217 * 2^n - 587 * 5,26,13
2 * 3 * 22 * 2^n - 67 * 5,26,13
2 * 3 * 82 * 2^n - 55 * 5,26,13
(1 + 10) * 2^(n - 8 + 1) - (2 + 1),26,13
(2) * 3 * 11 * 2 * 41 * 2^n - 13 * 5 * 139,26,13
2436 * 2^n - 1,26,13
5626 * 2^n - 1,26,13
8316 * 2^n - 1,26,13
2^n + 13585 * 5,26,13
2^n + 13837 * 5,26,13
2^n * 673071 - 1,26,13
2^n * 717456 - 1,26,13
2^n * 592761 - 1,26,13
2^n * 198175 - 1,26,13
2^n - 82239,26,13
2^n - 511,26,13
2^n - 34005,26,13
2^n * 33 + 1217,26,13
2^n + 6391 * 5,25,13
2^n + 6415 * 5,25,13
2^n + 3213 * 5,25,13
6 * 31 * 2^n - 281 * 5,25,13
6 * 31 * 2^n - 449 * 5,25,13
6 * 77 * 2^n - 157 * 5,25,13
6 * 82 * 2^n - 415 * 5,25,13
6 * 97 * 2^n - 557 * 5,25,13
6 * 101 * 2^n - 719 * 5,25,13
6 * 107 * 2^n - 377 * 5,25,13
6 * 118 * 2^n - 653 * 5,25,13
6 * 131 * 2^n - 191 * 5,25,13
6 * 171 * 2^n - 229 * 5,25,13
6 * 174 * 2^n - 589 * 5,25,13
6 * 177 * 2^n - 217 * 5,25,13
6 * 221 * 2^n - 835 * 5,25,13
6 * 233 * 2^n - 829 * 5,25,13
2 * 3 * 19 * 31 * 2^n - 25 * 5,25,13
47 * 2^(n - 3) - 79,25,13
47 * 2^(n - 7) - 79,25,13
(2) * 3 * 11 * 2 * 73 * 2^n - 13 * 5 * 79,25,13
5 * 19 * 3^n + 2 * 79,25,13
5 * 19 * 3^n + 2 * 82,25,13
2101 * 2^n - 1,25,13
2136 * 2^n - 1,25,13
3771 * 2^n - 1,25,13
2^n + 11161 * 5,25,13
2^n + 16183 * 5,25,13
2^n * 112161 - 1,25,13
2^n * 69636 - 1,25,13
2^n - 3331,25,13
2^n - 14871,25,13
2^n - 37761,25,13
2^n - 41629,25,13
2^n * 33 + 2795,25,13
2^n + 1645 * 5,24,13
6 * 14 * 2^n - 241 * 5,24,13
6 * 17 * 2^n - 511 * 5,24,13
6 * 51 * 2^n - 881 * 5,24,13
6 * 57 * 2^n - 175 * 5,24,13
6 * 73 * 2^n - 247 * 5,24,13
6 * 88 * 2^n - 775 * 5,24,13
6 * 103 * 2^n - 835 * 5,24,13
6 * 113 * 2^n - 55 * 5,24,13
6 * 169 * 2^n - 349 * 5,24,13
6 * 186 * 2^n - 559 * 5,24,13
6 * 187 * 2^n - 769 * 5,24,13
6 * 212 * 2^n - 349 * 5,24,13
6 * 227 * 2^n - 803 * 5,24,13
6 * 238 * 2^n - 989 * 5,24,13
(2) * 3 * 11 * 2 * 59 * 2^n - 13 * 5 * 107,24,13
796 * 2^n - 1,24,13
2^n + 219,24,13
2^n + 611,24,13
5^n + 342,24,13
2^n + 4597 * 5,24,13
2^n * 13179 - 1,24,13
2^n - 36639,24,13
2^n - 24969,24,13
2^n - 34369,24,13
2^n - 69315,24,13
6 * 11 * 2^n - 443 * 5,23,13
6 * 61 * 2^n - 455 * 5,23,13
6 * 82 * 2^n - 571 * 5,23,13
6 * 92 * 2^n - 767 * 5,23,13
6 * 148 * 2^n - 761 * 5,23,13
6 * 161 * 2^n - 709 * 5,23,13
6 * 168 * 2^n - 17 * 5,23,13
6 * 168 * 2^n - 809 * 5,23,13
6 * 174 * 2^n - 889 * 5,23,13
6 * 208 * 2^n - 841 * 5,23,13
6 * 222 * 2^n - 181 * 5,23,13
6 * 224 * 2^n - 653 * 5,23,13
6 * 226 * 2^n - 713 * 5,23,13
5161655 * 5 * 2^n - 1,23,13
894 * 2^n - 1,23,13
10401 * 2^n - 1,23,13
2^n + 3835 * 5,23,13
2^n + 8587 * 5,23,13
2^n + 10153 * 5,23,13
2^n + 12661 * 5,23,13
2^n + 13669 * 5,23,13
2^n + 190533 * n * 5,23,13
2^n * 28444 - 1,23,13
2^n - 13135,23,13
2^n * 33 + 3293,23,13
2^n * 33 + 3733,23,13
2^n * 33 + 5287,23,13
2^n + 7321 * 5,22,13
2^n + 5311 * 5,22,13
2^n + 5155 * 5,22,13
2^n + 1165 * 5,22,13
6 * 82 * 2^n - 349 * 5,22,13
6 * 123 * 2^n - 499 * 5,22,13
6 * 129 * 2^n - 341 * 5,22,13
6 * 149 * 2^n - 661 * 5,22,13
6 * 152 * 2^n - 263 * 5,22,13
6 * 207 * 2^n - 695 * 5,22,13
6 * 226 * 2^n - 917 * 5,22,13
6 * 247 * 2^n - 523 * 5,22,13
43 * 2^(n - 2) - 73,22,13
(2) * 3 * 11 * 2 * 113 * 2^n - 13 * 5 * 59,22,13
3^n + 664,22,13
2^n + 4987 * 5,22,13
2^n + 10801 * 5,22,13
2^n + 11653 * 5,22,13
2^n + 14119 * 5,22,13
2^n + 16321 * 5,22,13
2^n * 87724 - 1,22,13
2^n - 95161,22,13
2^n - 49365,22,13
2^n - 55245,22,13
2^n * 33 + 3887,22,13
65 * 2^n + 1,21,13
6 * 81 * 2^n - 689 * 5,21,13
6 * 112 * 2^n - 5 * 5,21,13
6 * 122 * 2^n - 551 * 5,21,13
6 * 163 * 2^n - 955 * 5,21,13
6 * 216 * 2^n - 59 * 5,21,13
3706 * 2^n - 1,21,13
4781 * 2^n + 1,21,13
1 + 2^n + 64,21,13
2^n + 65,21,13
2^n + 13 * 5,21,13
2^n - 99,21,13
2^n - 1615,21,13
2^n - 5631,21,13
2^n + 11473 * 5,21,13
2^n + 14125 * 5,21,13
2^n * 286495 - 1,21,13
2^n * 649285 - 1,21,13
2^n * 550606 - 1,21,13
2^n * 39361 - 1,21,13
2^n - 619,21,13
2^n - 4315,21,13
2^n - 4159,21,13
2^n - 3745,21,13
2^n - 28461,21,13
2^n - 48315,21,13
2^n * 866614 - 1,20,13
2^n * 910105 - 1,20,13
2^n - 3769,20,13
2^n - 5521,20,13
2^n - 8329,20,13
2^n - 51591,20,13
2 * 3 * 44 * 2^n - 13 * 5,54,12
2^n + 555555,52,12
2 * 3 * 52 * 2^n - 11 * 5,48,12
2 * 3 * 73 * 2^n - 85 * 5,48,12
2 * 3 * 87 * 2^n - 71 * 5,48,12
2 * 3 * 34 * 2^n - 65 * 5,47,12
2 * 3 * 64 * 2^n - 5 * 5,47,12
2 * 3 * 98 * 2^n - 73 * 5,47,12
(2) * 3 * 11 * 2 * 157 * 2^n - 13 * 5 * 101,47,12
2 * 3 * 21 * 2^n - 97 * 5,46,12
2 * 3 * 69 * 2^n - 79 * 5,46,12
2 * 3 * 11 * 289 * 2^n - 13 * 5,46,12
2^n + 11919 * 5,46,12
2^n + 2775 * 5,45,12
2^n + 2091 * 5,45,12
2 * 3 * 13 * 2^n - 23 * 5,45,12
2 * 3 * 29 * 2^n - 59 * 5,45,12
2 * 3 * 94 * 2^n - 77 * 5,45,12
2^n + 33 * 5,45,12
2^n * 33 + 5425,45,12
2 * 3 * 14 * 2^n - 1 * 5,44,12
2 * 3 * 19 * 2^n - 67 * 5,44,12
2 * 3 * 37 * 2^n - 13 * 5,44,12
2 * 3 * 38 * 2^n - 65 * 5,44,12
2 * 3 * 44 * 2^n - 49 * 5,44,12
2 * 3 * 69 * 2^n - 37 * 5,44,12
2 * 3 * 76 * 2^n - 67 * 5,44,12
2 * 3 * 11 * 151 * 2^n - 13 * 5,44,12
(2) * 3 * 11 * 2 * 3 * 2^n - 13 * 5 * 13,44,12
(2) * 3 * 11 * 2 * 139 * 2^n - 13 * 5 * 181,44,12
2^n + 4017 * 5,43,12
2 * 3 * 11 * 2^n - 73 * 5,43,12
2 * 3 * 53 * 2^n - 17 * 5,43,12
2 * 3 * 78 * 2^n - 41 * 5,43,12
2 * 3 * 86 * 2^n - 5 * 5,43,12
2 * 3 * 1391848 * 2^n - 25 * 5,43,12
(2) * 3 * 11 * 2 * 181 * 2^n - 13 * 5 * 139,43,12
2^n + 8193 * 5,43,12
2^n + 12495 * 5,43,12
2^n + 6753 * 5,42,12
6 * 91 * 2^n - 829 * 5,42,12
6 * 182 * 2^n - 829 * 5,42,12
2 * 3 * 27 * 2^n - 29 * 5,42,12
2 * 3 * 56 * 2^n - 1 * 5,42,12
2 * 3 * 56 * 2^n - 67 * 5,42,12
2 * 3 * 57 * 2^n - 91 * 5,42,12
2 * 3 * 89 * 2^n - 65 * 5,42,12
(2) * 3 * 11 * 2 * 157 * 2^n - 13 * 5 * 59,42,12
2^n + 6921 * 5,41,12
2^n + 4347 * 5,41,12
2^n + 987 * 5,41,12
2 * 3 * 14 * 2^n - 79 * 5,41,12
2 * 3 * 51 * 2^n - 83 * 5,41,12
2 * 3 * 79 * 2^n - 89 * 5,41,12
2 * 3 * 11 * 163 * 2^n - 13 * 5,41,12
(2) * 3 * 11 * 2 * 163 * 2^n - 13 * 5 * 37,41,12
2^n + 7971 * 5,40,12
2^n + 3309 * 5,40,12
6 * 38 * 2^n - 7 * 5,40,12
6 * 61 * 2^n - 247 * 5,40,12
6 * 221 * 2^n - 173 * 5,40,12
2 * 3 * 13 * 2^n - 35 * 5,40,12
2 * 3 * 14 * 2^n - 13 * 5,40,12
2 * 3 * 26 * 2^n - 35 * 5,40,12
2 * 3 * 33 * 2^n - 91 * 5,40,12
2 * 3 * 47 * 2^n - 85 * 5,40,12
2 * 3 * 49 * 2^n - 5 * 5,40,12
(2) * 3 * 11 * 2 * 7 * 2^n - 13 * 5 * 109,40,12
(2) * 3 * 11 * 2 * 41 * 2^n - 13 * 5 * 5,40,12
(2) * 3 * 11 * 2 * 73 * 2^n - 13 * 5 * 167,40,12
(2) * 3 * 11 * 2 * 89 * 2^n - 13 * 5 * 83,40,12
(2) * 3 * 11 * 2 * 97 * 2^n - 13 * 5 * 61,40,12
(2) * 3 * 11 * 2 * 197 * 2^n - 13 * 5 * 53,40,12
2^n + 8295 * 5,40,12
2^n * 33 + 3815,40,12
2^n + 5187 * 5,39,12
2^n + 1293 * 5,39,12
6 * 91 * 2^n - 869 * 5,39,12
6 * 143 * 2^n - 155 * 5,39,12
6 * 143 * 2^n - 667 * 5,39,12
6 * 187 * 2^n - 317 * 5,39,12
6 * 238 * 2^n - 155 * 5,39,12
2 * 3 * 31 * 2^n - 29 * 5,39,12
2 * 3 * 32 * 2^n - 31 * 5,39,12
2 * 3 * 41 * 2^n - 37 * 5,39,12
2 * 3 * 88 * 2^n - 47 * 5,39,12
2 * 3 * 98 * 2^n - 85 * 5,39,12
(2) * 3 * 11 * 2 * 3 * 2^n - 13 * 5 * 983,39,12
(2) * 3 * 11 * 2 * 17 * 2^n - 13 * 5 * 13,39,12
(2) * 3 * 11 * 2 * 163 * 2^n - 13 * 5 * 43,39,12
2^n + 15225 * 5,39,12
2^n + 7773 * 5,38,12
2^n + 591 * 5,38,12
6 * 187 * 2^n - 91 * 5,38,12
6 * 232 * 2^n - 859 * 5,38,12
2 * 3 * 8 * 2^n - 49 * 5,38,12
2 * 3 * 22 * 2^n - 97 * 5,38,12
2 * 3 * 51 * 2^n - 41 * 5,38,12
2 * 3 * 91 * 2^n - 83 * 5,38,12
(2) * 3 * 11 * 2 * 3 * 2^n - 13 * 5 * 5197,38,12
(2) * 3 * 11 * 2 * 83 * 2^n - 13 * 5 * 371,38,12
(2) * 3 * 11 * 2 * 1 * 2^n - 13 * 5 * 203,38,12
(2) * 3 * 11 * 2 * 3 * 2^n - 13 * 5 * 89,38,12
(2) * 3 * 11 * 2 * 191 * 2^n - 13 * 5 * 43,38,12
2^n + 7689 * 5,38,12
2^n + 9435 * 5,38,12
2^n + 10491 * 5,38,12
2^n + 12729 * 5,38,12
2^n + 12921 * 5,38,12
2^n + 8235 * 5,37,12
2^n + 3135 * 5,37,12
6 * 99 * 2^n - 19 * 5,37,12
6 * 44 * 2^n - 251 * 5,37,12
6 * 101 * 2^n - 473 * 5,37,12
6 * 113 * 2^n - 143 * 5,37,12
6 * 126 * 2^n - 563 * 5,37,12
6 * 133 * 2^n - 467 * 5,37,12
6 * 151 * 2^n - 301 * 5,37,12
6 * 182 * 2^n - 527 * 5,37,12
6 * 189 * 2^n - 551 * 5,37,12
6 * 206 * 2^n - 935 * 5,37,12
6 * 207 * 2^n - 77 * 5,37,12
6 * 247 * 2^n - 61 * 5,37,12
2 * 3 * 6 * 2^n - 49 * 5,37,12
2 * 3 * 23 * 2^n - 83 * 5,37,12
2 * 3 * 26 * 2^n - 79 * 5,37,12
2 * 3 * 39 * 2^n - 59 * 5,37,12
2 * 3 * 46 * 2^n - 91 * 5,37,12
2 * 3 * 52 * 2^n - 85 * 5,37,12
2 * 3 * 56 * 2^n - 65 * 5,37,12
2 * 3 * 63 * 2^n - 65 * 5,37,12
2 * 3 * 78 * 2^n - 5 * 5,37,12
2 * 3 * 86 * 2^n - 61 * 5,37,12
2 * 3 * 97 * 2^n - 43 * 5,37,12
(2) * 3 * 11 * 2 * 2 * 2^n - 13 * 5 * 7057,37,12
(2) * 3 * 11 * 2 * 17 * 2^n - 13 * 5 * 229,37,12
2730 * 2^n + 1,37,12
2^n + 4407 * 5,37,12
2^n + 6039 * 5,37,12
2^n + 15795 * 5,37,12
2^n + 16245 * 5,37,12
2^n - 3741,37,12
2^n - 36315,37,12
2^n - 38085,37,12
2^n - 46665,37,12
2^n + 3801 * 5,36,12
2^n + 3297 * 5,36,12
2^n + 2547 * 5,36,12
6 * 49 * 2^n - 73 * 5,36,12
6 * 2 * 2^n - 167 * 5,36,12
6 * 156 * 2^n - 77 * 5,36,12
6 * 164 * 2^n - 869 * 5,36,12
6 * 176 * 2^n - 287 * 5,36,12
6 * 191 * 2^n - 329 * 5,36,12
6 * 201 * 2^n - 365 * 5,36,12
6 * 238 * 2^n - 223 * 5,36,12
6 * 252 * 2^n - 433 * 5,36,12
2 * 3 * 14 * 2^n - 43 * 5,36,12
2 * 3 * 31 * 2^n - 35 * 5,36,12
2 * 3 * 93 * 2^n - 73 * 5,36,12
(2) * 3 * 11 * 2 * 1433 * 2^n - 13 * 5 * 8069,36,12
(2) * 3 * 11 * 2 * 5501 * 2^n - 13 * 5 * 1459,36,12
(2) * 3 * 11 * 2 * 7 * 2^n - 13 * 5 * 235,36,12
(2) * 3 * 11 * 2 * 8 * 2^n - 13 * 5 * 221,36,12
(2) * 3 * 11 * 2 * 139 * 2^n - 13 * 5 * 199,36,12
(2) * 3 * 11 * 2 * 199 * 2^n - 13 * 5 * 101,36,12
(2) * 3 * 11 * 2 * 109 * 3 * 2^n - 13 * 5 * 193 * 73,36,12
82509 * 5 * 2^n - 1,36,12
2^n + 11133 * 5,36,12
2^n - 21285,36,12
2^n - 22785,36,12
2^n * 33 + 1315,36,12
2^n + 6657 * 5,35,12
2^n + 957 * 5,35,12
6 * 23 * 2^n - 35 * 5,35,12
6 * 11 * 2^n - 287 * 5,35,12
6 * 17 * 2^n - 641 * 5,35,12
6 * 46 * 2^n - 223 * 5,35,12
6 * 61 * 2^n - 613 * 5,35,12
6 * 69 * 2^n - 469 * 5,35,12
6 * 78 * 2^n - 965 * 5,35,12
6 * 99 * 2^n - 665 * 5,35,12
6 * 116 * 2^n - 325 * 5,35,12
6 * 126 * 2^n - 481 * 5,35,12
6 * 147 * 2^n - 13 * 5,35,12
6 * 173 * 2^n - 25 * 5,35,12
6 * 174 * 2^n - 193 * 5,35,12
6 * 193 * 2^n - 671 * 5,35,12
6 * 198 * 2^n - 727 * 5,35,12
6 * 199 * 2^n - 919 * 5,35,12
6 * 203 * 2^n - 65 * 5,35,12
6 * 207 * 2^n - 671 * 5,35,12
6 * 216 * 2^n - 823 * 5,35,12
6 * 221 * 2^n - 409 * 5,35,12
6 * 228 * 2^n - 797 * 5,35,12
2 * 3 * 63 * 2^n - 55 * 5,35,12
2 * 3 * 83 * 2^n - 85 * 5,35,12
(2) * 3 * 11 * 2 * 9 * 2^n - 13 * 5 * 133,35,12
(2) * 3 * 11 * 2 * 17 * 2^n - 13 * 5 * 49,35,12
(2) * 3 * 11 * 2 * 109 * 2^n - 13 * 5 * 127,35,12
(2) * 3 * 11 * 2 * 193 * 2^n - 13 * 5 * 53,35,12
(2) * 3 * 11 * 2 * 109 * 23 * 2^n - 13 * 5 * 193 * 743,35,12
31992 * 5 * 2^n - 1,35,12
2^n + 10317 * 5,35,12
2^n + 10857 * 5,35,12
2^n * 27690 - 1,35,12
2^n * 53394 - 1,35,12
2^n * 33 + 3023,35,12
2^n * 33 + 4193,35,12
2^n + 6573 * 5,34,12
6 * 9 * 2^n - 31 * 5,34,12
6 * 56 * 2^n - 1 * 5,34,12
6 * 42 * 2^n - 425 * 5,34,12
6 * 49 * 2^n - 209 * 5,34,12
6 * 64 * 2^n - 923 * 5,34,12
6 * 99 * 2^n - 427 * 5,34,12
6 * 108 * 2^n - 791 * 5,34,12
6 * 113 * 2^n - 689 * 5,34,12
6 * 131 * 2^n - 611 * 5,34,12
6 * 133 * 2^n - 935 * 5,34,12
6 * 138 * 2^n - 515 * 5,34,12
6 * 141 * 2^n - 451 * 5,34,12
6 * 153 * 2^n - 751 * 5,34,12
6 * 161 * 2^n - 11 * 5,34,12
6 * 166 * 2^n - 247 * 5,34,12
6 * 181 * 2^n - 65 * 5,34,12
6 * 188 * 2^n - 359 * 5,34,12
6 * 196 * 2^n - 673 * 5,34,12
6 * 206 * 2^n - 989 * 5,34,12
6 * 211 * 2^n - 731 * 5,34,12
6 * 221 * 2^n - 61 * 5,34,12
6 * 222 * 2^n - 805 * 5,34,12
6 * 234 * 2^n - 961 * 5,34,12
2 * 3 * 19 * 2^n - 85 * 5,34,12
425724 * 5 * 2^n + 1,34,12
614985 * 5 * 2^n + 1,34,12
(2) * 3 * 11 * 2 * 5273 * 2^n - 13 * 5 * 8647,34,12
(2) * 3 * 11 * 2 * 44 * 2^n - 13 * 5 * 43,34,12
(2) * 3 * 11 * 2 * 2 * 2^n - 13 * 5 * 79,34,12
(2) * 3 * 11 * 2 * 131 * 2^n - 13 * 5 * 157,34,12
22152 * 5 * 2^n - 1,34,12
5955 * 2^n - 1,34,12
2^n + 2121 * 5,34,12
2^n + 9855 * 5,34,12
2^n + 14301 * 5,34,12
2^n + 14973 * 5,34,12
2^n + 16023 * 5,34,12
2^n * 43650 - 1,34,12
2^n * 86085 - 1,34,12
2^n * 5955 - 1,34,12
2^n - 60345,34,12
2^n + 4455 * 5,33,12
2^n + 4497 * 5,33,12
2^n + 1881 * 5,33,12
6 * 27 * 2^n - 781 * 5,33,12
6 * 32 * 2^n - 619 * 5,33,12
6 * 37 * 2^n - 461 * 5,33,12
6 * 42 * 2^n - 95 * 5,33,12
6 * 61 * 2^n - 457 * 5,33,12
6 * 62 * 2^n - 289 * 5,33,12
6 * 73 * 2^n - 163 * 5,33,12
6 * 78 * 2^n - 671 * 5,33,12
6 * 89 * 2^n - 65 * 5,33,12
6 * 99 * 2^n - 395 * 5,33,12
6 * 99 * 2^n - 425 * 5,33,12
6 * 108 * 2^n - 781 * 5,33,12
6 * 111 * 2^n - 431 * 5,33,12
6 * 112 * 2^n - 919 * 5,33,12
6 * 121 * 2^n - 157 * 5,33,12
6 * 132 * 2^n - 877 * 5,33,12
6 * 133 * 2^n - 767 * 5,33,12
6 * 136 * 2^n - 175 * 5,33,12
6 * 141 * 2^n - 25 * 5,33,12
6 * 141 * 2^n - 713 * 5,33,12
6 * 146 * 2^n - 737 * 5,33,12
6 * 148 * 2^n - 461 * 5,33,12
6 * 177 * 2^n - 187 * 5,33,12
6 * 178 * 2^n - 275 * 5,33,12
6 * 179 * 2^n - 371 * 5,33,12
6 * 182 * 2^n - 389 * 5,33,12
6 * 186 * 2^n - 691 * 5,33,12
6 * 193 * 2^n - 341 * 5,33,12
6 * 194 * 2^n - 361 * 5,33,12
6 * 213 * 2^n - 149 * 5,33,12
6 * 234 * 2^n - 679 * 5,33,12
6 * 242 * 2^n - 721 * 5,33,12
6 * 247 * 2^n - 197 * 5,33,12
6 * 247 * 2^n - 521 * 5,33,12
2 * 3 * 7 * 2^n - 71 * 5,33,12
2 * 3 * 9 * 2^n - 13 * 5,33,12
2 * 3 * 21 * 2^n - 53 * 5,33,12
2 * 3 * 27 * 2^n - 59 * 5,33,12
(1 + 6) * 2^(n - 2 + 1) - (8 + 1),33,12
(1 + 6) * 2^(n - 10 + 1) - (8 + 1),33,12
(2) * 3 * 11 * 2 * 3203 * 2^n - 13 * 5 * 2851,33,12
(2) * 3 * 11 * 2 * 2741 * 2^n - 13 * 5 * 5303,33,12
(2) * 3 * 11 * 2 * 7853 * 2^n - 13 * 5 * 6551,33,12
(2) * 3 * 11 * 2 * 2 * 2^n - 13 * 5 * 205,33,12
(2) * 3 * 11 * 2 * 3 * 2^n - 13 * 5 * 119,33,12
(2) * 3 * 11 * 2 * 2 * 2^n - 13 * 5 * 151,33,12
(2) * 3 * 11 * 2 * 67 * 2^n - 13 * 5 * 137,33,12
(2) * 3 * 11 * 2 * 101 * 2^n - 13 * 5 * 79,33,12
(2) * 3 * 11 * 2 * 173 * 2^n - 13 * 5 * 157,33,12
(2) * 3 * 11 * 2 * 197 * 2^n - 13 * 5 * 107,33,12
2 * 3 * 1 * 2^n - 131 * 5,33,12
3864 * 2^n - 1,33,12
2^n + 921,33,12
2^n + 10899 * 5,33,12
2^n - 62319,33,12
2^n * 33 + 5915,33,12
2^n + 3969 * 5,32,12
2^n + 4149 * 5,32,12
6 * 39 * 2^n - 47 * 5,32,12
6 * 6 * 2^n - 137 * 5,32,12
6 * 41 * 2^n - 25 * 5,32,12
6 * 47 * 2^n - 221 * 5,32,12
6 * 52 * 2^n - 85 * 5,32,12
6 * 57 * 2^n - 661 * 5,32,12
6 * 68 * 2^n - 793 * 5,32,12
6 * 76 * 2^n - 221 * 5,32,12
6 * 86 * 2^n - 143 * 5,32,12
6 * 93 * 2^n - 187 * 5,32,12
6 * 98 * 2^n - 653 * 5,32,12
6 * 104 * 2^n - 305 * 5,32,12
6 * 104 * 2^n - 959 * 5,32,12
6 * 114 * 2^n - 647 * 5,32,12
6 * 133 * 2^n - 629 * 5,32,12
6 * 143 * 2^n - 259 * 5,32,12
6 * 147 * 2^n - 557 * 5,32,12
6 * 151 * 2^n - 73 * 5,32,12
6 * 154 * 2^n - 943 * 5,32,12
6 * 163 * 2^n - 607 * 5,32,12
6 * 167 * 2^n - 679 * 5,32,12
6 * 171 * 2^n - 67 * 5,32,12
6 * 177 * 2^n - 847 * 5,32,12
6 * 187 * 2^n - 191 * 5,32,12
6 * 187 * 2^n - 295 * 5,32,12
6 * 211 * 2^n - 311 * 5,32,12
6 * 217 * 2^n - 143 * 5,32,12
6 * 217 * 2^n - 221 * 5,32,12
6 * 228 * 2^n - 661 * 5,32,12
6 * 229 * 2^n - 385 * 5,32,12
6 * 232 * 2^n - 265 * 5,32,12
6 * 234 * 2^n - 253 * 5,32,12
6 * 234 * 2^n - 809 * 5,32,12
6 * 247 * 2^n - 17 * 5,32,12
2 * 3 * 7 * 2^n - 59 * 5,32,12
2 * 3 * 89 * 2^n - 79 * 5,32,12
2 * 3 * 94 * 2^n - 67 * 5,32,12
2 * 3 * 97 * 2^n - 7 * 5,32,12
2 * 3 * 11 * 287 * 2^n - 13 * 5,32,12
(2) * 3 * 11 * 2 * 9817 * 2^n - 13 * 5 * 9341,32,12
(2) * 3 * 11 * 2 * 7 * 2^n - 13 * 5 * 25,32,12
(2) * 3 * 11 * 2 * 7 * 2^n - 13 * 5 * 289,32,12
(2) * 3 * 11 * 2 * 12 * 2^n - 13 * 5 * 115,32,12
(2) * 3 * 11 * 2 * 167 * 2^n - 13 * 5 * 181,32,12
(2) * 3 * 11 * 2 * 181 * 2^n - 13 * 5 * 31,32,12
(2) * 3 * 11 * 2 * 109 * 7 * 2^n - 13 * 5 * 193 * 389,32,12
4^n + 427,32,12
2^n + 10779 * 5,32,12
2^n + 15477 * 5,32,12
2^n * 261330 - 1,32,12
2^n * 80730 - 1,32,12
2^n - 59535,32,12
2^n + 4053 * 5,31,12
2^n + 1053 * 5,31,12
6 * 52 * 2^n - 71 * 5,31,12
6 * 8 * 2^n - 173 * 5,31,12
6 * 23 * 2^n - 523 * 5,31,12
6 * 28 * 2^n - 779 * 5,31,12
6 * 41 * 2^n - 443 * 5,31,12
6 * 42 * 2^n - 569 * 5,31,12
6 * 46 * 2^n - 409 * 5,31,12
6 * 48 * 2^n - 121 * 5,31,12
6 * 57 * 2^n - 145 * 5,31,12
6 * 59 * 2^n - 725 * 5,31,12
6 * 64 * 2^n - 581 * 5,31,12
6 * 66 * 2^n - 295 * 5,31,12
6 * 68 * 2^n - 247 * 5,31,12
6 * 69 * 2^n - 121 * 5,31,12
6 * 86 * 2^n - 83 * 5,31,12
6 * 101 * 2^n - 205 * 5,31,12
6 * 103 * 2^n - 113 * 5,31,12
6 * 114 * 2^n - 481 * 5,31,12
6 * 121 * 2^n - 103 * 5,31,12
6 * 128 * 2^n - 397 * 5,31,12
6 * 139 * 2^n - 121 * 5,31,12
6 * 163 * 2^n - 763 * 5,31,12
6 * 166 * 2^n - 133 * 5,31,12
6 * 167 * 2^n - 781 * 5,31,12
6 * 184 * 2^n - 577 * 5,31,12
6 * 192 * 2^n - 127 * 5,31,12
6 * 203 * 2^n - 971 * 5,31,12
6 * 206 * 2^n - 385 * 5,31,12
6 * 213 * 2^n - 715 * 5,31,12
6 * 214 * 2^n - 203 * 5,31,12
6 * 218 * 2^n - 931 * 5,31,12
6 * 222 * 2^n - 989 * 5,31,12
6 * 226 * 2^n - 797 * 5,31,12
6 * 231 * 2^n - 949 * 5,31,12
6 * 242 * 2^n - 535 * 5,31,12
6 * 243 * 2^n - 767 * 5,31,12
676941 * 5 * 2^n + 1,31,12
(2) * 3 * 11 * 2 * 2 * 2^n - 13 * 5 * 1721,31,12
(2) * 3 * 11 * 2 * 9949 * 2^n - 13 * 5 * 1033,31,12
(2) * 3 * 11 * 2 * 6823 * 2^n - 13 * 5 * 5647,31,12
(2) * 3 * 11 * 2 * 4993 * 2^n - 13 * 5 * 5861,31,12
(2) * 3 * 11 * 2 * 1487 * 2^n - 13 * 5 * 1811,31,12
(2) * 3 * 11 * 2 * 14 * 2^n - 13 * 5 * 37,31,12
(2) * 3 * 11 * 2 * 23 * 2^n - 13 * 5 * 97,31,12
(2) * 3 * 11 * 2 * 107 * 2^n - 13 * 5 * 149,31,12
(2) * 3 * 11 * 2 * 137 * 2^n - 13 * 5 * 43,31,12
5 * 4112823 * 2^n - 1,31,12
2^n + 11121 * 5,31,12
2^n + 13713 * 5,31,12
2^n + 14101 * 5,31,12
2^n + 333 * n * 5,31,12
2^n * 851730 - 1,31,12
2^n - 80925,31,12
2^n - 43389,31,12
2^n * 33 + 2407,31,12
2^n * 33 + 2455,31,12
2^n * 33 + 3835,31,12
2^n * 33 + 3863,31,12
2^n + 3015 * 5,30,12
2 * 3 * 2 * 2^n - 5 * 5,30,12
6 * 6 * 2^n - 71 * 5,30,12
6 * 13 * 2^n - 343 * 5,30,12
6 * 22 * 2^n - 157 * 5,30,12
6 * 31 * 2^n - 121 * 5,30,12
6 * 33 * 2^n - 631 * 5,30,12
6 * 38 * 2^n - 175 * 5,30,12
6 * 41 * 2^n - 515 * 5,30,12
6 * 44 * 2^n - 103 * 5,30,12
6 * 57 * 2^n - 97 * 5,30,12
6 * 57 * 2^n - 433 * 5,30,12
6 * 62 * 2^n - 949 * 5,30,12
6 * 73 * 2^n - 553 * 5,30,12
6 * 73 * 2^n - 917 * 5,30,12
6 * 77 * 2^n - 725 * 5,30,12
6 * 84 * 2^n - 367 * 5,30,12
6 * 111 * 2^n - 137 * 5,30,12
6 * 111 * 2^n - 403 * 5,30,12
6 * 114 * 2^n - 455 * 5,30,12
6 * 121 * 2^n - 335 * 5,30,12
6 * 126 * 2^n - 535 * 5,30,12
6 * 128 * 2^n - 265 * 5,30,12
6 * 129 * 2^n - 373 * 5,30,12
6 * 131 * 2^n - 25 * 5,30,12
6 * 132 * 2^n - 359 * 5,30,12
6 * 133 * 2^n - 463 * 5,30,12
6 * 149 * 2^n - 925 * 5,30,12
6 * 152 * 2^n - 211 * 5,30,12
6 * 156 * 2^n - 437 * 5,30,12
6 * 158 * 2^n - 871 * 5,30,12
6 * 159 * 2^n - 599 * 5,30,12
6 * 161 * 2^n - 199 * 5,30,12
6 * 166 * 2^n - 469 * 5,30,12
6 * 182 * 2^n - 577 * 5,30,12
6 * 184 * 2^n - 755 * 5,30,12
6 * 186 * 2^n - 493 * 5,30,12
6 * 189 * 2^n - 713 * 5,30,12
6 * 193 * 2^n - 199 * 5,30,12
6 * 203 * 2^n - 691 * 5,30,12
6 * 207 * 2^n - 341 * 5,30,12
6 * 221 * 2^n - 857 * 5,30,12
6 * 222 * 2^n - 779 * 5,30,12
6 * 226 * 2^n - 355 * 5,30,12
6 * 228 * 2^n - 845 * 5,30,12
6 * 229 * 2^n - 847 * 5,30,12
6 * 231 * 2^n - 593 * 5,30,12
6 * 239 * 2^n - 643 * 5,30,12
6 * 242 * 2^n - 167 * 5,30,12
6 * 253 * 2^n - 371 * 5,30,12
2 * 3 * 12 * 2^n - 13 * 5,30,12
2 * 3 * 2086472 * 2^n - 25 * 5,30,12
(2) * 3 * 11 * 2 * 29 * 2^n - 13 * 5 * 109,30,12
(2) * 3 * 11 * 2 * 139 * 2^n - 13 * 5 * 131,30,12
(2) * 3 * 11 * 2 * 199 * 2^n - 13 * 5 * 23,30,12
2 * 3 * 1 * 2^n - 7 * 5,30,12
330 * 2^n - 1,30,12
5 * 8652330 * 2^n - 1,30,12
1416 * 2^n + 1,30,12
6825 * 2^n - 1,30,12
2^n + 3885 * 5,30,12
2^n + 4239 * 5,30,12
2^n + 13593 * 5,30,12
2^n + 16191 * 5,30,12
2^n * 39315 - 1,30,12
2^n - 21619,30,12
2^n - 57021,30,12
6 * 1 * 2^n - 131 * 5,29,12
6 * 13 * 2^n - 737 * 5,29,12
6 * 21 * 2^n - 37 * 5,29,12
6 * 42 * 2^n - 551 * 5,29,12
6 * 51 * 2^n - 335 * 5,29,12
6 * 52 * 2^n - 737 * 5,29,12
6 * 56 * 2^n - 221 * 5,29,12
6 * 96 * 2^n - 161 * 5,29,12
6 * 96 * 2^n - 847 * 5,29,12
6 * 102 * 2^n - 847 * 5,29,12
6 * 103 * 2^n - 865 * 5,29,12
6 * 104 * 2^n - 23 * 5,29,12
6 * 104 * 2^n - 197 * 5,29,12
6 * 109 * 2^n - 577 * 5,29,12
6 * 116 * 2^n - 161 * 5,29,12
6 * 116 * 2^n - 727 * 5,29,12
6 * 117 * 2^n - 305 * 5,29,12
6 * 121 * 2^n - 491 * 5,29,12
6 * 133 * 2^n - 491 * 5,29,12
6 * 152 * 2^n - 601 * 5,29,12
6 * 164 * 2^n - 407 * 5,29,12
6 * 169 * 2^n - 301 * 5,29,12
6 * 176 * 2^n - 817 * 5,29,12
6 * 176 * 2^n - 931 * 5,29,12
6 * 187 * 2^n - 575 * 5,29,12
6 * 187 * 2^n - 667 * 5,29,12
6 * 189 * 2^n - 673 * 5,29,12
6 * 193 * 2^n - 509 * 5,29,12
6 * 201 * 2^n - 557 * 5,29,12
6 * 216 * 2^n - 331 * 5,29,12
6 * 224 * 2^n - 79 * 5,29,12
6 * 231 * 2^n - 395 * 5,29,12
6 * 239 * 2^n - 605 * 5,29,12
6 * 241 * 2^n - 341 * 5,29,12
2 * 3 * 63 * 2^n - 59 * 5,29,12
2 * 3 * 64 * 2^n - 95 * 5,29,12
(2) * 3 * 11 * 2 * 2 * 2^n - 13 * 5 * 3943,29,12
(2) * 3 * 11 * 2 * 3 * 2^n - 13 * 5 * 3701,29,12
(2) * 3 * 11 * 2 * 19 * 2^n - 13 * 5 * 43,29,12
(2) * 3 * 11 * 2 * 83 * 2^n - 13 * 5 * 151,29,12
(2) * 3 * 11 * 2 * 107 * 2^n - 13 * 5 * 79,29,12
(2) * 3 * 11 * 2 * 109 * 23 * 2^n - 13 * 5 * 193 * 281,29,12
(2) * 3 * 11 * 2 * 109 * 23 * 2^n - 13 * 5 * 193 * 389,29,12
5 * 57 * 3^n + 2 * 67,29,12
2460 * 2^n - 1,29,12
2955 * 2^n + 1,29,12
4749 * 2^n - 1,29,12
5355 * 2^n - 1,29,12
2^n + 9723 * 5,29,12
2^n + 9867 * 5,29,12
2^n * 803631 - 1,29,12
2^n * 156975 - 1,29,12
2^n * 4749 - 1,29,12
2^n * 5355 - 1,29,12
2^n * 38961 - 1,29,12
2^n - 89145,29,12
2^n - 19305,29,12
2^n - 23199,29,12
2^n * 33 + 4283,29,12
2^n * 33 + 6095,29,12
3^n * 13 + 19 * 2^n + 30,29,12
6 * 1 * 2^n - 539 * 5,28,12
6 * 7 * 2^n - 137 * 5,28,12
6 * 8 * 2^n - 89 * 5,28,12
6 * 21 * 2^n - 247 * 5,28,12
6 * 22 * 2^n - 769 * 5,28,12
6 * 23 * 2^n - 791 * 5,28,12
6 * 26 * 2^n - 571 * 5,28,12
6 * 33 * 2^n - 65 * 5,28,12
6 * 38 * 2^n - 721 * 5,28,12
6 * 44 * 2^n - 745 * 5,28,12
6 * 48 * 2^n - 11 * 5,28,12
6 * 54 * 2^n - 473 * 5,28,12
6 * 61 * 2^n - 221 * 5,28,12
6 * 68 * 2^n - 365 * 5,28,12
6 * 74 * 2^n - 269 * 5,28,12
6 * 92 * 2^n - 101 * 5,28,12
6 * 92 * 2^n - 209 * 5,28,12
6 * 93 * 2^n - 479 * 5,28,12
6 * 94 * 2^n - 317 * 5,28,12
6 * 102 * 2^n - 41 * 5,28,12
6 * 104 * 2^n - 863 * 5,28,12
6 * 108 * 2^n - 259 * 5,28,12
6 * 112 * 2^n - 191 * 5,28,12
6 * 121 * 2^n - 497 * 5,28,12
6 * 134 * 2^n - 199 * 5,28,12
6 * 137 * 2^n - 283 * 5,28,12
6 * 137 * 2^n - 847 * 5,28,12
6 * 147 * 2^n - 341 * 5,28,12
6 * 153 * 2^n - 157 * 5,28,12
6 * 154 * 2^n - 265 * 5,28,12
6 * 173 * 2^n - 91 * 5,28,12
6 * 178 * 2^n - 581 * 5,28,12
6 * 179 * 2^n - 817 * 5,28,12
6 * 182 * 2^n - 839 * 5,28,12
6 * 183 * 2^n - 265 * 5,28,12
6 * 193 * 2^n - 587 * 5,28,12
6 * 198 * 2^n - 259 * 5,28,12
6 * 198 * 2^n - 325 * 5,28,12
6 * 198 * 2^n - 859 * 5,28,12
6 * 198 * 2^n - 917 * 5,28,12
6 * 203 * 2^n - 503 * 5,28,12
6 * 214 * 2^n - 733 * 5,28,12
6 * 221 * 2^n - 997 * 5,28,12
6 * 227 * 2^n - 323 * 5,28,12
6 * 243 * 2^n - 11 * 5,28,12
6 * 248 * 2^n - 883 * 5,28,12
6 * 249 * 2^n - 377 * 5,28,12
2 * 3 * 22 * 2^n - 25 * 5,28,12
2 * 3 * 69 * 2^n - 17 * 5,28,12
2 * 3 * 82 * 2^n - 43 * 5,28,12
326 * 2^n + 1,28,12
7046340 * 5 * 2^n - 1,28,12
4445700 * 5 * 2^n + 1,28,12
(2) * 3 * 11 * 2 * 8 * 2^n - 13 * 5 * 191,28,12
(2) * 3 * 11 * 2 * 31 * 2^n - 13 * 5 * 37,28,12
(2) * 3 * 11 * 2 * 71 * 2^n - 13 * 5 * 13,28,12
(2) * 3 * 11 * 2 * 101 * 2^n - 13 * 5 * 149,28,12
(2) * 3 * 11 * 2 * 101 * 2^n - 13 * 5 * 191,28,12
2010 * 2^n + 1,28,12
4914 * 2^n + 1,28,12
5586 * 2^n - 1,28,12
3^n + 944,28,12
2^n * 258439 - 1,28,12
2^n * 925266 - 1,28,12
2^n - 615,28,12
2^n - 2919,28,12
2^n - 14565,28,12
2^n - 41041,28,12
2^n - 73155,28,12
2^n - 5 * 49113,28,12
2^n - 5 * 79389,28,12
2^n + 8127 * 5,27,12
6 * 68 * 2^n - 53 * 5,27,12
6 * 22 * 2^n - 697 * 5,27,12
6 * 22 * 2^n - 901 * 5,27,12
6 * 62 * 2^n - 995 * 5,27,12
6 * 72 * 2^n - 133 * 5,27,12
6 * 82 * 2^n - 959 * 5,27,12
6 * 83 * 2^n - 239 * 5,27,12
6 * 87 * 2^n - 361 * 5,27,12
6 * 88 * 2^n - 697 * 5,27,12
6 * 94 * 2^n - 991 * 5,27,12
6 * 99 * 2^n - 815 * 5,27,12
6 * 109 * 2^n - 559 * 5,27,12
6 * 109 * 2^n - 643 * 5,27,12
6 * 112 * 2^n - 71 * 5,27,12
6 * 128 * 2^n - 301 * 5,27,12
6 * 133 * 2^n - 857 * 5,27,12
6 * 138 * 2^n - 499 * 5,27,12
6 * 139 * 2^n - 95 * 5,27,12
6 * 141 * 2^n - 83 * 5,27,12
6 * 141 * 2^n - 215 * 5,27,12
6 * 143 * 2^n - 421 * 5,27,12
6 * 166 * 2^n - 65 * 5,27,12
6 * 181 * 2^n - 407 * 5,27,12
6 * 187 * 2^n - 67 * 5,27,12
6 * 189 * 2^n - 793 * 5,27,12
6 * 204 * 2^n - 301 * 5,27,12
6 * 204 * 2^n - 517 * 5,27,12
6 * 204 * 2^n - 797 * 5,27,12
6 * 209 * 2^n - 959 * 5,27,12
6 * 211 * 2^n - 497 * 5,27,12
6 * 212 * 2^n - 455 * 5,27,12
6 * 222 * 2^n - 835 * 5,27,12
6 * 226 * 2^n - 181 * 5,27,12
6 * 228 * 2^n - 383 * 5,27,12
6 * 237 * 2^n - 935 * 5,27,12
6 * 241 * 2^n - 323 * 5,27,12
6 * 246 * 2^n - 259 * 5,27,12
2 * 3 * 29 * 2^n - 53 * 5,27,12
(1 + 8) * 2^(n - 4 + 1) - (6 + 1),27,12
(2) * 3 * 11 * 2 * 3 * 2^n - 13 * 5 * 3943,27,12
(2) * 3 * 11 * 2 * 8971 * 2^n - 13 * 5 * 4723,27,12
(2) * 3 * 11 * 2 * 3 * 2^n - 13 * 5 * 79,27,12
(2) * 3 * 11 * 2 * 131 * 2^n - 13 * 5 * 197,27,12
2 * 3 * 1 * 2^n - 419 * 5,27,12
5 * 9 * 3^n + 2 * 7,27,12
2079 * 2^n - 1,27,12
3^n + 610,27,12
2^n + 475 * 5,27,12
2^n + 789 * 5,27,12
2^n + 14775 * 5,27,12
2^n + 16161 * 5,27,12
2^n * 251580 - 1,27,12
2^n * 620301 - 1,27,12
2^n * 61116 - 1,27,12
2^n - 2709,27,12
2^n - 26911,27,12
2^n - 44649,27,12
2^n * 33 + 6443,27,12
3^n * 17 + 6 * 2^n + 16,27,12
2^n + 6453 * 5,26,12
2^n + 4743 * 5,26,12
6 * 93 * 2^n - 89 * 5,26,12
6 * 7 * 2^n - 59 * 5,26,12
6 * 12 * 2^n - 35 * 5,26,12
6 * 19 * 2^n - 991 * 5,26,12
6 * 29 * 2^n - 91 * 5,26,12
6 * 56 * 2^n - 43 * 5,26,12
6 * 68 * 2^n - 781 * 5,26,12
6 * 71 * 2^n - 395 * 5,26,12
6 * 72 * 2^n - 587 * 5,26,12
6 * 76 * 2^n - 317 * 5,26,12
6 * 81 * 2^n - 415 * 5,26,12
6 * 84 * 2^n - 185 * 5,26,12
6 * 89 * 2^n - 281 * 5,26,12
6 * 91 * 2^n - 569 * 5,26,12
6 * 103 * 2^n - 371 * 5,26,12
6 * 108 * 2^n - 701 * 5,26,12
6 * 112 * 2^n - 977 * 5,26,12
6 * 121 * 2^n - 703 * 5,26,12
6 * 129 * 2^n - 779 * 5,26,12
6 * 129 * 2^n - 949 * 5,26,12
6 * 131 * 2^n - 961 * 5,26,12
6 * 137 * 2^n - 215 * 5,26,12
6 * 141 * 2^n - 941 * 5,26,12
6 * 142 * 2^n - 451 * 5,26,12
6 * 149 * 2^n - 539 * 5,26,12
6 * 152 * 2^n - 809 * 5,26,12
6 * 161 * 2^n - 191 * 5,26,12
6 * 161 * 2^n - 727 * 5,26,12
6 * 162 * 2^n - 311 * 5,26,12
6 * 201 * 2^n - 275 * 5,26,12
6 * 203 * 2^n - 619 * 5,26,12
6 * 207 * 2^n - 415 * 5,26,12
6 * 207 * 2^n - 959 * 5,26,12
6 * 207 * 2^n - 965 * 5,26,12
6 * 208 * 2^n - 785 * 5,26,12
6 * 208 * 2^n - 979 * 5,26,12
6 * 209 * 2^n - 877 * 5,26,12
6 * 213 * 2^n - 305 * 5,26,12
6 * 224 * 2^n - 517 * 5,26,12
6 * 226 * 2^n - 119 * 5,26,12
6 * 234 * 2^n - 263 * 5,26,12
6 * 237 * 2^n - 283 * 5,26,12
6 * 238 * 2^n - 841 * 5,26,12
6 * 242 * 2^n - 329 * 5,26,12
6 * 242 * 2^n - 941 * 5,26,12
6 * 252 * 2^n - 421 * 5,26,12
2 * 3 * 31 * 2^n - 61 * 5,26,12
2 * 3 * 11 * 88779 * 2^n - 25 * 5,26,12
7134 * 2^n + 1,26,12
(1 + 8) * 2^(n - 9 + 1) - (4 + 1),26,12
(1 + 10) * 2^(n - 4 + 1) - (2 + 1),26,12
(2) * 3 * 11 * 2 * 2 * 2^n - 13 * 5 * 6871,26,12
(2) * 3 * 11 * 2 * 631 * 2^n - 13 * 5 * 683,26,12
1356 * 2^n - 1,26,12
1491 * 2^n + 1,26,12
2499 * 2^n + 1,26,12
5469 * 2^n + 1,26,12
9805 * 2^n - 1,26,12
2^n + 8923 * 5,26,12
2^n + 9399 * 5,26,12
2^n * 856155 - 1,26,12
2^n * 706590 - 1,26,12
2^n - 441,26,12
2^n - 339,26,12
2^n - 22819,26,12
2^n - 43515,26,12
2^n * 33 + 2033,26,12
2^n + 1861 * 5,25,12
6 * 58 * 2^n - 19 * 5,25,12
6 * 4 * 2^n - 349 * 5,25,12
6 * 38 * 2^n - 527 * 5,25,12
6 * 41 * 2^n - 137 * 5,25,12
6 * 42 * 2^n - 347 * 5,25,12
6 * 47 * 2^n - 193 * 5,25,12
6 * 53 * 2^n - 781 * 5,25,12
6 * 68 * 2^n - 379 * 5,25,12
6 * 73 * 2^n - 203 * 5,25,12
6 * 91 * 2^n - 209 * 5,25,12
6 * 93 * 2^n - 871 * 5,25,12
6 * 104 * 2^n - 997 * 5,25,12
6 * 109 * 2^n - 787 * 5,25,12
6 * 119 * 2^n - 395 * 5,25,12
6 * 144 * 2^n - 805 * 5,25,12
6 * 148 * 2^n - 979 * 5,25,12
6 * 152 * 2^n - 287 * 5,25,12
6 * 152 * 2^n - 935 * 5,25,12
6 * 154 * 2^n - 677 * 5,25,12
6 * 157 * 2^n - 175 * 5,25,12
6 * 158 * 2^n - 755 * 5,25,12
6 * 164 * 2^n - 599 * 5,25,12
6 * 182 * 2^n - 125 * 5,25,12
6 * 182 * 2^n - 817 * 5,25,12
6 * 207 * 2^n - 13 * 5,25,12
6 * 229 * 2^n - 655 * 5,25,12
6 * 232 * 2^n - 151 * 5,25,12
6 * 238 * 2^n - 971 * 5,25,12
6 * 248 * 2^n - 919 * 5,25,12
6 * 252 * 2^n - 613 * 5,25,12
2 * 3 * 7 * 2^n - 85 * 5,25,12
7545 * 2^n + 1,25,12
7265654 * 5 * 2^n - 1,25,12
47 * 2^(n - 13) - 79,25,12
47 * 2^(n - 19) - 79,25,12
(2) * 3 * 11 * 2 * 283 * 2^n - 13 * 5 * 145,25,12
(2) * 3 * 11 * 2 * 79 * 2^n - 13 * 5 * 97,25,12
1170 * 2^n - 1,25,12
7734 * 2^n - 1,25,12
2^n + 307 * 5,25,12
2^n + 2043 * 5,25,12
2^n + 10447 * 5,25,12
2^n + 12051 * 5,25,12
2^n + 12933 * 5,25,12
2^n * 254961 - 1,25,12
2^n * 413304 - 1,25,12
2^n * 36910 - 1,25,12
2^n * 50406 - 1,25,12
2^n * 92889 - 1,25,12
2^n * 71956 - 1,25,12
2^n - 75045,25,12
2^n - 22441,25,12
2^n - 52699,25,12
2^n - 63339,25,12
2^n + 3583 * 5,24,12
39 * 2^n + 1,24,12
6 * 74 * 2^n - 55 * 5,24,12
6 * 31 * 2^n - 865 * 5,24,12
6 * 33 * 2^n - 293 * 5,24,12
6 * 46 * 2^n - 565 * 5,24,12
6 * 48 * 2^n - 673 * 5,24,12
6 * 51 * 2^n - 29 * 5,24,12
6 * 67 * 2^n - 145 * 5,24,12
6 * 78 * 2^n - 935 * 5,24,12
6 * 79 * 2^n - 287 * 5,24,12
6 * 91 * 2^n - 107 * 5,24,12
6 * 102 * 2^n - 887 * 5,24,12
6 * 103 * 2^n - 43 * 5,24,12
6 * 111 * 2^n - 319 * 5,24,12
6 * 117 * 2^n - 851 * 5,24,12
6 * 119 * 2^n - 421 * 5,24,12
6 * 126 * 2^n - 485 * 5,24,12
6 * 134 * 2^n - 157 * 5,24,12
6 * 138 * 2^n - 323 * 5,24,12
6 * 138 * 2^n - 631 * 5,24,12
6 * 159 * 2^n - 919 * 5,24,12
6 * 166 * 2^n - 569 * 5,24,12
6 * 172 * 2^n - 667 * 5,24,12
6 * 177 * 2^n - 253 * 5,24,12
6 * 177 * 2^n - 745 * 5,24,12
6 * 182 * 2^n - 517 * 5,24,12
6 * 188 * 2^n - 413 * 5,24,12
6 * 192 * 2^n - 151 * 5,24,12
6 * 197 * 2^n - 629 * 5,24,12
6 * 201 * 2^n - 517 * 5,24,12
6 * 217 * 2^n - 433 * 5,24,12
6 * 223 * 2^n - 623 * 5,24,12
6 * 241 * 2^n - 785 * 5,24,12
6 * 246 * 2^n - 293 * 5,24,12
6 * 246 * 2^n - 565 * 5,24,12
2 * 3 * 41 * 2^n - 31 * 5,24,12
2 * 3 * 72 * 2^n - 71 * 5,24,12
7892826 * 5 * 2^n + 1,24,12
(2) * 3 * 11 * 2 * 2 * 2^n - 13 * 5 * 251,24,12
(2) * 3 * 11 * 2 * 7673 * 2^n - 13 * 5 * 3119,24,12
(2) * 3 * 11 * 2 * 8923 * 2^n - 13 * 5 * 2311,24,12
(2) * 3 * 11 * 2 * 71 * 2^n - 13 * 5 * 73,24,12
1671 * 2^n - 1,24,12
3370 * 2^n - 1,24,12
10239 * 2^n - 1,24,12
2^n + 5761 * 5,24,12
2^n + 11275 * 5,24,12
2^n + 13437 * 5,24,12
2^n + 13741 * 5,24,12
2^n + 14203 * 5,24,12
2^n + 14857 * 5,24,12
2^n * 694365 - 1,24,12
2^n * 51936 - 1,24,12
2^n * 23616 - 1,24,12
2^n * 10239 - 1,24,12
2^n - 16201,24,12
2^n - 38631,24,12
2^n - 45265,24,12
2^n - 69579,24,12
2^n - 5 * 40029,24,12
2^n * 33 + 173,24,12
2^n * 33 + 727,24,12
2^n * 33 + 5875,24,12
3^n * 10 + 1 * 2^n + 15,24,12
3^n * 23 + 5 * 2^n + 30,24,12
2^n + 5467 * 5,23,12
2^n + 4081 * 5,23,12
2^n + 3967 * 5,23,12
6 * 82 * 2^n - 55 * 5,23,12
6 * 13 * 2^n - 485 * 5,23,12
6 * 13 * 2^n - 841 * 5,23,12
6 * 14 * 2^n - 527 * 5,23,12
6 * 22 * 2^n - 361 * 5,23,12
6 * 44 * 2^n - 271 * 5,23,12
6 * 46 * 2^n - 527 * 5,23,12
6 * 47 * 2^n - 685 * 5,23,12
6 * 63 * 2^n - 163 * 5,23,12
6 * 64 * 2^n - 77 * 5,23,12
6 * 77 * 2^n - 985 * 5,23,12
6 * 84 * 2^n - 641 * 5,23,12
6 * 87 * 2^n - 301 * 5,23,12
6 * 87 * 2^n - 973 * 5,23,12
6 * 109 * 2^n - 373 * 5,23,12
6 * 122 * 2^n - 805 * 5,23,12
6 * 132 * 2^n - 661 * 5,23,12
6 * 133 * 2^n - 341 * 5,23,12
6 * 143 * 2^n - 145 * 5,23,12
6 * 168 * 2^n - 761 * 5,23,12
6 * 174 * 2^n - 317 * 5,23,12
6 * 176 * 2^n - 391 * 5,23,12
6 * 177 * 2^n - 967 * 5,23,12
6 * 179 * 2^n - 737 * 5,23,12
6 * 202 * 2^n - 109 * 5,23,12
6 * 213 * 2^n - 721 * 5,23,12
6 * 224 * 2^n - 41 * 5,23,12
6 * 228 * 2^n - 983 * 5,23,12
6 * 243 * 2^n - 589 * 5,23,12
2 * 3 * 14 * 2^n - 61 * 5,23,12
3759242 * 5 * 2^n - 1,23,12
2531817 * 5 * 2^n - 1,23,12
(2) * 3 * 11 * 2 * 9199 * 2^n - 13 * 5 * 4691,23,12
(2) * 3 * 11 * 2 * 61 * 2^n - 13 * 5 * 157,23,12
(2) * 3 * 11 * 2 * 107 * 2^n - 13 * 5 * 167,23,12
2870 * 2^n + 1,23,12
2925 * 2^n + 1,23,12
3^n + 344,23,12
2^n + 5005 * 5,23,12
2^n + 5121 * 5,23,12
2^n + 8659 * 5,23,12
2^n + 10615 * 5,23,12
2^n + 11893 * 5,23,12
2^n + 12487 * 5,23,12
2^n + 205803 * n * 5,23,12
2^n * 414456 - 1,23,12
2^n * 616300 - 1,23,12
2^n * 69369 - 1,23,12
2^n * 654580 - 1,23,12
2^n * 166521 - 1,23,12
2^n * 993321 - 1,23,12
2^n * 66786 - 1,23,12
2^n * 96486 - 1,23,12
2^n - 75661,23,12
2^n - 20019,23,12
2^n - 49929,23,12
2^n * 33 + 3373,23,12
2^n + 3205 * 5,22,12
2^n + 1455 * 5,22,12
6 * 11 * 2^n - 377 * 5,22,12
6 * 18 * 2^n - 433 * 5,22,12
6 * 28 * 2^n - 5 * 5,22,12
6 * 69 * 2^n - 25 * 5,22,12
6 * 98 * 2^n - 223 * 5,22,12
6 * 118 * 2^n - 521 * 5,22,12
6 * 138 * 2^n - 625 * 5,22,12
6 * 159 * 2^n - 445 * 5,22,12
6 * 166 * 2^n - 655 * 5,22,12
6 * 174 * 2^n - 281 * 5,22,12
6 * 186 * 2^n - 311 * 5,22,12
6 * 188 * 2^n - 127 * 5,22,12
6 * 194 * 2^n - 559 * 5,22,12
6 * 196 * 2^n - 493 * 5,22,12
6 * 198 * 2^n - 497 * 5,22,12
6 * 201 * 2^n - 461 * 5,22,12
6 * 228 * 2^n - 881 * 5,22,12
6 * 231 * 2^n - 751 * 5,22,12
(1 + 8) * 2^(n - 3 + 1) - (10 + 1),22,12
5 * 19 * 3^n + 2 * 41,22,12
594 * 2^n - 1,22,12
1309 * 2^n - 1,22,12
2366 * 2^n + 1,22,12
2759 * 2^n + 1,22,12
8646 * 2^n - 1,22,12
8844 * 2^n - 1,22,12
9651 * 2^n - 1,22,12
2^n + 491,22,12
2^n + 11715 * 5,22,12
2^n + 14167 * 5,22,12
2^n + 347907 * n * 5,22,12
2^n * 633556 - 1,22,12
2^n * 91455 - 1,22,12
2^n * 8844 - 1,22,12
2^n - 75871,22,12
2^n - 80349,22,12
2^n - 58201,22,12
2^n * 33 + 1213,22,12
2^n * 33 + 2267,22,12
2^n * 33 + 3947,22,12
3^n * 17 + 12 * 2^n + 8,22,12
3^n * 17 + 16 * 2^n + 6,22,12
2^n + 7473 * 5,21,12
2^n + 2407 * 5,21,12
6 * 16 * 2^n - 733 * 5,21,12
6 * 31 * 2^n - 715 * 5,21,12
6 * 51 * 2^n - 1 * 5,21,12
6 * 57 * 2^n - 545 * 5,21,12
6 * 73 * 2^n - 817 * 5,21,12
6 * 83 * 2^n - 611 * 5,21,12
6 * 98 * 2^n - 541 * 5,21,12
6 * 108 * 2^n - 901 * 5,21,12
6 * 157 * 2^n - 959 * 5,21,12
6 * 172 * 2^n - 317 * 5,21,12
6 * 182 * 2^n - 907 * 5,21,12
6 * 198 * 2^n - 757 * 5,21,12
6 * 212 * 2^n - 545 * 5,21,12
6 * 243 * 2^n - 559 * 5,21,12
2 * 3 * 23 * 2^n - 43 * 5,21,12
2 * 3 * 37 * 2^n - 85 * 5,21,12
41 * 2^(n - 2) - 11,21,12
47 * 2^(n - 2) - 23,21,12
(2) * 3 * 11 * 2 * 2 * 2^n - 13 * 5 * 7349,21,12
(2) * 3 * 11 * 2 * 2 * 2^n - 13 * 5 * 9491,21,12
(2) * 3 * 11 * 2 * 109 * 17 * 2^n - 13 * 5 * 193 * 401,21,12
181 * 2^n - 1,21,12
1750 * 2^n - 1,21,12
2109 * 2^n + 1,21,12
4576 * 2^n - 1,21,12
9646 * 2^n - 1,21,12
2^n + 409 * 5,21,12
2^n + 553 * 5,21,12
2^n + 2701 * 5,21,12
2^n + 6859 * 5,21,12
2^n + 11737 * 5,21,12
2^n + 15327 * 5,21,12
2^n + 477 * n * 5,21,12
2^n * 55999 - 1,21,12
2^n - 94029,21,12
2^n - 4555,21,12
2^n * 33 + 3215,21,12
2^n * 33 + 3607,21,12
2^n * 33 + 4787,21,12
2^n * 33 + 6167,21,12
3^n * 24 + 27 * 2^n + 23,21,12
2^n * 72985 - 1,20,12
2^n * 92139 - 1,20,12
2^n * 17776 - 1,20,12
2^n * 83776 - 1,20,12
2^n * 63541 - 1,20,12
2^n * 57919 - 1,20,12
2^n - 33649,20,12
2^n - 44665,20,12
2^n - 14899,20,12
2^n - 33201,20,12
2^n - 50791,20,12
2^n - 59731,20,12
2^n - 60415,20,12
2^n * 33 + 203,20,12
8^n + 659,14,12
2^n + 345,55,11
2 * 3 * 19 * 51 * 2^n - 25 * 5,53,11
2 * 3 * 44 * 2^n - 5 * 5,52,11
2 * 3 * 27 * 2^n - 25 * 5,51,11
2 * 3 * 76 * 2^n - 7 * 5,51,11
2 * 3 * 78 * 2^n - 49 * 5,51,11
2^n + 237 * 5,51,11
2 * 3 * 67 * 2^n - 77 * 5,50,11
2 * 3 * 11 * 256 * 2^n - 13 * 5,50,11
2 * 3 * 16 * 2^n - 5 * 5,49,11
2 * 3 * 34 * 2^n - 11 * 5,48,11
2 * 3 * 77 * 2^n - 23 * 5,48,11
(2) * 3 * 11 * 2 * 4021 * 2^n - 13 * 5 * 1039,48,11
2 * 3 * 68 * 2^n - 65 * 5,47,11
2 * 3 * 6 * 2^n - 11 * 5,46,11
2 * 3 * 42 * 2^n - 97 * 5,46,11
2 * 3 * 11 * 2^n - 17 * 5,45,11
2 * 3 * 14 * 2^n - 53 * 5,45,11
2 * 3 * 22 * 2^n - 17 * 5,45,11
2 * 3 * 73 * 2^n - 35 * 5,45,11
2 * 3 * 78 * 2^n - 47 * 5,45,11
2 * 3 * 11 * 2^n - 49 * 5,44,11
2 * 3 * 34 * 2^n - 67 * 5,44,11
2 * 3 * 42 * 2^n - 61 * 5,44,11
(2) * 3 * 11 * 2 * 17 * 2^n - 13 * 5 * 161,44,11
2 * 3 * 13 * 2^n - 1 * 5,43,11
2 * 3 * 24 * 2^n - 71 * 5,43,11
2 * 3 * 27 * 2^n - 53 * 5,43,11
2 * 3 * 32 * 2^n - 55 * 5,43,11
2 * 3 * 67 * 2^n - 41 * 5,43,11
2 * 3 * 72 * 2^n - 31 * 5,43,11
2 * 3 * 88 * 2^n - 19 * 5,43,11
(2) * 3 * 11 * 2 * 139 * 2^n - 13 * 5 * 73,43,11
6 * 7 * 2^n - 5 * 5,43,11
2^n + 7761 * 5,42,11
6 * 102 * 2^n - 385 * 5,42,11
6 * 241 * 2^n - 247 * 5,42,11
2 * 3 * 7 * 2^n - 67 * 5,42,11
2 * 3 * 13 * 2^n - 29 * 5,42,11
2 * 3 * 17 * 2^n - 43 * 5,42,11
2 * 3 * 22 * 2^n - 89 * 5,42,11
2 * 3 * 28 * 2^n - 67 * 5,42,11
2 * 3 * 34 * 2^n - 43 * 5,42,11
2 * 3 * 88 * 2^n - 89 * 5,42,11
(2) * 3 * 11 * 2 * 131 * 2^n - 13 * 5 * 103,42,11
2^n + 1683 * 5,42,11
2^n * 33 + 3461,42,11
2^n + 7311 * 5,41,11
6 * 247 * 2^n - 881 * 5,41,11
2 * 3 * 27 * 2^n - 85 * 5,41,11
2 * 3 * 52 * 2^n - 29 * 5,41,11
2 * 3 * 56 * 2^n - 79 * 5,41,11
2 * 3 * 99 * 2^n - 61 * 5,41,11
(2) * 3 * 11 * 2 * 2 * 2^n - 13 * 5 * 1,41,11
(2) * 3 * 11 * 2 * 6 * 2^n - 13 * 5 * 175,41,11
(2) * 3 * 11 * 2 * 53 * 2^n - 13 * 5 * 127,41,11
6 * 18 * 2^n - 143 * 5,40,11
6 * 44 * 2^n - 773 * 5,40,11
6 * 78 * 2^n - 791 * 5,40,11
6 * 114 * 2^n - 425 * 5,40,11
6 * 114 * 2^n - 563 * 5,40,11
6 * 123 * 2^n - 245 * 5,40,11
6 * 208 * 2^n - 653 * 5,40,11
6 * 244 * 2^n - 247 * 5,40,11
2 * 3 * 11 * 2^n - 91 * 5,40,11
2 * 3 * 34 * 2^n - 79 * 5,40,11
2 * 3 * 44 * 2^n - 47 * 5,40,11
2 * 3 * 79 * 2^n - 17 * 5,40,11
2 * 3 * 19 * 18 * 2^n - 25 * 5,40,11
(2) * 3 * 11 * 2 * 3 * 2^n - 13 * 5 * 241,40,11
(2) * 3 * 11 * 2 * 3 * 2^n - 13 * 5 * 997,40,11
(2) * 3 * 11 * 2 * 7 * 2^n - 13 * 5 * 173,40,11
(2) * 3 * 11 * 2 * 37 * 2^n - 13 * 5 * 193,40,11
(2) * 3 * 11 * 2 * 71 * 2^n - 13 * 5 * 149,40,11
(2) * 3 * 11 * 2 * 127 * 2^n - 13 * 5 * 53,40,11
5 * 41 * 3^n + 2 * 14,40,11
2^n + 2343 * 5,40,11
4^n - 13 * 71,40,11
2^n * 133650 - 1,40,11
2^n + 3381 * 5,39,11
6 * 44 * 2^n - 13 * 5,39,11
6 * 76 * 2^n - 7 * 5,39,11
6 * 27 * 2^n - 25 * 5,39,11
6 * 13 * 2^n - 653 * 5,39,11
6 * 39 * 2^n - 185 * 5,39,11
6 * 46 * 2^n - 689 * 5,39,11
6 * 47 * 2^n - 245 * 5,39,11
6 * 53 * 2^n - 721 * 5,39,11
6 * 154 * 2^n - 323 * 5,39,11
6 * 156 * 2^n - 185 * 5,39,11
6 * 229 * 2^n - 11 * 5,39,11
6 * 234 * 2^n - 193 * 5,39,11
2 * 3 * 8 * 2^n - 31 * 5,39,11
2 * 3 * 12 * 2^n - 79 * 5,39,11
2 * 3 * 16 * 2^n - 31 * 5,39,11
2 * 3 * 26 * 2^n - 37 * 5,39,11
2 * 3 * 49 * 2^n - 23 * 5,39,11
2 * 3 * 51 * 2^n - 77 * 5,39,11
2 * 3 * 51 * 2^n - 91 * 5,39,11
(2) * 3 * 11 * 2 * 3 * 2^n - 13 * 5 * 619,39,11
(2) * 3 * 11 * 2 * 4 * 2^n - 13 * 5 * 25,39,11
(2) * 3 * 11 * 2 * 67 * 2^n - 13 * 5 * 53,39,11
1860 * 2^n - 1,39,11
6585 * 2^n - 1,39,11
2^n + 195 * 5,39,11
2^n * 6585 - 1,39,11
2^n * 33 + 3955,39,11
2^n + 6501 * 5,38,11
2^n + 4161 * 5,38,11
6 * 11 * 2^n - 17 * 5,38,11
6 * 21 * 2^n - 275 * 5,38,11
6 * 37 * 2^n - 115 * 5,38,11
6 * 54 * 2^n - 25 * 5,38,11
6 * 66 * 2^n - 169 * 5,38,11
6 * 99 * 2^n - 973 * 5,38,11
6 * 148 * 2^n - 115 * 5,38,11
6 * 171 * 2^n - 539 * 5,38,11
6 * 182 * 2^n - 781 * 5,38,11
6 * 198 * 2^n - 973 * 5,38,11
6 * 217 * 2^n - 725 * 5,38,11
6 * 219 * 2^n - 955 * 5,38,11
2 * 3 * 33 * 2^n - 95 * 5,38,11
2 * 3 * 34 * 2^n - 37 * 5,38,11
2 * 3 * 39 * 2^n - 55 * 5,38,11
2 * 3 * 41 * 2^n - 53 * 5,38,11
2 * 3 * 42 * 2^n - 23 * 5,38,11
2 * 3 * 49 * 2^n - 13 * 5,38,11
2 * 3 * 61 * 2^n - 11 * 5,38,11
2 * 3 * 77 * 2^n - 85 * 5,38,11
2 * 3 * 19 * 71 * 2^n - 25 * 5,38,11
2 * 3 * 11 * 113 * 2^n - 13 * 5,38,11
(2) * 3 * 11 * 2 * 3 * 2^n - 13 * 5 * 301,38,11
(2) * 3 * 11 * 2 * 16 * 2^n - 13 * 5 * 203,38,11
(2) * 3 * 11 * 2 * 47 * 2^n - 13 * 5 * 61,38,11
(2) * 3 * 11 * 2 * 83 * 2^n - 13 * 5 * 5,38,11
2^n - 38835,38,11
2^n - 48915,38,11
2^n - 5 * 7767,38,11
2^n + 6765 * 5,37,11
6 * 57 * 2^n - 89 * 5,37,11
6 * 77 * 2^n - 61 * 5,37,11
6 * 8 * 2^n - 979 * 5,37,11
6 * 29 * 2^n - 859 * 5,37,11
6 * 91 * 2^n - 293 * 5,37,11
6 * 109 * 2^n - 355 * 5,37,11
6 * 143 * 2^n - 119 * 5,37,11
6 * 161 * 2^n - 139 * 5,37,11
6 * 176 * 2^n - 251 * 5,37,11
6 * 181 * 2^n - 527 * 5,37,11
6 * 207 * 2^n - 325 * 5,37,11
6 * 238 * 2^n - 361 * 5,37,11
2 * 3 * 12 * 2^n - 49 * 5,37,11
2 * 3 * 14 * 2^n - 65 * 5,37,11
2 * 3 * 23 * 2^n - 77 * 5,37,11
2 * 3 * 27 * 2^n - 1 * 5,37,11
2 * 3 * 43 * 2^n - 61 * 5,37,11
2 * 3 * 44 * 2^n - 61 * 5,37,11
2 * 3 * 61 * 2^n - 25 * 5,37,11
2 * 3 * 78 * 2^n - 89 * 5,37,11
2 * 3 * 91 * 2^n - 41 * 5,37,11
2 * 3 * 94 * 2^n - 1 * 5,37,11
(2) * 3 * 11 * 2 * 2 * 2^n - 13 * 5 * 919,37,11
(2) * 3 * 11 * 2 * 2 * 2^n - 13 * 5 * 2143,37,11
(2) * 3 * 11 * 2 * 2 * 2^n - 13 * 5 * 5741,37,11
(2) * 3 * 11 * 2 * 2 * 2^n - 13 * 5 * 6829,37,11
(2) * 3 * 11 * 2 * 2 * 2^n - 13 * 5 * 149,37,11
(2) * 3 * 11 * 2 * 59 * 2^n - 13 * 5 * 103,37,11
(2) * 3 * 11 * 2 * 89 * 2^n - 13 * 5 * 13,37,11
(2) * 3 * 11 * 2 * 97 * 2^n - 13 * 5 * 47,37,11
(2) * 3 * 11 * 2 * 149 * 2^n - 13 * 5 * 191,37,11
(2) * 3 * 11 * 2 * 163 * 2^n - 13 * 5 * 5,37,11
6 * 4 * 2^n - 7 * 5,37,11
1365 * 2^n + 1,37,11
2^n + 1095 * 5,37,11
2^n + 10965 * 5,37,11
2^n + 11493 * 5,37,11
2^n + 14145 * 5,37,11
2^n * 664950 - 1,37,11
2^n - 735,37,11
2^n * 33 + 6065,37,11
2^n + 2859 * 5,36,11
2^n + 2667 * 5,36,11
2^n + 1623 * 5,36,11
2^n + 705 * 5,36,11
6 * 14 * 2^n - 1 * 5,36,11
6 * 7 * 2^n - 451 * 5,36,11
6 * 21 * 2^n - 605 * 5,36,11
6 * 33 * 2^n - 595 * 5,36,11
6 * 44 * 2^n - 161 * 5,36,11
6 * 77 * 2^n - 23 * 5,36,11
6 * 84 * 2^n - 605 * 5,36,11
6 * 88 * 2^n - 161 * 5,36,11
6 * 94 * 2^n - 737 * 5,36,11
6 * 123 * 2^n - 959 * 5,36,11
6 * 128 * 2^n - 167 * 5,36,11
6 * 146 * 2^n - 977 * 5,36,11
6 * 152 * 2^n - 595 * 5,36,11
6 * 191 * 2^n - 7 * 5,36,11
6 * 228 * 2^n - 349 * 5,36,11
2 * 3 * 7 * 2^n - 47 * 5,36,11
2 * 3 * 13 * 2^n - 43 * 5,36,11
2 * 3 * 31 * 2^n - 7 * 5,36,11
2 * 3 * 38 * 2^n - 91 * 5,36,11
2 * 3 * 58 * 2^n - 55 * 5,36,11
2 * 3 * 61 * 2^n - 35 * 5,36,11
2 * 3 * 77 * 2^n - 17 * 5,36,11
2 * 3 * 91 * 2^n - 17 * 5,36,11
2 * 3 * 19 * 56 * 2^n - 25 * 5,36,11
(2) * 3 * 11 * 2 * 2 * 2^n - 13 * 5 * 907,36,11
(2) * 3 * 11 * 2 * 2 * 2^n - 13 * 5 * 7603,36,11
(2) * 3 * 11 * 2 * 14 * 2^n - 13 * 5 * 233,36,11
(2) * 3 * 11 * 2 * 14 * 2^n - 13 * 5 * 347,36,11
(2) * 3 * 11 * 2 * 16 * 2^n - 13 * 5 * 35,36,11
(2) * 3 * 11 * 2 * 47 * 2^n - 13 * 5 * 131,36,11
(2) * 3 * 11 * 2 * 53 * 2^n - 13 * 5 * 67,36,11
(2) * 3 * 11 * 2 * 61 * 2^n - 13 * 5 * 17,36,11
(2) * 3 * 11 * 2 * 73 * 2^n - 13 * 5 * 199,36,11
(2) * 3 * 11 * 2 * 167 * 2^n - 13 * 5 * 5,36,11
(2) * 3 * 11 * 2 * 199 * 2^n - 13 * 5 * 167,36,11
5 * 906906 * 2^n - 1,36,11
2^n + 975,36,11
2^n + 14265 * 5,36,11
2^n * 18690 - 1,36,11
2^n * 85881 - 1,36,11
2^n - 1629,36,11
2^n * 33 + 2485,36,11
2^n * 33 + 3415,36,11
2^n * 33 + 4063,36,11
2^n + 8049 * 5,35,11
2^n + 4893 * 5,35,11
2^n + 525 * 5,35,11
6 * 34 * 2^n - 11 * 5,35,11
6 * 39 * 2^n - 647 * 5,35,11
6 * 57 * 2^n - 797 * 5,35,11
6 * 91 * 2^n - 695 * 5,35,11
6 * 99 * 2^n - 727 * 5,35,11
6 * 102 * 2^n - 143 * 5,35,11
6 * 109 * 2^n - 727 * 5,35,11
6 * 124 * 2^n - 869 * 5,35,11
6 * 143 * 2^n - 995 * 5,35,11
6 * 156 * 2^n - 409 * 5,35,11
6 * 164 * 2^n - 463 * 5,35,11
6 * 176 * 2^n - 17 * 5,35,11
6 * 189 * 2^n - 37 * 5,35,11
6 * 209 * 2^n - 851 * 5,35,11
6 * 212 * 2^n - 299 * 5,35,11
6 * 216 * 2^n - 77 * 5,35,11
6 * 217 * 2^n - 61 * 5,35,11
6 * 247 * 2^n - 241 * 5,35,11
6 * 248 * 2^n - 869 * 5,35,11
2 * 3 * 3 * 2^n - 91 * 5,35,11
2 * 3 * 43 * 2^n - 13 * 5,35,11
(2) * 3 * 11 * 2 * 3 * 2^n - 13 * 5 * 1063,35,11
(2) * 3 * 11 * 2 * 5779 * 2^n - 13 * 5 * 43,35,11
(2) * 3 * 11 * 2 * 4 * 2^n - 13 * 5 * 359,35,11
(2) * 3 * 11 * 2 * 4 * 2^n - 13 * 5 * 373,35,11
(2) * 3 * 11 * 2 * 8 * 2^n - 13 * 5 * 359,35,11
(2) * 3 * 11 * 2 * 14 * 2^n - 13 * 5 * 307,35,11
(2) * 3 * 11 * 2 * 107 * 2^n - 13 * 5 * 137,35,11
(2) * 3 * 11 * 2 * 131 * 2^n - 13 * 5 * 61,35,11
(2) * 3 * 11 * 2 * 163 * 2^n - 13 * 5 * 29,35,11
3420 * 2^n + 1,35,11
2^n + 11325 * 5,35,11
2^n + 11871 * 5,35,11
2^n + 11901 * 5,35,11
2^n + 12885 * 5,35,11
2^n + 14601 * 5,35,11
2^n + 16005 * 5,35,11
2^n * 18870 - 1,35,11
2^n * 33 + 5305,35,11
2^n + 6957 * 5,34,11
2^n + 2085 * 5,34,11
6 * 37 * 2^n - 103 * 5,34,11
6 * 39 * 2^n - 229 * 5,34,11
6 * 46 * 2^n - 119 * 5,34,11
6 * 49 * 2^n - 673 * 5,34,11
6 * 49 * 2^n - 853 * 5,34,11
6 * 57 * 2^n - 187 * 5,34,11
6 * 77 * 2^n - 47 * 5,34,11
6 * 87 * 2^n - 949 * 5,34,11
6 * 117 * 2^n - 133 * 5,34,11
6 * 128 * 2^n - 713 * 5,34,11
6 * 132 * 2^n - 529 * 5,34,11
6 * 134 * 2^n - 143 * 5,34,11
6 * 137 * 2^n - 227 * 5,34,11
6 * 152 * 2^n - 233 * 5,34,11
6 * 161 * 2^n - 377 * 5,34,11
6 * 161 * 2^n - 589 * 5,34,11
6 * 169 * 2^n - 55 * 5,34,11
6 * 169 * 2^n - 437 * 5,34,11
6 * 171 * 2^n - 23 * 5,34,11
6 * 173 * 2^n - 673 * 5,34,11
6 * 177 * 2^n - 17 * 5,34,11
6 * 203 * 2^n - 677 * 5,34,11
6 * 206 * 2^n - 163 * 5,34,11
6 * 223 * 2^n - 989 * 5,34,11
6 * 251 * 2^n - 583 * 5,34,11
2 * 3 * 7 * 2^n - 19 * 5,34,11
2 * 3 * 46 * 2^n - 89 * 5,34,11
2 * 3 * 71 * 2^n - 83 * 5,34,11
2 * 3 * 11 * 282 * 2^n - 13 * 5,34,11
(2) * 3 * 11 * 2 * 2 * 2^n - 13 * 5 * 1229,34,11
(2) * 3 * 11 * 2 * 827 * 2^n - 13 * 5 * 8689,34,11
(2) * 3 * 11 * 2 * 2161 * 2^n - 13 * 5 * 2089,34,11
(2) * 3 * 11 * 2 * 1 * 2^n - 13 * 5 * 7,34,11
(2) * 3 * 11 * 2 * 6 * 2^n - 13 * 5 * 7,34,11
(2) * 3 * 11 * 2 * 17 * 2^n - 13 * 5 * 271,34,11
(2) * 3 * 11 * 2 * 43 * 2^n - 13 * 5 * 137,34,11
(2) * 3 * 11 * 2 * 61 * 2^n - 13 * 5 * 167,34,11
5 * 63 * 3^n + 2 * 26,34,11
966 * 2^n - 1,34,11
2^n + 2337 * 5,34,11
2^n + 12117 * 5,34,11
2^n + 13131 * 5,34,11
2^n + 14721 * 5,34,11
2^n + 15081 * 5,34,11
2^n - 37665,34,11
2^n * 33 + 425,34,11
2^n * 33 + 1055,34,11
2^n * 33 + 2987,34,11
2^n * 33 + 3055,34,11
2^n * 33 + 5815,34,11
2^n + 5451 * 5,33,11
2^n + 4473 * 5,33,11
6 * 23 * 2^n - 13 * 5,33,11
6 * 21 * 2^n - 859 * 5,33,11
6 * 47 * 2^n - 161 * 5,33,11
6 * 52 * 2^n - 683 * 5,33,11
6 * 54 * 2^n - 121 * 5,33,11
6 * 66 * 2^n - 113 * 5,33,11
6 * 69 * 2^n - 641 * 5,33,11
6 * 74 * 2^n - 493 * 5,33,11
6 * 103 * 2^n - 295 * 5,33,11
6 * 108 * 2^n - 121 * 5,33,11
6 * 108 * 2^n - 875 * 5,33,11
6 * 112 * 2^n - 803 * 5,33,11
6 * 118 * 2^n - 793 * 5,33,11
6 * 132 * 2^n - 277 * 5,33,11
6 * 133 * 2^n - 979 * 5,33,11
6 * 136 * 2^n - 253 * 5,33,11
6 * 138 * 2^n - 11 * 5,33,11
6 * 139 * 2^n - 247 * 5,33,11
6 * 143 * 2^n - 37 * 5,33,11
6 * 148 * 2^n - 451 * 5,33,11
6 * 148 * 2^n - 493 * 5,33,11
6 * 156 * 2^n - 287 * 5,33,11
6 * 159 * 2^n - 281 * 5,33,11
6 * 163 * 2^n - 647 * 5,33,11
6 * 167 * 2^n - 953 * 5,33,11
6 * 171 * 2^n - 869 * 5,33,11
6 * 183 * 2^n - 143 * 5,33,11
6 * 186 * 2^n - 581 * 5,33,11
6 * 187 * 2^n - 875 * 5,33,11
6 * 188 * 2^n - 161 * 5,33,11
6 * 194 * 2^n - 169 * 5,33,11
6 * 209 * 2^n - 553 * 5,33,11
6 * 212 * 2^n - 17 * 5,33,11
6 * 213 * 2^n - 347 * 5,33,11
6 * 213 * 2^n - 499 * 5,33,11
6 * 218 * 2^n - 887 * 5,33,11
6 * 224 * 2^n - 1 * 5,33,11
2 * 3 * 9 * 2^n - 61 * 5,33,11
2 * 3 * 18 * 2^n - 5 * 5,33,11
2 * 3 * 36 * 2^n - 61 * 5,33,11
2 * 3 * 38 * 2^n - 25 * 5,33,11
2 * 3 * 49 * 2^n - 71 * 5,33,11
2 * 3 * 71 * 2^n - 67 * 5,33,11
2 * 3 * 77 * 2^n - 97 * 5,33,11
2 * 3 * 19 * 2 * 2^n - 25 * 5,33,11
(1 + 6) * 2^(n - 4 + 1) - (8 + 1),33,11
(2) * 3 * 11 * 2 * 2 * 2^n - 13 * 5 * 1663,33,11
(2) * 3 * 11 * 2 * 2 * 2^n - 13 * 5 * 8933,33,11
(2) * 3 * 11 * 2 * 3 * 2^n - 13 * 5 * 4273,33,11
(2) * 3 * 11 * 2 * 3067 * 2^n - 13 * 5 * 7589,33,11
(2) * 3 * 11 * 2 * 1 * 2^n - 13 * 5 * 23,33,11
(2) * 3 * 11 * 2 * 3 * 2^n - 13 * 5 * 371,33,11
(2) * 3 * 11 * 2 * 8 * 2^n - 13 * 5 * 371,33,11
(2) * 3 * 11 * 2 * 12 * 2^n - 13 * 5 * 41,33,11
(2) * 3 * 11 * 2 * 127 * 2^n - 13 * 5 * 179,33,11
(2) * 3 * 11 * 2 * 173 * 2^n - 13 * 5 * 73,33,11
1050 * 2^n - 1,33,11
2154 * 2^n - 1,33,11
647088 * 5 * 2^n - 1,33,11
2^n + 10653 * 5,33,11
2^n + 11517 * 5,33,11
2^n * 896580 - 1,33,11
2^n * 1050 - 1,33,11
2^n * 22554 - 1,33,11
2^n - 885,33,11
2^n - 12519,33,11
2^n - 44295,33,11
2^n * 33 + 3475,33,11
2^n + 4605 * 5,32,11
2^n + 1509 * 5,32,11
6 * 17 * 2^n - 43 * 5,32,11
6 * 27 * 2^n - 53 * 5,32,11
6 * 31 * 2^n - 637 * 5,32,11
6 * 49 * 2^n - 143 * 5,32,11
6 * 49 * 2^n - 989 * 5,32,11
6 * 56 * 2^n - 107 * 5,32,11
6 * 88 * 2^n - 203 * 5,32,11
6 * 91 * 2^n - 271 * 5,32,11
6 * 91 * 2^n - 433 * 5,32,11
6 * 112 * 2^n - 689 * 5,32,11
6 * 112 * 2^n - 863 * 5,32,11
6 * 113 * 2^n - 497 * 5,32,11
6 * 124 * 2^n - 637 * 5,32,11
6 * 131 * 2^n - 443 * 5,32,11
6 * 144 * 2^n - 857 * 5,32,11
6 * 154 * 2^n - 703 * 5,32,11
6 * 166 * 2^n - 673 * 5,32,11
6 * 168 * 2^n - 209 * 5,32,11
6 * 172 * 2^n - 815 * 5,32,11
6 * 173 * 2^n - 443 * 5,32,11
6 * 176 * 2^n - 73 * 5,32,11
6 * 183 * 2^n - 413 * 5,32,11
6 * 187 * 2^n - 23 * 5,32,11
6 * 187 * 2^n - 947 * 5,32,11
6 * 189 * 2^n - 583 * 5,32,11
6 * 191 * 2^n - 847 * 5,32,11
6 * 198 * 2^n - 545 * 5,32,11
6 * 208 * 2^n - 275 * 5,32,11
6 * 209 * 2^n - 85 * 5,32,11
6 * 209 * 2^n - 961 * 5,32,11
6 * 211 * 2^n - 35 * 5,32,11
6 * 234 * 2^n - 581 * 5,32,11
6 * 247 * 2^n - 941 * 5,32,11
2 * 3 * 18 * 2^n - 97 * 5,32,11
2 * 3 * 42 * 2^n - 55 * 5,32,11
2 * 3 * 71 * 2^n - 47 * 5,32,11
2 * 3 * 73 * 2^n - 53 * 5,32,11
2 * 3 * 92 * 2^n - 17 * 5,32,11
(2) * 3 * 11 * 2 * 2 * 2^n - 13 * 5 * 2389,32,11
(2) * 3 * 11 * 2 * 3 * 2^n - 13 * 5 * 2719,32,11
(2) * 3 * 11 * 2 * 1193 * 2^n - 13 * 5 * 1433,32,11
(2) * 3 * 11 * 2 * 8467 * 2^n - 13 * 5 * 4691,32,11
(2) * 3 * 11 * 2 * 2131 * 2^n - 13 * 5 * 4889,32,11
(2) * 3 * 11 * 2 * 7793 * 2^n - 13 * 5 * 6997,32,11
(2) * 3 * 11 * 2 * 5471 * 2^n - 13 * 5 * 449,32,11
(2) * 3 * 11 * 2 * 2 * 2^n - 13 * 5 * 179,32,11
(2) * 3 * 11 * 2 * 131 * 2^n - 13 * 5 * 31,32,11
(2) * 3 * 11 * 2 * 131 * 2^n - 13 * 5 * 47,32,11
(2) * 3 * 11 * 2 * 109 * 7 * 2^n - 13 * 5 * 193 * 877,32,11
661551 * 5 * 2^n - 1,32,11
6039 * 2^n - 1,32,11
8616 * 2^n - 1,32,11
2^n + 849,32,11
2^n + 129 * 5,32,11
2^n + 3625 * 5,32,11
2^n + 8907 * 5,32,11
2^n + 11787 * 5,32,11
2^n + 13845 * 5,32,11
4^n - 71 * 13,32,11
2^n * 8616 - 1,32,11
2^n * 76860 - 1,32,11
2^n - 741,32,11
2^n - 48555,32,11
2^n * 33 + 1349,32,11
2^n * 33 + 2177,32,11
2^n * 33 + 2555,32,11
2^n + 3423 * 5,31,11
2^n + 3087 * 5,31,11
2^n + 1167 * 5,31,11
6 * 23 * 2^n - 83 * 5,31,11
6 * 38 * 2^n - 65 * 5,31,11
6 * 4 * 2^n - 581 * 5,31,11
6 * 12 * 2^n - 319 * 5,31,11
6 * 18 * 2^n - 553 * 5,31,11
6 * 18 * 2^n - 775 * 5,31,11
6 * 23 * 2^n - 985 * 5,31,11
6 * 46 * 2^n - 143 * 5,31,11
6 * 48 * 2^n - 319 * 5,31,11
6 * 51 * 2^n - 451 * 5,31,11
6 * 57 * 2^n - 343 * 5,31,11
6 * 72 * 2^n - 299 * 5,31,11
6 * 72 * 2^n - 775 * 5,31,11
6 * 73 * 2^n - 221 * 5,31,11
6 * 79 * 2^n - 89 * 5,31,11
6 * 81 * 2^n - 131 * 5,31,11
6 * 92 * 2^n - 523 * 5,31,11
6 * 99 * 2^n - 733 * 5,31,11
6 * 99 * 2^n - 937 * 5,31,11
6 * 106 * 2^n - 475 * 5,31,11
6 * 106 * 2^n - 649 * 5,31,11
6 * 112 * 2^n - 125 * 5,31,11
6 * 119 * 2^n - 13 * 5,31,11
6 * 119 * 2^n - 197 * 5,31,11
6 * 122 * 2^n - 511 * 5,31,11
6 * 124 * 2^n - 533 * 5,31,11
6 * 126 * 2^n - 451 * 5,31,11
6 * 127 * 2^n - 413 * 5,31,11
6 * 132 * 2^n - 295 * 5,31,11
6 * 147 * 2^n - 611 * 5,31,11
6 * 154 * 2^n - 73 * 5,31,11
6 * 159 * 2^n - 133 * 5,31,11
6 * 163 * 2^n - 271 * 5,31,11
6 * 167 * 2^n - 637 * 5,31,11
6 * 168 * 2^n - 569 * 5,31,11
6 * 178 * 2^n - 329 * 5,31,11
6 * 187 * 2^n - 403 * 5,31,11
6 * 191 * 2^n - 283 * 5,31,11
6 * 196 * 2^n - 403 * 5,31,11
6 * 204 * 2^n - 755 * 5,31,11
6 * 208 * 2^n - 779 * 5,31,11
6 * 208 * 2^n - 947 * 5,31,11
6 * 216 * 2^n - 715 * 5,31,11
6 * 218 * 2^n - 293 * 5,31,11
6 * 231 * 2^n - 167 * 5,31,11
6 * 233 * 2^n - 923 * 5,31,11
6 * 237 * 2^n - 289 * 5,31,11
6 * 238 * 2^n - 683 * 5,31,11
6 * 242 * 2^n - 245 * 5,31,11
6 * 251 * 2^n - 247 * 5,31,11
6 * 252 * 2^n - 319 * 5,31,11
6 * 252 * 2^n - 451 * 5,31,11
6 * 253 * 2^n - 215 * 5,31,11
2 * 3 * 7 * 2^n - 37 * 5,31,11
2 * 3 * 16 * 2^n - 61 * 5,31,11
2 * 3 * 22 * 2^n - 95 * 5,31,11
2 * 3 * 26 * 2^n - 55 * 5,31,11
2 * 3 * 33 * 2^n - 25 * 5,31,11
2 * 3 * 61 * 2^n - 83 * 5,31,11
2 * 3 * 73 * 2^n - 11 * 5,31,11
2 * 3 * 73 * 2^n - 95 * 5,31,11
2 * 3 * 88 * 2^n - 35 * 5,31,11
2 * 3 * 93 * 2^n - 1 * 5,31,11
4564188 * 5 * 2^n + 1,31,11
(2) * 3 * 11 * 2 * 3 * 2^n - 13 * 5 * 1237,31,11
(2) * 3 * 11 * 2 * 3 * 2^n - 13 * 5 * 5869,31,11
(2) * 3 * 11 * 2 * 1667 * 2^n - 13 * 5 * 8731,31,11
(2) * 3 * 11 * 2 * 2131 * 2^n - 13 * 5 * 2371,31,11
(2) * 3 * 11 * 2 * 8 * 2^n - 13 * 5 * 37,31,11
(2) * 3 * 11 * 2 * 31 * 2^n - 13 * 5 * 173,31,11
(2) * 3 * 11 * 2 * 157 * 2^n - 13 * 5 * 41,31,11
5 * 7 * 3^n + 2 * 47,31,11
5 * 59 * 3^n + 2 * 74,31,11
885 * 2^n - 1,31,11
66837 * 5 * 2^n - 1,31,11
1089 * 2^n + 1,31,11
2244 * 2^n + 1,31,11
2^n + 645,31,11
2^n + 13821 * 5,31,11
2^n + 15351 * 5,31,11
2^n + 15421 * 5,31,11
2^n * 324285 - 1,31,11
2^n * 80454 - 1,31,11
2^n * 93240 - 1,31,11
2^n - 92511,31,11
2^n - 19239,31,11
2^n - 38685,31,11
2^n - 52905,31,11
2^n - 55725,31,11
2^n - 69201,31,11
3^n * 3 + 16 * 2^n + 18,31,11
2^n + 4815 * 5,30,11
2^n + 1425 * 5,30,11
6 * 19 * 2^n - 319 * 5,30,11
6 * 26 * 2^n - 505 * 5,30,11
6 * 33 * 2^n - 71 * 5,30,11
6 * 33 * 2^n - 575 * 5,30,11
6 * 36 * 2^n - 283 * 5,30,11
6 * 37 * 2^n - 245 * 5,30,11
6 * 38 * 2^n - 737 * 5,30,11
6 * 42 * 2^n - 277 * 5,30,11
6 * 48 * 2^n - 259 * 5,30,11
6 * 51 * 2^n - 59 * 5,30,11
6 * 52 * 2^n - 151 * 5,30,11
6 * 52 * 2^n - 193 * 5,30,11
6 * 57 * 2^n - 845 * 5,30,11
6 * 59 * 2^n - 197 * 5,30,11
6 * 59 * 2^n - 935 * 5,30,11
6 * 71 * 2^n - 383 * 5,30,11
6 * 86 * 2^n - 145 * 5,30,11
6 * 91 * 2^n - 139 * 5,30,11
6 * 93 * 2^n - 703 * 5,30,11
6 * 102 * 2^n - 209 * 5,30,11
6 * 104 * 2^n - 833 * 5,30,11
6 * 112 * 2^n - 841 * 5,30,11
6 * 121 * 2^n - 455 * 5,30,11
6 * 123 * 2^n - 335 * 5,30,11
6 * 126 * 2^n - 559 * 5,30,11
6 * 127 * 2^n - 377 * 5,30,11
6 * 129 * 2^n - 631 * 5,30,11
6 * 148 * 2^n - 341 * 5,30,11
6 * 156 * 2^n - 103 * 5,30,11
6 * 158 * 2^n - 227 * 5,30,11
6 * 161 * 2^n - 169 * 5,30,11
6 * 164 * 2^n - 361 * 5,30,11
6 * 168 * 2^n - 703 * 5,30,11
6 * 169 * 2^n - 551 * 5,30,11
6 * 182 * 2^n - 137 * 5,30,11
6 * 183 * 2^n - 227 * 5,30,11
6 * 187 * 2^n - 805 * 5,30,11
6 * 187 * 2^n - 995 * 5,30,11
6 * 191 * 2^n - 649 * 5,30,11
6 * 197 * 2^n - 175 * 5,30,11
6 * 204 * 2^n - 209 * 5,30,11
6 * 207 * 2^n - 931 * 5,30,11
6 * 208 * 2^n - 505 * 5,30,11
6 * 216 * 2^n - 343 * 5,30,11
6 * 221 * 2^n - 607 * 5,30,11
6 * 222 * 2^n - 113 * 5,30,11
6 * 226 * 2^n - 593 * 5,30,11
6 * 231 * 2^n - 437 * 5,30,11
6 * 233 * 2^n - 671 * 5,30,11
6 * 236 * 2^n - 197 * 5,30,11
6 * 236 * 2^n - 371 * 5,30,11
6 * 237 * 2^n - 133 * 5,30,11
6 * 239 * 2^n - 125 * 5,30,11
6 * 239 * 2^n - 377 * 5,30,11
6 * 239 * 2^n - 451 * 5,30,11
2 * 3 * 6 * 2^n - 55 * 5,30,11
2 * 3 * 19 * 2^n - 41 * 5,30,11
2 * 3 * 49 * 2^n - 65 * 5,30,11
2 * 3 * 53 * 2^n - 65 * 5,30,11
2 * 3 * 19 * 77 * 2^n - 25 * 5,30,11
2 * 3 * 11 * 97872 * 2^n - 25 * 5,30,11
(2) * 3 * 11 * 2 * 8501 * 2^n - 13 * 5 * 8237,30,11
(2) * 3 * 11 * 2 * 6977 * 2^n - 13 * 5 * 1289,30,11
(2) * 3 * 11 * 2 * 911 * 2^n - 13 * 5 * 5233,30,11
(2) * 3 * 11 * 2 * 683 * 2^n - 13 * 5 * 8017,30,11
(2) * 3 * 11 * 2 * 1439 * 2^n - 13 * 5 * 673,30,11
(2) * 3 * 11 * 2 * 2 * 2^n - 13 * 5 * 361,30,11
(2) * 3 * 11 * 2 * 14 * 2^n - 13 * 5 * 79,30,11
(2) * 3 * 11 * 2 * 19 * 2^n - 13 * 5 * 199,30,11
(2) * 3 * 11 * 2 * 71 * 2^n - 13 * 5 * 137,30,11
(2) * 3 * 11 * 2 * 79 * 2^n - 13 * 5 * 127,30,11
(2) * 3 * 11 * 2 * 113 * 2^n - 13 * 5 * 53,30,11
5 * 31 * 3^n + 2 * 77,30,11
615 * 2^n - 1,30,11
4221 * 2^n + 1,30,11
8295 * 2^n - 1,30,11
2^n + 375 * 5,30,11
2^n + 9555 * 5,30,11
2^n + 12075 * 5,30,11
2^n + 15567 * 5,30,11
2^n + 15651 * 5,30,11
2^n * 552474 - 1,30,11
2^n * 848700 - 1,30,11
2^n * 976650 - 1,30,11
2^n * 194925 - 1,30,11
2^n * 91584 - 1,30,11
2^n - 29319,30,11
2^n - 45321,30,11
2^n - 73359,30,11
2^n - 5 * 73005,30,11
2^n * 33 + 923,30,11
2^n + 4641 * 5,29,11
2^n + 4401 * 5,29,11
2^n + 2889 * 5,29,11
2^n + 2835 * 5,29,11
6 * 13 * 2^n - 29 * 5,29,11
6 * 31 * 2^n - 197 * 5,29,11
6 * 31 * 2^n - 529 * 5,29,11
6 * 33 * 2^n - 107 * 5,29,11
6 * 41 * 2^n - 695 * 5,29,11
6 * 42 * 2^n - 197 * 5,29,11
6 * 44 * 2^n - 559 * 5,29,11
6 * 49 * 2^n - 913 * 5,29,11
6 * 54 * 2^n - 449 * 5,29,11
6 * 62 * 2^n - 275 * 5,29,11
6 * 63 * 2^n - 65 * 5,29,11
6 * 64 * 2^n - 131 * 5,29,11
6 * 72 * 2^n - 707 * 5,29,11
6 * 74 * 2^n - 433 * 5,29,11
6 * 76 * 2^n - 163 * 5,29,11
6 * 77 * 2^n - 305 * 5,29,11
6 * 78 * 2^n - 629 * 5,29,11
6 * 78 * 2^n - 979 * 5,29,11
6 * 79 * 2^n - 845 * 5,29,11
6 * 91 * 2^n - 803 * 5,29,11
6 * 93 * 2^n - 857 * 5,29,11
6 * 101 * 2^n - 169 * 5,29,11
6 * 109 * 2^n - 773 * 5,29,11
6 * 111 * 2^n - 343 * 5,29,11
6 * 111 * 2^n - 371 * 5,29,11
6 * 113 * 2^n - 341 * 5,29,11
6 * 114 * 2^n - 103 * 5,29,11
6 * 117 * 2^n - 431 * 5,29,11
6 * 117 * 2^n - 515 * 5,29,11
6 * 118 * 2^n - 487 * 5,29,11
6 * 121 * 2^n - 115 * 5,29,11
6 * 124 * 2^n - 197 * 5,29,11
6 * 126 * 2^n - 835 * 5,29,11
6 * 127 * 2^n - 31 * 5,29,11
6 * 131 * 2^n - 121 * 5,29,11
6 * 133 * 2^n - 143 * 5,29,11
6 * 134 * 2^n - 329 * 5,29,11
6 * 136 * 2^n - 149 * 5,29,11
6 * 141 * 2^n - 749 * 5,29,11
6 * 142 * 2^n - 349 * 5,29,11
6 * 142 * 2^n - 377 * 5,29,11
6 * 142 * 2^n - 937 * 5,29,11
6 * 143 * 2^n - 379 * 5,29,11
6 * 147 * 2^n - 745 * 5,29,11
6 * 151 * 2^n - 775 * 5,29,11
6 * 156 * 2^n - 61 * 5,29,11
6 * 157 * 2^n - 659 * 5,29,11
6 * 163 * 2^n - 923 * 5,29,11
6 * 169 * 2^n - 811 * 5,29,11
6 * 173 * 2^n - 169 * 5,29,11
6 * 174 * 2^n - 161 * 5,29,11
6 * 179 * 2^n - 13 * 5,29,11
6 * 179 * 2^n - 959 * 5,29,11
6 * 186 * 2^n - 269 * 5,29,11
6 * 187 * 2^n - 161 * 5,29,11
6 * 187 * 2^n - 463 * 5,29,11
6 * 189 * 2^n - 335 * 5,29,11
6 * 191 * 2^n - 805 * 5,29,11
6 * 204 * 2^n - 335 * 5,29,11
6 * 206 * 2^n - 5 * 5,29,11
6 * 214 * 2^n - 437 * 5,29,11
6 * 216 * 2^n - 851 * 5,29,11
6 * 221 * 2^n - 283 * 5,29,11
6 * 224 * 2^n - 359 * 5,29,11
6 * 228 * 2^n - 97 * 5,29,11
6 * 229 * 2^n - 539 * 5,29,11
6 * 234 * 2^n - 127 * 5,29,11
6 * 237 * 2^n - 25 * 5,29,11
6 * 238 * 2^n - 929 * 5,29,11
6 * 239 * 2^n - 481 * 5,29,11
6 * 241 * 2^n - 527 * 5,29,11
6 * 242 * 2^n - 437 * 5,29,11
6 * 242 * 2^n - 553 * 5,29,11
6 * 242 * 2^n - 707 * 5,29,11
6 * 247 * 2^n - 479 * 5,29,11
6 * 248 * 2^n - 575 * 5,29,11
6 * 249 * 2^n - 565 * 5,29,11
2 * 3 * 2 * 2^n - 97 * 5,29,11
2 * 3 * 16 * 2^n - 17 * 5,29,11
2 * 3 * 22 * 2^n - 41 * 5,29,11
2 * 3 * 43 * 2^n - 49 * 5,29,11
2 * 3 * 44 * 2^n - 43 * 5,29,11
(2) * 3 * 11 * 2 * 2 * 2^n - 13 * 5 * 2179,29,11
(2) * 3 * 11 * 2 * 2 * 2^n - 13 * 5 * 7757,29,11
(2) * 3 * 11 * 2 * 2 * 2^n - 13 * 5 * 9419,29,11
(2) * 3 * 11 * 2 * 3607 * 2^n - 13 * 5 * 2473,29,11
(2) * 3 * 11 * 2 * 8233 * 2^n - 13 * 5 * 3511,29,11
(2) * 3 * 11 * 2 * 12 * 2^n - 13 * 5 * 269,29,11
(2) * 3 * 11 * 2 * 14 * 2^n - 13 * 5 * 157,29,11
(2) * 3 * 11 * 2 * 23 * 2^n - 13 * 5 * 7,29,11
5 * 11 * 3^n + 2 * 29,29,11
5 * 31 * 3^n + 2 * 94,29,11
741 * 2^n - 1,29,11
1605 * 2^n + 1,29,11
9498 * 2^n - 1,29,11
2^n + 5361 * 5,29,11
2^n + 8943 * 5,29,11
2^n + 9061 * 5,29,11
2^n + 11991 * 5,29,11
2^n + 12897 * 5,29,11
2^n + 16275 * 5,29,11
2^n * 119139 - 1,29,11
2^n * 82290 - 1,29,11
2^n * 741 - 1,29,11
2^n - 1785,29,11
2^n - 47655,29,11
2^n - 51511,29,11
2^n * 33 + 5549,29,11
2^n + 8271 * 5,28,11
6 * 84 * 2^n - 37 * 5,28,11
6 * 11 * 2^n - 145 * 5,28,11
6 * 11 * 2^n - 313 * 5,28,11
6 * 28 * 2^n - 709 * 5,28,11
6 * 29 * 2^n - 229 * 5,28,11
6 * 31 * 2^n - 499 * 5,28,11
6 * 31 * 2^n - 749 * 5,28,11
6 * 34 * 2^n - 539 * 5,28,11
6 * 37 * 2^n - 833 * 5,28,11
6 * 42 * 2^n - 205 * 5,28,11
6 * 42 * 2^n - 415 * 5,28,11
6 * 46 * 2^n - 329 * 5,28,11
6 * 53 * 2^n - 217 * 5,28,11
6 * 57 * 2^n - 587 * 5,28,11
6 * 58 * 2^n - 215 * 5,28,11
6 * 62 * 2^n - 841 * 5,28,11
6 * 63 * 2^n - 113 * 5,28,11
6 * 72 * 2^n - 551 * 5,28,11
6 * 76 * 2^n - 67 * 5,28,11
6 * 88 * 2^n - 769 * 5,28,11
6 * 104 * 2^n - 415 * 5,28,11
6 * 106 * 2^n - 73 * 5,28,11
6 * 106 * 2^n - 425 * 5,28,11
6 * 107 * 2^n - 217 * 5,28,11
6 * 109 * 2^n - 749 * 5,28,11
6 * 111 * 2^n - 275 * 5,28,11
6 * 111 * 2^n - 539 * 5,28,11
6 * 114 * 2^n - 619 * 5,28,11
6 * 117 * 2^n - 707 * 5,28,11
6 * 118 * 2^n - 155 * 5,28,11
6 * 119 * 2^n - 373 * 5,28,11
6 * 122 * 2^n - 935 * 5,28,11
6 * 124 * 2^n - 553 * 5,28,11
6 * 126 * 2^n - 65 * 5,28,11
6 * 128 * 2^n - 371 * 5,28,11
6 * 134 * 2^n - 845 * 5,28,11
6 * 138 * 2^n - 317 * 5,28,11
6 * 139 * 2^n - 407 * 5,28,11
6 * 146 * 2^n - 37 * 5,28,11
6 * 146 * 2^n - 473 * 5,28,11
6 * 151 * 2^n - 649 * 5,28,11
6 * 153 * 2^n - 893 * 5,28,11
6 * 154 * 2^n - 131 * 5,28,11
6 * 157 * 2^n - 347 * 5,28,11
6 * 158 * 2^n - 299 * 5,28,11
6 * 162 * 2^n - 143 * 5,28,11
6 * 163 * 2^n - 349 * 5,28,11
6 * 169 * 2^n - 623 * 5,28,11
6 * 169 * 2^n - 853 * 5,28,11
6 * 178 * 2^n - 247 * 5,28,11
6 * 182 * 2^n - 43 * 5,28,11
6 * 187 * 2^n - 377 * 5,28,11
6 * 187 * 2^n - 431 * 5,28,11
6 * 187 * 2^n - 709 * 5,28,11
6 * 191 * 2^n - 913 * 5,28,11
6 * 199 * 2^n - 191 * 5,28,11
6 * 199 * 2^n - 749 * 5,28,11
6 * 201 * 2^n - 667 * 5,28,11
6 * 204 * 2^n - 185 * 5,28,11
6 * 204 * 2^n - 563 * 5,28,11
6 * 207 * 2^n - 283 * 5,28,11
6 * 208 * 2^n - 253 * 5,28,11
6 * 208 * 2^n - 499 * 5,28,11
6 * 209 * 2^n - 575 * 5,28,11
6 * 217 * 2^n - 295 * 5,28,11
6 * 217 * 2^n - 355 * 5,28,11
6 * 221 * 2^n - 713 * 5,28,11
6 * 224 * 2^n - 569 * 5,28,11
6 * 226 * 2^n - 83 * 5,28,11
6 * 226 * 2^n - 665 * 5,28,11
6 * 233 * 2^n - 929 * 5,28,11
6 * 238 * 2^n - 185 * 5,28,11
6 * 238 * 2^n - 979 * 5,28,11
6 * 241 * 2^n - 697 * 5,28,11
6 * 244 * 2^n - 779 * 5,28,11
6 * 252 * 2^n - 817 * 5,28,11
6 * 253 * 2^n - 377 * 5,28,11
2 * 3 * 19 * 2^n - 55 * 5,28,11
2 * 3 * 46 * 2^n - 5 * 5,28,11
2 * 3 * 61 * 2^n - 55 * 5,28,11
2 * 3 * 66 * 2^n - 1 * 5,28,11
2 * 3 * 71 * 2^n - 7 * 5,28,11
2 * 3 * 88 * 2^n - 79 * 5,28,11
2 * 3 * 92 * 2^n - 7 * 5,28,11
8281752 * 5 * 2^n + 1,28,11
7 + 2^(n + 1) + 3^(n - 1) - 1,28,11
(2) * 3 * 11 * 2 * 3 * 2^n - 13 * 5 * 1171,28,11
(2) * 3 * 11 * 2 * 3 * 2^n - 13 * 5 * 5437,28,11
(2) * 3 * 11 * 2 * 5737 * 2^n - 13 * 5 * 3347,28,11
(2) * 3 * 11 * 2 * 1543 * 2^n - 13 * 5 * 5059,28,11
(2) * 3 * 11 * 2 * 8971 * 2^n - 13 * 5 * 4597,28,11
(2) * 3 * 11 * 2 * 2129 * 2^n - 13 * 5 * 463,28,11
(2) * 3 * 11 * 2 * 6 * 2^n - 13 * 5 * 325,28,11
(2) * 3 * 11 * 2 * 14 * 2^n - 13 * 5 * 73,28,11
(2) * 3 * 11 * 2 * 103 * 2^n - 13 * 5 * 89,28,11
(2) * 3 * 11 * 2 * 181 * 2^n - 13 * 5 * 83,28,11
(2) * 3 * 11 * 2 * 109 * 23 * 2^n - 13 * 5 * 193 * 499,28,11
(2) * 3 * 11 * 2 * 109 * 23 * 2^n - 13 * 5 * 193 * 797,28,11
5 * 35 * 3^n + 2 * 11,28,11
5 * 53 * 3^n + 2 * 73,28,11
6051 * 2^n - 1,28,11
7164 * 2^n - 1,28,11
10206 * 2^n - 1,28,11
2^n + 13515 * 5,28,11
2^n + 693 * n * 5,28,11
2^n * 963816 - 1,28,11
2^n * 67926 - 1,28,11
2^n * 53331 - 1,28,11
2^n * 7164 - 1,28,11
2^n - 2001,28,11
2^n - 7341,28,11
2^n - 17295,28,11
2^n - 24939,28,11
2^n - 27291,28,11
2^n - 31239,28,11
2^n - 58365,28,11
2^n - 66225,28,11
2^n * 33 + 1417,28,11
2^n * 33 + 1897,28,11
2^n * 33 + 5393,28,11
2^n * 33 + 6583,28,11
3^n * 2 + 27 * 2^n + 23,28,11
2^n + 7651 * 5,27,11
2^n + 7389 * 5,27,11
2^n + 5913 * 5,27,11
2^n + 2679 * 5,27,11
2^n + 1869 * 5,27,11
2^n + 963 * 5,27,11
6 * 48 * 2^n - 79 * 5,27,11
6 * 86 * 2^n - 61 * 5,27,11
6 * 93 * 2^n - 73 * 5,27,11
6 * 3 * 2^n - 23 * 5,27,11
6 * 16 * 2^n - 139 * 5,27,11
6 * 18 * 2^n - 565 * 5,27,11
6 * 19 * 2^n - 245 * 5,27,11
6 * 23 * 2^n - 727 * 5,27,11
6 * 29 * 2^n - 559 * 5,27,11
6 * 34 * 2^n - 151 * 5,27,11
6 * 34 * 2^n - 865 * 5,27,11
6 * 39 * 2^n - 727 * 5,27,11
6 * 58 * 2^n - 13 * 5,27,11
6 * 56 * 2^n - 755 * 5,27,11
6 * 64 * 2^n - 437 * 5,27,11
6 * 66 * 2^n - 133 * 5,27,11
6 * 66 * 2^n - 679 * 5,27,11
6 * 67 * 2^n - 343 * 5,27,11
6 * 67 * 2^n - 493 * 5,27,11
6 * 72 * 2^n - 269 * 5,27,11
6 * 72 * 2^n - 559 * 5,27,11
6 * 76 * 2^n - 119 * 5,27,11
6 * 77 * 2^n - 425 * 5,27,11
6 * 77 * 2^n - 989 * 5,27,11
6 * 78 * 2^n - 209 * 5,27,11
6 * 78 * 2^n - 851 * 5,27,11
6 * 79 * 2^n - 937 * 5,27,11
6 * 81 * 2^n - 349 * 5,27,11
6 * 81 * 2^n - 623 * 5,27,11
6 * 86 * 2^n - 635 * 5,27,11
6 * 89 * 2^n - 827 * 5,27,11
6 * 91 * 2^n - 145 * 5,27,11
6 * 91 * 2^n - 487 * 5,27,11
6 * 97 * 2^n - 205 * 5,27,11
6 * 106 * 2^n - 427 * 5,27,11
6 * 106 * 2^n - 539 * 5,27,11
6 * 113 * 2^n - 425 * 5,27,11
6 * 122 * 2^n - 109 * 5,27,11
6 * 122 * 2^n - 953 * 5,27,11
6 * 123 * 2^n - 581 * 5,27,11
6 * 126 * 2^n - 713 * 5,27,11
6 * 131 * 2^n - 907 * 5,27,11
6 * 132 * 2^n - 515 * 5,27,11
6 * 134 * 2^n - 803 * 5,27,11
6 * 137 * 2^n - 943 * 5,27,11
6 * 138 * 2^n - 109 * 5,27,11
6 * 139 * 2^n - 197 * 5,27,11
6 * 141 * 2^n - 13 * 5,27,11
6 * 141 * 2^n - 689 * 5,27,11
6 * 146 * 2^n - 161 * 5,27,11
6 * 146 * 2^n - 421 * 5,27,11
6 * 147 * 2^n - 395 * 5,27,11
6 * 154 * 2^n - 85 * 5,27,11
6 * 154 * 2^n - 479 * 5,27,11
6 * 156 * 2^n - 133 * 5,27,11
6 * 157 * 2^n - 767 * 5,27,11
6 * 161 * 2^n - 863 * 5,27,11
6 * 162 * 2^n - 551 * 5,27,11
6 * 162 * 2^n - 605 * 5,27,11
6 * 164 * 2^n - 323 * 5,27,11
6 * 168 * 2^n - 283 * 5,27,11
6 * 169 * 2^n - 671 * 5,27,11
6 * 171 * 2^n - 25 * 5,27,11
6 * 177 * 2^n - 437 * 5,27,11
6 * 182 * 2^n - 773 * 5,27,11
6 * 183 * 2^n - 377 * 5,27,11
6 * 188 * 2^n - 211 * 5,27,11
6 * 189 * 2^n - 169 * 5,27,11
6 * 189 * 2^n - 871 * 5,27,11
6 * 191 * 2^n - 439 * 5,27,11
6 * 193 * 2^n - 13 * 5,27,11
6 * 196 * 2^n - 793 * 5,27,11
6 * 199 * 2^n - 365 * 5,27,11
6 * 202 * 2^n - 211 * 5,27,11
6 * 208 * 2^n - 259 * 5,27,11
6 * 208 * 2^n - 967 * 5,27,11
6 * 216 * 2^n - 109 * 5,27,11
6 * 217 * 2^n - 793 * 5,27,11
6 * 224 * 2^n - 407 * 5,27,11
6 * 226 * 2^n - 979 * 5,27,11
6 * 236 * 2^n - 715 * 5,27,11
6 * 238 * 2^n - 71 * 5,27,11
6 * 239 * 2^n - 187 * 5,27,11
6 * 242 * 2^n - 161 * 5,27,11
6 * 242 * 2^n - 763 * 5,27,11
6 * 247 * 2^n - 745 * 5,27,11
2 * 3 * 29 * 2^n - 25 * 5,27,11
2 * 3 * 36 * 2^n - 35 * 5,27,11
2 * 3 * 44 * 2^n - 85 * 5,27,11
8522184 * 5 * 2^n + 1,27,11
(1 + 10) * 2^(n - 2 + 1) - (2 + 1),27,11
(2) * 3 * 11 * 2 * 2 * 2^n - 13 * 5 * 4523,27,11
(2) * 3 * 11 * 2 * 2 * 2^n - 13 * 5 * 4657,27,11
(2) * 3 * 11 * 2 * 449 * 2^n - 13 * 5 * 5531,27,11
(2) * 3 * 11 * 2 * 93 * 2^n - 13 * 5 * 29,27,11
(2) * 3 * 11 * 2 * 1 * 2^n - 13 * 5 * 17,27,11
(2) * 3 * 11 * 2 * 3 * 2^n - 13 * 5 * 259,27,11
(2) * 3 * 11 * 2 * 16 * 2^n - 13 * 5 * 49,27,11
(2) * 3 * 11 * 2 * 11 * 2^n - 13 * 5 * 79,27,11
(2) * 3 * 11 * 2 * 17 * 2^n - 13 * 5 * 199,27,11
(2) * 3 * 11 * 2 * 43 * 2^n - 13 * 5 * 73,27,11
(2) * 3 * 11 * 2 * 109 * 2^n - 13 * 5 * 59,27,11
(2) * 3 * 11 * 2 * 109 * 29 * 2^n - 13 * 5 * 193 * 907,27,11
(2) * 3 * 11 * 2 * 109 * 29 * 2^n - 13 * 5 * 193 * 953,27,11
5 * 13 * 3^n + 2 * 34,27,11
5 * 57 * 3^n + 2 * 2,27,11
2115 * 2^n - 1,27,11
1304 * 2^n + 1,27,11
5769 * 2^n + 1,27,11
3951 * 2^n - 1,27,11
8445 * 2^n - 1,27,11
8511 * 2^n - 1,27,11
2^n * 562926 - 1,27,11
2^n * 214795 - 1,27,11
2^n * 67665 - 1,27,11
2^n * 56511 - 1,27,11
2^n - 6165,27,11
2^n - 28479,27,11
2^n - 40269,27,11
2^n * 33 + (7),27,11
2^n * 33 + 7,27,11
n# * 122 + 1,27,11
2^n + 3433 * 5,26,11
2^n + 2299 * 5,26,11
2^n + 1929 * 5,26,11
2^n + 2065 * 5,26,11
2^n + 1341 * 5,26,11
6 * 8 * 2^n - 683 * 5,26,11
6 * 13 * 2^n - 113 * 5,26,11
6 * 13 * 2^n - 827 * 5,26,11
6 * 19 * 2^n - 413 * 5,26,11
6 * 19 * 2^n - 583 * 5,26,11
6 * 22 * 2^n - 137 * 5,26,11
6 * 36 * 2^n - 607 * 5,26,11
6 * 43 * 2^n - 329 * 5,26,11
6 * 47 * 2^n - 667 * 5,26,11
6 * 54 * 2^n - 995 * 5,26,11
6 * 58 * 2^n - 323 * 5,26,11
6 * 58 * 2^n - 437 * 5,26,11
6 * 59 * 2^n - 877 * 5,26,11
6 * 61 * 2^n - 445 * 5,26,11
6 * 67 * 2^n - 619 * 5,26,11
6 * 77 * 2^n - 17 * 5,26,11
6 * 74 * 2^n - 355 * 5,26,11
6 * 76 * 2^n - 583 * 5,26,11
6 * 79 * 2^n - 203 * 5,26,11
6 * 79 * 2^n - 559 * 5,26,11
6 * 82 * 2^n - 739 * 5,26,11
6 * 88 * 2^n - 49 * 5,26,11
6 * 87 * 2^n - 463 * 5,26,11
6 * 89 * 2^n - 209 * 5,26,11
6 * 89 * 2^n - 371 * 5,26,11
6 * 89 * 2^n - 791 * 5,26,11
6 * 93 * 2^n - 391 * 5,26,11
6 * 99 * 2^n - 503 * 5,26,11
6 * 106 * 2^n - 973 * 5,26,11
6 * 107 * 2^n - 341 * 5,26,11
6 * 114 * 2^n - 281 * 5,26,11
6 * 114 * 2^n - 715 * 5,26,11
6 * 114 * 2^n - 887 * 5,26,11
6 * 117 * 2^n - 743 * 5,26,11
6 * 121 * 2^n - 581 * 5,26,11
6 * 127 * 2^n - 367 * 5,26,11
6 * 127 * 2^n - 829 * 5,26,11
6 * 128 * 2^n - 227 * 5,26,11
6 * 131 * 2^n - 851 * 5,26,11
6 * 144 * 2^n - 343 * 5,26,11
6 * 146 * 2^n - 403 * 5,26,11
6 * 147 * 2^n - 569 * 5,26,11
6 * 149 * 2^n - 157 * 5,26,11
6 * 156 * 2^n - 55 * 5,26,11
6 * 157 * 2^n - 263 * 5,26,11
6 * 162 * 2^n - 479 * 5,26,11
6 * 164 * 2^n - 67 * 5,26,11
6 * 172 * 2^n - 881 * 5,26,11
6 * 173 * 2^n - 323 * 5,26,11
6 * 173 * 2^n - 665 * 5,26,11
6 * 173 * 2^n - 767 * 5,26,11
6 * 179 * 2^n - 871 * 5,26,11
6 * 188 * 2^n - 995 * 5,26,11
6 * 189 * 2^n - 541 * 5,26,11
6 * 199 * 2^n - 109 * 5,26,11
6 * 203 * 2^n - 895 * 5,26,11
6 * 208 * 2^n - 323 * 5,26,11
6 * 208 * 2^n - 431 * 5,26,11
6 * 211 * 2^n - 157 * 5,26,11
6 * 212 * 2^n - 973 * 5,26,11
6 * 214 * 2^n - 467 * 5,26,11
6 * 216 * 2^n - 463 * 5,26,11
6 * 227 * 2^n - 889 * 5,26,11
6 * 228 * 2^n - 341 * 5,26,11
6 * 231 * 2^n - 485 * 5,26,11
6 * 231 * 2^n - 845 * 5,26,11
6 * 232 * 2^n - 437 * 5,26,11
6 * 233 * 2^n - 397 * 5,26,11
6 * 233 * 2^n - 407 * 5,26,11
6 * 239 * 2^n - 997 * 5,26,11
6 * 241 * 2^n - 281 * 5,26,11
6 * 246 * 2^n - 901 * 5,26,11
6 * 249 * 2^n - 643 * 5,26,11
6 * 252 * 2^n - 229 * 5,26,11
6 * 252 * 2^n - 697 * 5,26,11
6 * 253 * 2^n - 227 * 5,26,11
2 * 3 * 99 * 2^n - 53 * 5,26,11
(1 + 8) * 2^(n - 1 + 1) - (4 + 1),26,11
(1 + 10) * 2^(n - 10 + 1) - (2 + 1),26,11
(2) * 3 * 11 * 2 * 7949 * 2^n - 13 * 5 * 1493,26,11
(2) * 3 * 11 * 2 * 146 * 2^n - 13 * 5 * 257,26,11
(2) * 3 * 11 * 2 * 47 * 2^n - 13 * 5 * 181,26,11
(2) * 3 * 11 * 2 * 107 * 2^n - 13 * 5 * 67,26,11
(2) * 3 * 11 * 2 * 197 * 2^n - 13 * 5 * 151,26,11
5 * 19 * 3^n + 2 * 77,26,11
5 * 23 * 3^n + 2 * 77,26,11
3684 * 2^n + 1,26,11
4104 * 2^n + 1,26,11
5216 * 2^n + 1,26,11
5100 * 2^n + 1,26,11
8055 * 2^n - 1,26,11
9714 * 2^n - 1,26,11
2^n + 2665 * 5,26,11
2^n - 2289,26,11
2^n + 8679 * 5,26,11
2^n + 11841 * 5,26,11
2^n * 323445 - 1,26,11
2^n * 570051 - 1,26,11
2^n * 735591 - 1,26,11
2^n * 889356 - 1,26,11
2^n * 95688 - 1,26,11
2^n * 77901 - 1,26,11
2^n * 45384 - 1,26,11
2^n - 76635,26,11
2^n - 88665,26,11
2^n - 2469,26,11
2^n - 10839,26,11
2^n - 12039,26,11
2^n - 34611,26,11
2^n - 33459,26,11
2^n - 46465,26,11
2^n - 53679,26,11
2^n - 54495,26,11
2^n - 66771,26,11
2^n * 33 + 2203,26,11
2^n * 33 + 3565,26,11
2^n * 33 + 5557,26,11
3^n * 6 + 2 * 2^n + 21,26,11
3^n * 19 + 11 * 2^n + 18,26,11
3^n * 4 + 9 * 2^n - 1,26,11
3^n * 90 + 60 * 2^n - 1,26,11
2^n + 6849 * 5,25,11
2^n + 2013 * 5,25,11
6 * 1 * 2^n - 419 * 5,25,11
6 * 7 * 2^n - 335 * 5,25,11
6 * 8 * 2^n - 187 * 5,25,11
6 * 9 * 2^n - 847 * 5,25,11
6 * 17 * 2^n - 389 * 5,25,11
6 * 17 * 2^n - 581 * 5,25,11
6 * 21 * 2^n - 215 * 5,25,11
6 * 31 * 2^n - 95 * 5,25,11
6 * 38 * 2^n - 989 * 5,25,11
6 * 51 * 2^n - 103 * 5,25,11
6 * 53 * 2^n - 439 * 5,25,11
6 * 56 * 2^n - 979 * 5,25,11
6 * 61 * 2^n - 583 * 5,25,11
6 * 69 * 2^n - 949 * 5,25,11
6 * 71 * 2^n - 239 * 5,25,11
6 * 72 * 2^n - 215 * 5,25,11
6 * 79 * 2^n - 77 * 5,25,11
6 * 87 * 2^n - 119 * 5,25,11
6 * 87 * 2^n - 137 * 5,25,11
6 * 87 * 2^n - 947 * 5,25,11
6 * 89 * 2^n - 401 * 5,25,11
6 * 93 * 2^n - 119 * 5,25,11
6 * 93 * 2^n - 553 * 5,25,11
6 * 94 * 2^n - 575 * 5,25,11
6 * 104 * 2^n - 703 * 5,25,11
6 * 113 * 2^n - 413 * 5,25,11
6 * 118 * 2^n - 31 * 5,25,11
6 * 124 * 2^n - 491 * 5,25,11
6 * 127 * 2^n - 685 * 5,25,11
6 * 129 * 2^n - 481 * 5,25,11
6 * 132 * 2^n - 449 * 5,25,11
6 * 138 * 2^n - 91 * 5,25,11
6 * 138 * 2^n - 169 * 5,25,11
6 * 141 * 2^n - 623 * 5,25,11
6 * 144 * 2^n - 481 * 5,25,11
6 * 144 * 2^n - 497 * 5,25,11
6 * 147 * 2^n - 275 * 5,25,11
6 * 147 * 2^n - 715 * 5,25,11
6 * 147 * 2^n - 887 * 5,25,11
6 * 148 * 2^n - 385 * 5,25,11
6 * 149 * 2^n - 955 * 5,25,11
6 * 151 * 2^n - 275 * 5,25,11
6 * 154 * 2^n - 899 * 5,25,11
6 * 159 * 2^n - 403 * 5,25,11
6 * 161 * 2^n - 293 * 5,25,11
6 * 163 * 2^n - 853 * 5,25,11
6 * 164 * 2^n - 301 * 5,25,11
6 * 169 * 2^n - 383 * 5,25,11
6 * 176 * 2^n - 481 * 5,25,11
6 * 176 * 2^n - 577 * 5,25,11
6 * 178 * 2^n - 145 * 5,25,11
6 * 179 * 2^n - 259 * 5,25,11
6 * 179 * 2^n - 439 * 5,25,11
6 * 181 * 2^n - 127 * 5,25,11
6 * 189 * 2^n - 629 * 5,25,11
6 * 189 * 2^n - 823 * 5,25,11
6 * 191 * 2^n - 391 * 5,25,11
6 * 193 * 2^n - 317 * 5,25,11
6 * 194 * 2^n - 949 * 5,25,11
6 * 204 * 2^n - 521 * 5,25,11
6 * 204 * 2^n - 875 * 5,25,11
6 * 209 * 2^n - 493 * 5,25,11
6 * 227 * 2^n - 757 * 5,25,11
6 * 232 * 2^n - 923 * 5,25,11
6 * 233 * 2^n - 251 * 5,25,11
6 * 234 * 2^n - 415 * 5,25,11
6 * 234 * 2^n - 967 * 5,25,11
6 * 238 * 2^n - 311 * 5,25,11
6 * 238 * 2^n - 815 * 5,25,11
6 * 246 * 2^n - 689 * 5,25,11
2 * 3 * 37 * 2^n - 7 * 5,25,11
2 * 3 * 44 * 2^n - 31 * 5,25,11
2 * 3 * 67 * 2^n - 79 * 5,25,11
8300589 * 5 * 2^n - 1,25,11
4693878 * 5 * 2^n + 1,25,11
(1 + 19) * 2^(n - 17 + 1) - (2 + 1),25,11
(2) * 3 * 11 * 2 * 2 * 2^n - 13 * 5 * 5903,25,11
(2) * 3 * 11 * 2 * 3 * 2^n - 13 * 5 * 523,25,11
(2) * 3 * 11 * 2 * 5591 * 2^n - 13 * 5 * 8627,25,11
(2) * 3 * 11 * 2 * 5737 * 2^n - 13 * 5 * 4201,25,11
(2) * 3 * 11 * 2 * 6397 * 2^n - 13 * 5 * 1483,25,11
(2) * 3 * 11 * 2 * 8999 * 2^n - 13 * 5 * 1439,25,11
(2) * 3 * 11 * 2 * 29 * 2^n - 13 * 5 * 127,25,11
(2) * 3 * 11 * 2 * 109 * 19 * 2^n - 13 * 5 * 193 * 101,25,11
(2) * 3 * 11 * 2 * 109 * 19 * 2^n - 13 * 5 * 193 * 659,25,11
(2) * 3 * 11 * 2 * 109 * 29 * 2^n - 13 * 5 * 193 * 941,25,11
5 * 13 * 3^n + 2 * 28,25,11
5 * 55 * 3^n + 2 * 7,25,11
6 * 2 * 2^n - 1 * 5,25,11
199 * 2^n - 1,25,11
1195 * 2^n - 1,25,11
1956 * 2^n - 1,25,11
5 * 9432801 * 2^n - 1,25,11
553683 * 5 * 2^n - 1,25,11
6054 * 2^n - 1,25,11
8385 * 2^n - 1,25,11
9751 * 2^n - 1,25,11
2^n + 5331 * 5,25,11
2^n + 9033 * 5,25,11
2^n + 11527 * 5,25,11
2^n + 11791 * 5,25,11
2^n + 11877 * 5,25,11
2^n + 227151 * n * 5,25,11
2^n * 600705 - 1,25,11
2^n * 425208 - 1,25,11
2^n * 941766 - 1,25,11
2^n * 664695 - 1,25,11
2^n * 278085 - 1,25,11
2^n * 11280 - 1,25,11
2^n * 122661 - 1,25,11
2^n * 290631 - 1,25,11
2^n * 32214 - 1,25,11
2^n * 51366 - 1,25,11
2^n * 95241 - 1,25,11
2^n * 8385 - 1,25,11
2^n - 76275,25,11
2^n - 91881,25,11
2^n - 6219,25,11
2^n - 51715,25,11
2^n - 72957,25,11
2^n - 5 * 10343,25,11
2^n * 33 + 3577,25,11
2^n + 837 * 5,24,11
6 * 8 * 2^n - 565 * 5,24,11
6 * 12 * 2^n - 13 * 5,24,11
6 * 13 * 2^n - 49 * 5,24,11
6 * 13 * 2^n - 889 * 5,24,11
6 * 14 * 2^n - 425 * 5,24,11
6 * 19 * 2^n - 203 * 5,24,11
6 * 21 * 2^n - 139 * 5,24,11
6 * 22 * 2^n - 221 * 5,24,11
6 * 26 * 2^n - 839 * 5,24,11
6 * 34 * 2^n - 217 * 5,24,11
6 * 36 * 2^n - 593 * 5,24,11
6 * 37 * 2^n - 143 * 5,24,11
6 * 49 * 2^n - 139 * 5,24,11
6 * 49 * 2^n - 871 * 5,24,11
6 * 54 * 2^n - 179 * 5,24,11
6 * 56 * 2^n - 503 * 5,24,11
6 * 58 * 2^n - 983 * 5,24,11
6 * 59 * 2^n - 827 * 5,24,11
6 * 63 * 2^n - 397 * 5,24,11
6 * 67 * 2^n - 83 * 5,24,11
6 * 69 * 2^n - 337 * 5,24,11
6 * 69 * 2^n - 961 * 5,24,11
6 * 71 * 2^n - 629 * 5,24,11
6 * 73 * 2^n - 191 * 5,24,11
6 * 79 * 2^n - 565 * 5,24,11
6 * 81 * 2^n - 985 * 5,24,11
6 * 84 * 2^n - 929 * 5,24,11
6 * 86 * 2^n - 637 * 5,24,11
6 * 89 * 2^n - 331 * 5,24,11
6 * 96 * 2^n - 553 * 5,24,11
6 * 97 * 2^n - 479 * 5,24,11
6 * 97 * 2^n - 655 * 5,24,11
6 * 99 * 2^n - 551 * 5,24,11
6 * 103 * 2^n - 589 * 5,24,11
6 * 111 * 2^n - 239 * 5,24,11
6 * 114 * 2^n - 395 * 5,24,11
6 * 114 * 2^n - 523 * 5,24,11
6 * 118 * 2^n - 443 * 5,24,11
6 * 119 * 2^n - 365 * 5,24,11
6 * 122 * 2^n - 155 * 5,24,11
6 * 122 * 2^n - 347 * 5,24,11
6 * 127 * 2^n - 445 * 5,24,11
6 * 129 * 2^n - 71 * 5,24,11
6 * 129 * 2^n - 319 * 5,24,11
6 * 129 * 2^n - 889 * 5,24,11
6 * 138 * 2^n - 125 * 5,24,11
6 * 138 * 2^n - 187 * 5,24,11
6 * 138 * 2^n - 707 * 5,24,11
6 * 139 * 2^n - 11 * 5,24,11
6 * 151 * 2^n - 455 * 5,24,11
6 * 152 * 2^n - 469 * 5,24,11
6 * 153 * 2^n - 611 * 5,24,11
6 * 156 * 2^n - 493 * 5,24,11
6 * 158 * 2^n - 7 * 5,24,11
6 * 159 * 2^n - 151 * 5,24,11
6 * 161 * 2^n - 415 * 5,24,11
6 * 166 * 2^n - 767 * 5,24,11
6 * 171 * 2^n - 749 * 5,24,11
6 * 176 * 2^n - 881 * 5,24,11
6 * 184 * 2^n - 707 * 5,24,11
6 * 186 * 2^n - 881 * 5,24,11
6 * 191 * 2^n - 857 * 5,24,11
6 * 198 * 2^n - 701 * 5,24,11
6 * 208 * 2^n - 553 * 5,24,11
6 * 209 * 2^n - 647 * 5,24,11
6 * 211 * 2^n - 287 * 5,24,11
6 * 212 * 2^n - 523 * 5,24,11
6 * 219 * 2^n - 31 * 5,24,11
6 * 221 * 2^n - 853 * 5,24,11
6 * 223 * 2^n - 73 * 5,24,11
6 * 223 * 2^n - 863 * 5,24,11
6 * 227 * 2^n - 385 * 5,24,11
6 * 233 * 2^n - 731 * 5,24,11
6 * 236 * 2^n - 571 * 5,24,11
6 * 239 * 2^n - 697 * 5,24,11
6 * 244 * 2^n - 595 * 5,24,11
6 * 246 * 2^n - 721 * 5,24,11
6885 * 2^n + 1,24,11
1259930 * 5 * 2^n - 1,24,11
5 * 2^(n - 11) - 3,24,11
47 * 2^(n - 31) - 79,24,11
(1 + 6) * 2^(n - 4 + 1) - (4 + 1),24,11
(1 + 6) * 2^(n - 6 + 1) - (4 + 1),24,11
(2) * 3 * 11 * 2 * 5237 * 2^n - 13 * 5 * 3923,24,11
(2) * 3 * 11 * 2 * 4013 * 2^n - 13 * 5 * 3793,24,11
(2) * 3 * 11 * 2 * 199 * 2^n - 13 * 5 * 37,24,11
(2) * 3 * 11 * 2 * 109 * 23 * 2^n - 13 * 5 * 193 * 167,24,11
486 * 2^n - 1,24,11
3795 * 2^n - 1,24,11
15192 * 5 * 2^n - 1,24,11
100248 * 5 * 2^n - 1,24,11
1395 * 2^n + 1,24,11
2829 * 2^n + 1,24,11
5001 * 2^n - 1,24,11
8404 * 2^n - 1,24,11
9036 * 2^n - 1,24,11
2^n + 2719 * 5,24,11
2^n + 9141 * 5,24,11
2^n + 12421 * 5,24,11
2^n + 12999 * 5,24,11
2^n + 14497 * 5,24,11
2^n + 627939 * n * 5,24,11
2^n * 187335 - 1,24,11
2^n * 205110 - 1,24,11
2^n * 91446 - 1,24,11
2^n * 96771 - 1,24,11
2^n * 32565 - 1,24,11
2^n - 77901,24,11
2^n - 85935,24,11
2^n - 7315,24,11
2^n - 24051,24,11
2^n - 45549,24,11
2^n - 52935,24,11
2^n - 63915,24,11
2^n - 65649,24,11
2^n - 71631,24,11
2^n * 33 + 1343,24,11
2^n * 33 + 3467,24,11
2^n * 33 + 4517,24,11
2^n * 33 + 4667,24,11
3^n * 8 + 27 * 2^n + 11,24,11
2^n + 7147 * 5,23,11
2^n + 5709 * 5,23,11
2^n + 3853 * 5,23,11
2^n + 4297 * 5,23,11
2^n + 3181 * 5,23,11
2^n + 1393 * 5,23,11
6 * 17 * 2^n - 23 * 5,23,11
6 * 2 * 2^n - 97 * 5,23,11
6 * 17 * 2^n - 649 * 5,23,11
6 * 23 * 2^n - 259 * 5,23,11
6 * 28 * 2^n - 949 * 5,23,11
6 * 39 * 2^n - 265 * 5,23,11
6 * 39 * 2^n - 443 * 5,23,11
6 * 41 * 2^n - 617 * 5,23,11
6 * 43 * 2^n - 103 * 5,23,11
6 * 44 * 2^n - 343 * 5,23,11
6 * 46 * 2^n - 229 * 5,23,11
6 * 51 * 2^n - 253 * 5,23,11
6 * 51 * 2^n - 269 * 5,23,11
6 * 53 * 2^n - 391 * 5,23,11
6 * 54 * 2^n - 827 * 5,23,11
6 * 56 * 2^n - 223 * 5,23,11
6 * 67 * 2^n - 629 * 5,23,11
6 * 69 * 2^n - 193 * 5,23,11
6 * 71 * 2^n - 271 * 5,23,11
6 * 72 * 2^n - 257 * 5,23,11
6 * 77 * 2^n - 445 * 5,23,11
6 * 86 * 2^n - 689 * 5,23,11
6 * 97 * 2^n - 449 * 5,23,11
6 * 98 * 2^n - 253 * 5,23,11
6 * 98 * 2^n - 809 * 5,23,11
6 * 113 * 2^n - 943 * 5,23,11
6 * 118 * 2^n - 823 * 5,23,11
6 * 119 * 2^n - 83 * 5,23,11
6 * 122 * 2^n - 145 * 5,23,11
6 * 123 * 2^n - 383 * 5,23,11
6 * 129 * 2^n - 455 * 5,23,11
6 * 129 * 2^n - 569 * 5,23,11
6 * 131 * 2^n - 91 * 5,23,11
6 * 131 * 2^n - 599 * 5,23,11
6 * 136 * 2^n - 299 * 5,23,11
6 * 138 * 2^n - 67 * 5,23,11
6 * 139 * 2^n - 647 * 5,23,11
6 * 144 * 2^n - 811 * 5,23,11
6 * 144 * 2^n - 877 * 5,23,11
6 * 147 * 2^n - 167 * 5,23,11
6 * 147 * 2^n - 923 * 5,23,11
6 * 148 * 2^n - 551 * 5,23,11
6 * 154 * 2^n - 709 * 5,23,11
6 * 154 * 2^n - 967 * 5,23,11
6 * 156 * 2^n - 731 * 5,23,11
6 * 167 * 2^n - 211 * 5,23,11
6 * 168 * 2^n - 13 * 5,23,11
6 * 168 * 2^n - 737 * 5,23,11
6 * 177 * 2^n - 533 * 5,23,11
6 * 182 * 2^n - 485 * 5,23,11
6 * 189 * 2^n - 341 * 5,23,11
6 * 189 * 2^n - 991 * 5,23,11
6 * 193 * 2^n - 577 * 5,23,11
6 * 194 * 2^n - 883 * 5,23,11
6 * 201 * 2^n - 827 * 5,23,11
6 * 203 * 2^n - 809 * 5,23,11
6 * 207 * 2^n - 215 * 5,23,11
6 * 207 * 2^n - 961 * 5,23,11
6 * 212 * 2^n - 253 * 5,23,11
6 * 219 * 2^n - 847 * 5,23,11
6 * 223 * 2^n - 557 * 5,23,11
6 * 227 * 2^n - 827 * 5,23,11
6 * 229 * 2^n - 475 * 5,23,11
6 * 231 * 2^n - 211 * 5,23,11
6 * 233 * 2^n - 533 * 5,23,11
6 * 237 * 2^n - 445 * 5,23,11
6 * 237 * 2^n - 697 * 5,23,11
6 * 238 * 2^n - 607 * 5,23,11
6 * 239 * 2^n - 991 * 5,23,11
6 * 247 * 2^n - 833 * 5,23,11
(2) * 3 * 11 * 2 * 3 * 2^n - 13 * 5 * 2221,23,11
(2) * 3 * 11 * 2 * 7591 * 2^n - 13 * 5 * 3373,23,11
(2) * 3 * 11 * 2 * 9227 * 2^n - 13 * 5 * 877,23,11
(2) * 3 * 11 * 2 * 701 * 2^n - 13 * 5 * 5209,23,11
5 * 37 * 3^n + 2 * 29,23,11
300 * 2^n - 1,23,11
2469 * 2^n - 1,23,11
2319 * 2^n + 1,23,11
4575 * 2^n + 1,23,11
4424 * 2^n + 1,23,11
5226 * 2^n + 1,23,11
4086 * 2^n - 1,23,11
5736 * 2^n - 1,23,11
9771 * 2^n - 1,23,11
2^n + 95,23,11
4^n + 483,23,11
2^n + 19 * 5,23,11
2^n + 4087 * 5,23,11
2^n + 10897 * 5,23,11
2^n + 11277 * 5,23,11
2^n + 11799 * 5,23,11
2^n + 12361 * 5,23,11
2^n + 13285 * 5,23,11
2^n + 15451 * 5,23,11
2^n + 15553 * 5,23,11
2^n + 99 * n * 5,23,11
2^n * 881109 - 1,23,11
2^n * 599016 - 1,23,11
2^n * 770658 - 1,23,11
2^n * 23331 - 1,23,11
2^n * 59926 - 1,23,11
2^n * 55396 - 1,23,11
2^n - 54249,23,11
2^n - 97839,23,11
2^n - 7159,23,11
2^n - 6999,23,11
2^n - 14259,23,11
2^n - 15799,23,11
2^n - 32059,23,11
2^n - 37401,23,11
2^n - 42579,23,11
2^n - 65121,23,11
2^n - 70339,23,11
2^n * 33 + 217,23,11
2^n * 33 + 1603,23,11
2^n * 33 + 1993,23,11
2^n * 33 + 4637,23,11
3^n * 7 + 6 * 2^n + 20,23,11
3^n * 88 + 78 * 2^n - 1,23,11
2^n + 6481 * 5,22,11
2^n + 5871 * 5,22,11
2^n + 4249 * 5,22,11
2^n + 4639 * 5,22,11
2^n + 2191 * 5,22,11
2^n + 1183 * 5,22,11
6 * 22 * 2^n - 41 * 5,22,11
6 * 2 * 2^n - 47 * 5,22,11
6 * 21 * 2^n - 949 * 5,22,11
6 * 23 * 2^n - 881 * 5,22,11
6 * 28 * 2^n - 233 * 5,22,11
6 * 31 * 2^n - 61 * 5,22,11
6 * 36 * 2^n - 599 * 5,22,11
6 * 37 * 2^n - 623 * 5,22,11
6 * 61 * 2^n - 575 * 5,22,11
6 * 61 * 2^n - 947 * 5,22,11
6 * 63 * 2^n - 305 * 5,22,11
6 * 64 * 2^n - 809 * 5,22,11
6 * 82 * 2^n - 43 * 5,22,11
6 * 78 * 2^n - 151 * 5,22,11
6 * 83 * 2^n - 749 * 5,22,11
6 * 84 * 2^n - 433 * 5,22,11
6 * 87 * 2^n - 595 * 5,22,11
6 * 88 * 2^n - 359 * 5,22,11
6 * 92 * 2^n - 433 * 5,22,11
6 * 94 * 2^n - 173 * 5,22,11
6 * 98 * 2^n - 401 * 5,22,11
6 * 102 * 2^n - 553 * 5,22,11
6 * 106 * 2^n - 235 * 5,22,11
6 * 108 * 2^n - 589 * 5,22,11
6 * 109 * 2^n - 133 * 5,22,11
6 * 126 * 2^n - 263 * 5,22,11
6 * 133 * 2^n - 503 * 5,22,11
6 * 138 * 2^n - 377 * 5,22,11
6 * 151 * 2^n - 395 * 5,22,11
6 * 157 * 2^n - 365 * 5,22,11
6 * 158 * 2^n - 205 * 5,22,11
6 * 159 * 2^n - 511 * 5,22,11
6 * 161 * 2^n - 587 * 5,22,11
6 * 162 * 2^n - 907 * 5,22,11
6 * 166 * 2^n - 127 * 5,22,11
6 * 167 * 2^n - 385 * 5,22,11
6 * 177 * 2^n - 643 * 5,22,11
6 * 189 * 2^n - 905 * 5,22,11
6 * 193 * 2^n - 905 * 5,22,11
6 * 196 * 2^n - 347 * 5,22,11
6 * 206 * 2^n - 397 * 5,22,11
6 * 207 * 2^n - 7 * 5,22,11
6 * 216 * 2^n - 529 * 5,22,11
6 * 218 * 2^n - 781 * 5,22,11
6 * 221 * 2^n - 371 * 5,22,11
6 * 224 * 2^n - 151 * 5,22,11
6 * 234 * 2^n - 131 * 5,22,11
6 * 234 * 2^n - 655 * 5,22,11
6 * 242 * 2^n - 59 * 5,22,11
6 * 242 * 2^n - 541 * 5,22,11
6 * 243 * 2^n - 349 * 5,22,11
6 * 243 * 2^n - 965 * 5,22,11
6 * 246 * 2^n - 755 * 5,22,11
6 * 251 * 2^n - 661 * 5,22,11
2 * 3 * 66 * 2^n - 19 * 5,22,11
2 * 3 * 72 * 2^n - 85 * 5,22,11
2 * 3 * 94 * 2^n - 61 * 5,22,11
8499 * 2^n + 1,22,11
11 * 2^(n - 7) - 3,22,11
(1 + 10) * 2^(n - 5 + 1) - (8 + 1),22,11
(2) * 3 * 11 * 2 * 2 * 2^n - 13 * 5 * 1091,22,11
(2) * 3 * 11 * 2 * 2 * 2^n - 13 * 5 * 2351,22,11
(2) * 3 * 11 * 2 * 2 * 2^n - 13 * 5 * 7237,22,11
(2) * 3 * 11 * 2 * 1951 * 2^n - 13 * 5 * 7561,22,11
(2) * 3 * 11 * 2 * 811 * 2^n - 13 * 5 * 9551,22,11
(2) * 3 * 11 * 2 * 61 * 2^n - 13 * 5 * 127,22,11
(2) * 3 * 11 * 2 * 79 * 2^n - 13 * 5 * 13,22,11
(2) * 3 * 11 * 2 * 109 * 29 * 2^n - 13 * 5 * 193 * 79,22,11
(2) * 3 * 11 * 2 * 109 * 31 * 2^n - 13 * 5 * 193 * 787,22,11
874 * 2^n - 1,22,11
4047 * 2^n + 1,22,11
4484 * 2^n + 1,22,11
5054 * 2^n + 1,22,11
4359 * 2^n - 1,22,11
4774 * 2^n - 1,22,11
6289 * 2^n - 1,22,11
8694 * 2^n - 1,22,11
2^n + 539,22,11
3^n + 650,22,11
2^n + 13453 * 5,22,11
2^n + 16125 * 5,22,11
3^n + 322 * n * 5,22,11
2^n * 437541 - 1,22,11
2^n * 217140 - 1,22,11
2^n * 874 - 1,22,11
2^n * 824316 - 1,22,11
2^n * 279579 - 1,22,11
2^n * 80734 - 1,22,11
2^n * 65814 - 1,22,11
2^n * 48369 - 1,22,11
2^n * 64590 - 1,22,11
2^n - 33229,22,11
2^n - 77185,22,11
2^n - 82719,22,11
2^n - 82885,22,11
2^n - 2071,22,11
2^n - 17611,22,11
2^n - 23721,22,11
2^n - 48229,22,11
2^n - 49171,22,11
2^n - 52449,22,11
2^n - 68775,22,11
2^n - 5 * 97115,22,11
2^n - 5 * 56123,22,11
2^n * 33 + 6317,22,11
2^n + 1879 * 5,21,11
2^n + 997 * 5,21,11
6 * 18 * 2^n - 91 * 5,21,11
6 * 1 * 2^n - 809 * 5,21,11
6 * 2 * 2^n - 103 * 5,21,11
6 * 18 * 2^n - 301 * 5,21,11
6 * 24 * 2^n - 779 * 5,21,11
6 * 26 * 2^n - 629 * 5,21,11
6 * 27 * 2^n - 107 * 5,21,11
6 * 43 * 2^n - 115 * 5,21,11
6 * 44 * 2^n - 607 * 5,21,11
6 * 49 * 2^n - 437 * 5,21,11
6 * 53 * 2^n - 815 * 5,21,11
6 * 54 * 2^n - 487 * 5,21,11
6 * 66 * 2^n - 497 * 5,21,11
6 * 78 * 2^n - 199 * 5,21,11
6 * 88 * 2^n - 35 * 5,21,11
6 * 87 * 2^n - 653 * 5,21,11
6 * 88 * 2^n - 245 * 5,21,11
6 * 92 * 2^n - 341 * 5,21,11
6 * 92 * 2^n - 643 * 5,21,11
6 * 99 * 2^n - 151 * 5,21,11
6 * 104 * 2^n - 31 * 5,21,11
6 * 104 * 2^n - 911 * 5,21,11
6 * 106 * 2^n - 287 * 5,21,11
6 * 107 * 2^n - 103 * 5,21,11
6 * 111 * 2^n - 227 * 5,21,11
6 * 111 * 2^n - 479 * 5,21,11
6 * 112 * 2^n - 661 * 5,21,11
6 * 114 * 2^n - 997 * 5,21,11
6 * 118 * 2^n - 589 * 5,21,11
6 * 121 * 2^n - 343 * 5,21,11
6 * 127 * 2^n - 545 * 5,21,11
6 * 129 * 2^n - 667 * 5,21,11
6 * 132 * 2^n - 865 * 5,21,11
6 * 133 * 2^n - 17 * 5,21,11
6 * 141 * 2^n - 767 * 5,21,11
6 * 143 * 2^n - 901 * 5,21,11
6 * 157 * 2^n - 737 * 5,21,11
6 * 157 * 2^n - 901 * 5,21,11
6 * 167 * 2^n - 925 * 5,21,11
6 * 176 * 2^n - 437 * 5,21,11
6 * 178 * 2^n - 299 * 5,21,11
6 * 181 * 2^n - 149 * 5,21,11
6 * 189 * 2^n - 487 * 5,21,11
6 * 191 * 2^n - 491 * 5,21,11
6 * 192 * 2^n - 733 * 5,21,11
6 * 201 * 2^n - 349 * 5,21,11
6 * 201 * 2^n - 707 * 5,21,11
6 * 203 * 2^n - 451 * 5,21,11
6 * 208 * 2^n - 125 * 5,21,11
6 * 208 * 2^n - 209 * 5,21,11
6 * 212 * 2^n - 61 * 5,21,11
6 * 213 * 2^n - 917 * 5,21,11
6 * 219 * 2^n - 547 * 5,21,11
6 * 219 * 2^n - 629 * 5,21,11
6 * 238 * 2^n - 895 * 5,21,11
6 * 246 * 2^n - 809 * 5,21,11
6 * 252 * 2^n - 977 * 5,21,11
216 * 2^n + 1,21,11
9330092 * 5 * 2^n - 1,21,11
97 * 2^(n - 2) - 37,21,11
(2) * 3 * 11 * 2 * 1213 * 2^n - 13 * 5 * 4409,21,11
(2) * 3 * 11 * 2 * 9 * 2^n - 13 * 5 * 233,21,11
2 * 3 * 1 * 2^n - 161 * 5,21,11
5 * 41 * 3^n + 2 * 31,21,11
5 * 43 * 3^n + 2 * 23,21,11
3069 * 2^n - 1,21,11
1794 * 2^n + 1,21,11
4319 * 2^n + 1,21,11
4749 * 2^n + 1,21,11
4950 * 2^n - 1,21,11
2^n + 123 * 5,21,11
2^n + 8431 * 5,21,11
2^n + 8439 * 5,21,11
2^n + 10405 * 5,21,11
2^n + 12261 * 5,21,11
2^n + 15645 * 5,21,11
2^n + 447405 * n * 5,21,11
2^n * 56784 - 1,21,11
2^n * 650620 - 1,21,11
2^n * 329644 - 1,21,11
2^n * 823989 - 1,21,11
2^n * 886704 - 1,21,11
2^n * 464929 - 1,21,11
2^n * 96669 - 1,21,11
2^n * 67276 - 1,21,11
2^n * 67354 - 1,21,11
2^n - 56181,21,11
2^n - 62385,21,11
2^n - 81291,21,11
2^n - 22155,21,11
2^n - 29151,21,11
2^n - 36135,21,11
2^n - 46581,21,11
2^n - 53079,21,11
2^n - 60151,21,11
2^n - 66219,21,11
2^n - 73645,21,11
2^n * 33 + 4823,21,11
3^n * 2 + 3 * 2^n + 19,21,11
3^n * 4 + 3 * 2^n + 19,21,11
3^n * 4 + 6 * 2^n + 23,21,11
3^n * 74 + 99 * 2^n - 1,21,11
n# * 176 + 1,21,11
2^n * 452721 - 1,20,11
2^n * 271041 - 1,20,11
2^n * 302718 - 1,20,11
2^n * 782431 - 1,20,11
2^n * 43651 - 1,20,11
2^n * 88746 - 1,20,11
2^n * 31164 - 1,20,11
2^n * 362740 - 1,20,11
2^n * 55510 - 1,20,11
2^n * 751941 - 1,20,11
2^n * 19734 - 1,20,11
2^n * 75894 - 1,20,11
2^n * 65854 - 1,20,11
2^n * 29260 - 1,20,11
2^n * 41271 - 1,20,11
2^n * 86551 - 1,20,11
2^n * 68701 - 1,20,11
2^n - 2401,20,11
2^n - 83719,20,11
2^n - 94401,20,11
2^n - 2721,20,11
2^n - 4189,20,11
2^n - 9295,20,11
2^n - 21715,20,11
2^n - 21519,20,11
2^n - 29961,20,11
2^n - 37591,20,11
2^n - 40045,20,11
2^n - 46189,20,11
2^n - 54439,20,11
2^n - 72159,20,11
2^n * 33 + 1237,20,11
3^n * 1 + 2 * 2^n + 24,20,11
3^n * 6 + 7 * 2^n + 15,20,11
3^n * 23 + 30 * 2^n + 22,20,11
2^n + 555,58,10
2 * 3 * 88 * 2^n - 13 * 5,53,10
2 * 3 * 26 * 2^n - 11 * 5,49,10
6 * 143 * 2^n - 665 * 5,48,10
2 * 3 * 32 * 2^n - 5 * 5,48,10
2 * 3 * 46 * 2^n - 35 * 5,48,10
2 * 3 * 11 * 268 * 2^n - 13 * 5,48,10
2 * 3 * 91 * 2^n - 1 * 5,47,10
2 * 3 * 92 * 2^n - 35 * 5,47,10
2 * 3 * 11 * 102 * 2^n - 13 * 5,47,10
(2) * 3 * 11 * 2 * 53 * 2^n - 13 * 5 * 29,47,10
2 * 3 * 29 * 2^n - 35 * 5,46,10
2 * 3 * 83 * 2^n - 71 * 5,46,10
2 * 3 * 94 * 2^n - 29 * 5,46,10
2 * 3 * 11 * 242 * 2^n - 13 * 5,46,10
(2) * 3 * 11 * 2 * 7001 * 2^n - 13 * 5 * 3733,46,10
(2) * 3 * 11 * 2 * 199 * 2^n - 13 * 5 * 73,46,10
9225 * 2^n - 1,46,10
2^n + 12255 * 5,46,10
2 * 3 * 47 * 2^n - 77 * 5,45,10
2 * 3 * 77 * 2^n - 65 * 5,45,10
2 * 3 * 43 * 2^n - 5 * 5,44,10
2 * 3 * 11 * 149 * 2^n - 13 * 5,44,10
2 * 3 * 11 * 214 * 2^n - 13 * 5,44,10
(2) * 3 * 11 * 2 * 197 * 2^n - 13 * 5 * 37,44,10
2^n + 7293 * 5,43,10
2 * 3 * 8 * 2^n - 55 * 5,43,10
2 * 3 * 53 * 2^n - 91 * 5,43,10
2 * 3 * 54 * 2^n - 53 * 5,43,10
2 * 3 * 69 * 2^n - 11 * 5,43,10
2 * 3 * 11 * 298 * 2^n - 13 * 5,43,10
2^n + 10395 * 5,43,10
3^n * 84 + 69 * 2^n - 1,43,10
6 * 51 * 2^n - 385 * 5,42,10
6 * 169 * 2^n - 385 * 5,42,10
6 * 204 * 2^n - 385 * 5,42,10
2 * 3 * 6 * 2^n - 25 * 5,42,10
2 * 3 * 14 * 2^n - 17 * 5,42,10
2 * 3 * 24 * 2^n - 25 * 5,42,10
2 * 3 * 63 * 2^n - 17 * 5,42,10
2 * 3 * 73 * 2^n - 37 * 5,42,10
2 * 3 * 82 * 2^n - 25 * 5,42,10
(2) * 3 * 11 * 2 * 53 * 2^n - 13 * 5 * 137,42,10
(2) * 3 * 11 * 2 * 79 * 2^n - 13 * 5 * 149,42,10
(2) * 3 * 11 * 2 * 107 * 2^n - 13 * 5 * 193,42,10
(2) * 3 * 11 * 2 * 163 * 2^n - 13 * 5 * 107,42,10
2^n + 11373 * 5,42,10
2^n + 13221 * 5,42,10
2^n - 6705,42,10
2^n + 1137 * 5,41,10
2^n + 999 * 5,41,10
2 * 3 * 37 * 2^n - 77 * 5,41,10
2 * 3 * 39 * 2^n - 77 * 5,41,10
2 * 3 * 47 * 2^n - 71 * 5,41,10
2 * 3 * 48 * 2^n - 25 * 5,41,10
2 * 3 * 81 * 2^n - 5 * 5,41,10
2 * 3 * 84 * 2^n - 11 * 5,41,10
2 * 3 * 11 * 252 * 2^n - 13 * 5,41,10
(2) * 3 * 11 * 2 * 1 * 2^n - 13 * 5 * 127,41,10
(2) * 3 * 11 * 2 * 4 * 2^n - 13 * 5 * 127,41,10
(2) * 3 * 11 * 2 * 6 * 2^n - 13 * 5 * 13,41,10
(2) * 3 * 11 * 2 * 16 * 2^n - 13 * 5 * 127,41,10
(2) * 3 * 11 * 2 * 79 * 2^n - 13 * 5 * 23,41,10
574779 * 5 * 2^n - 1,41,10
2^n + 165,41,10
2^n + 12435 * 5,41,10
2^n + 4317 * 5,40,10
2^n + 2805 * 5,40,10
2^n + 2691 * 5,40,10
2^n + 741 * 5,40,10
6 * 139 * 2^n - 715 * 5,40,10
6 * 206 * 2^n - 779 * 5,40,10
2 * 3 * 23 * 2^n - 55 * 5,40,10
2 * 3 * 37 * 2^n - 89 * 5,40,10
2 * 3 * 43 * 2^n - 91 * 5,40,10
2 * 3 * 47 * 2^n - 37 * 5,40,10
2 * 3 * 54 * 2^n - 77 * 5,40,10
2 * 3 * 87 * 2^n - 37 * 5,40,10
2 * 3 * 87 * 2^n - 95 * 5,40,10
(2) * 3 * 11 * 2 * 7 * 2^n - 13 * 5 * 71,40,10
(2) * 3 * 11 * 2 * 41 * 2^n - 13 * 5 * 73,40,10
(2) * 3 * 11 * 2 * 97 * 2^n - 13 * 5 * 173,40,10
2^n + 8613 * 5,40,10
2^n + 14391 * 5,40,10
2^n * 33 + 5605,40,10
2^n + 7287 * 5,39,10
2^n + 1113 * 5,39,10
6 * 106 * 2^n - 721 * 5,39,10
6 * 152 * 2^n - 11 * 5,39,10
6 * 188 * 2^n - 583 * 5,39,10
2 * 3 * 41 * 2^n - 91 * 5,39,10
2 * 3 * 78 * 2^n - 1 * 5,39,10
2 * 3 * 84 * 2^n - 29 * 5,39,10
2 * 3 * 92 * 2^n - 13 * 5,39,10
2 * 3 * 97 * 2^n - 67 * 5,39,10
2 * 3 * 19 * 7 * 2^n - 25 * 5,39,10
2 * 3 * 11 * 24416 * 2^n - 25 * 5,39,10
(2) * 3 * 11 * 2 * 2 * 2^n - 13 * 5 * 3011,39,10
(2) * 3 * 11 * 2 * 3 * 2^n - 13 * 5 * 1979,39,10
(2) * 3 * 11 * 2 * 44 * 2^n - 13 * 5 * 301,39,10
(2) * 3 * 11 * 2 * 12 * 2^n - 13 * 5 * 377,39,10
(2) * 3 * 11 * 2 * 11 * 2^n - 13 * 5 * 43,39,10
(2) * 3 * 11 * 2 * 89 * 2^n - 13 * 5 * 167,39,10
(2) * 3 * 11 * 2 * 127 * 2^n - 13 * 5 * 67,39,10
2^n + 9393 * 5,39,10
2^n + 5115 * 5,38,10
2^n + 3477 * 5,38,10
6 * 33 * 2^n - 169 * 5,38,10
6 * 74 * 2^n - 115 * 5,38,10
6 * 84 * 2^n - 275 * 5,38,10
6 * 118 * 2^n - 95 * 5,38,10
6 * 132 * 2^n - 169 * 5,38,10
2 * 3 * 7 * 2^n - 31 * 5,38,10
2 * 3 * 9 * 2^n - 73 * 5,38,10
2 * 3 * 16 * 2^n - 49 * 5,38,10
2 * 3 * 17 * 2^n - 37 * 5,38,10
2 * 3 * 29 * 2^n - 13 * 5,38,10
2 * 3 * 29 * 2^n - 31 * 5,38,10
2 * 3 * 32 * 2^n - 49 * 5,38,10
2 * 3 * 36 * 2^n - 73 * 5,38,10
2 * 3 * 48 * 2^n - 35 * 5,38,10
2 * 3 * 56 * 2^n - 13 * 5,38,10
2 * 3 * 61 * 2^n - 23 * 5,38,10
2 * 3 * 64 * 2^n - 31 * 5,38,10
2 * 3 * 79 * 2^n - 59 * 5,38,10
2 * 3 * 88 * 2^n - 97 * 5,38,10
(2) * 3 * 11 * 2 * 2 * 2^n - 13 * 5 * 6043,38,10
(2) * 3 * 11 * 2 * 2 * 2^n - 13 * 5 * 8243,38,10
(2) * 3 * 11 * 2 * 227 * 2^n - 13 * 5 * 5717,38,10
(2) * 3 * 11 * 2 * 6 * 2^n - 13 * 5 * 301,38,10
(2) * 3 * 11 * 2 * 14 * 2^n - 13 * 5 * 109,38,10
(2) * 3 * 11 * 2 * 7 * 2^n - 13 * 5 * 59,38,10
(2) * 3 * 11 * 2 * 17 * 2^n - 13 * 5 * 41,38,10
(2) * 3 * 11 * 2 * 43 * 2^n - 13 * 5 * 29,38,10
(2) * 3 * 11 * 2 * 73 * 2^n - 13 * 5 * 5,38,10
(2) * 3 * 11 * 2 * 79 * 2^n - 13 * 5 * 113,38,10
(2) * 3 * 11 * 2 * 151 * 2^n - 13 * 5 * 29,38,10
2 * 3 * 1 * 2^n - 397 * 5,38,10
2^n + 6135 * 5,38,10
2^n + 9225 * 5,38,10
2^n + 14937 * 5,38,10
2^n + 7377 * 5,37,10
2^n + 6303 * 5,37,10
2^n + 3315 * 5,37,10
2^n + 909 * 5,37,10
6 * 13 * 2^n - 11 * 5,37,10
6 * 32 * 2^n - 979 * 5,37,10
6 * 39 * 2^n - 307 * 5,37,10
6 * 77 * 2^n - 527 * 5,37,10
6 * 93 * 2^n - 481 * 5,37,10
6 * 102 * 2^n - 941 * 5,37,10
6 * 119 * 2^n - 47 * 5,37,10
6 * 119 * 2^n - 473 * 5,37,10
6 * 136 * 2^n - 403 * 5,37,10
6 * 143 * 2^n - 695 * 5,37,10
6 * 147 * 2^n - 55 * 5,37,10
6 * 202 * 2^n - 473 * 5,37,10
6 * 226 * 2^n - 185 * 5,37,10
6 * 238 * 2^n - 473 * 5,37,10
6 * 252 * 2^n - 563 * 5,37,10
2 * 3 * 7 * 2^n - 41 * 5,37,10
2 * 3 * 11 * 2^n - 83 * 5,37,10
2 * 3 * 13 * 2^n - 67 * 5,37,10
2 * 3 * 13 * 2^n - 79 * 5,37,10
2 * 3 * 22 * 2^n - 61 * 5,37,10
2 * 3 * 34 * 2^n - 71 * 5,37,10
2 * 3 * 46 * 2^n - 47 * 5,37,10
2 * 3 * 52 * 2^n - 67 * 5,37,10
2 * 3 * 52 * 2^n - 79 * 5,37,10
2 * 3 * 69 * 2^n - 65 * 5,37,10
2 * 3 * 74 * 2^n - 61 * 5,37,10
2 * 3 * 79 * 2^n - 91 * 5,37,10
2 * 3 * 84 * 2^n - 23 * 5,37,10
2 * 3 * 87 * 2^n - 1 * 5,37,10
2 * 3 * 88 * 2^n - 61 * 5,37,10
2 * 3 * 2125871 * 2^n - 25 * 5,37,10
2 * 3 * 19 * 99 * 2^n - 25 * 5,37,10
(2) * 3 * 11 * 2 * 3 * 2^n - 13 * 5 * 215,37,10
(2) * 3 * 11 * 2 * 4 * 2^n - 13 * 5 * 389,37,10
(2) * 3 * 11 * 2 * 7 * 2^n - 13 * 5 * 335,37,10
(2) * 3 * 11 * 2 * 14 * 2^n - 13 * 5 * 335,37,10
(2) * 3 * 11 * 2 * 7 * 2^n - 13 * 5 * 17,37,10
(2) * 3 * 11 * 2 * 7 * 2^n - 13 * 5 * 31,37,10
(2) * 3 * 11 * 2 * 29 * 2^n - 13 * 5 * 7,37,10
(2) * 3 * 11 * 2 * 37 * 2^n - 13 * 5 * 173,37,10
(2) * 3 * 11 * 2 * 41 * 2^n - 13 * 5 * 61,37,10
(2) * 3 * 11 * 2 * 101 * 2^n - 13 * 5 * 19,37,10
(2) * 3 * 11 * 2 * 151 * 2^n - 13 * 5 * 197,37,10
(2) * 3 * 11 * 2 * 109 * 23 * 2^n - 13 * 5 * 193 * 79,37,10
5 * 51 * 3^n + 2 * 77,37,10
6 * 6 * 2^n - 7 * 5,37,10
2^n + 1263 * 5,37,10
2^n + 11637 * 5,37,10
2^n * 33 + 707,37,10
2^n * 33 + 1025,37,10
2^n * 33 + 6565,37,10
6 * 98 * 2^n - 73 * 5,36,10
6 * 4 * 2^n - 913 * 5,36,10
6 * 7 * 2^n - 613 * 5,36,10
6 * 14 * 2^n - 451 * 5,36,10
6 * 19 * 2^n - 595 * 5,36,10
6 * 19 * 2^n - 785 * 5,36,10
6 * 22 * 2^n - 425 * 5,36,10
6 * 31 * 2^n - 361 * 5,36,10
6 * 32 * 2^n - 167 * 5,36,10
6 * 44 * 2^n - 5 * 5,36,10
6 * 64 * 2^n - 167 * 5,36,10
6 * 67 * 2^n - 77 * 5,36,10
6 * 76 * 2^n - 595 * 5,36,10
6 * 82 * 2^n - 869 * 5,36,10
6 * 112 * 2^n - 451 * 5,36,10
6 * 119 * 2^n - 703 * 5,36,10
6 * 124 * 2^n - 361 * 5,36,10
6 * 143 * 2^n - 217 * 5,36,10
6 * 176 * 2^n - 425 * 5,36,10
6 * 197 * 2^n - 871 * 5,36,10
6 * 228 * 2^n - 89 * 5,36,10
6 * 241 * 2^n - 253 * 5,36,10
6 * 247 * 2^n - 139 * 5,36,10
2 * 3 * 6 * 2^n - 65 * 5,36,10
2 * 3 * 12 * 2^n - 65 * 5,36,10
2 * 3 * 17 * 2^n - 53 * 5,36,10
2 * 3 * 23 * 2^n - 19 * 5,36,10
2 * 3 * 34 * 2^n - 53 * 5,36,10
2 * 3 * 63 * 2^n - 89 * 5,36,10
2 * 3 * 66 * 2^n - 23 * 5,36,10
2 * 3 * 98 * 2^n - 95 * 5,36,10
2 * 3 * 11 * 13438 * 2^n - 25 * 5,36,10
2 * 3 * 11 * 154 * 2^n - 13 * 5,36,10
(2) * 3 * 11 * 2 * 2 * 2^n - 13 * 5 * 3137,36,10
(2) * 3 * 11 * 2 * 3 * 2^n - 13 * 5 * 563,36,10
(2) * 3 * 11 * 2 * 3 * 2^n - 13 * 5 * 2621,36,10
(2) * 3 * 11 * 2 * 9151 * 2^n - 13 * 5 * 2879,36,10
(2) * 3 * 11 * 2 * 523 * 2^n - 13 * 5 * 2729,36,10
(2) * 3 * 11 * 2 * 2269 * 2^n - 13 * 5 * 7879,36,10
(2) * 3 * 11 * 2 * 14 * 2^n - 13 * 5 * 101,36,10
(2) * 3 * 11 * 2 * 209 * 2^n - 13 * 5 * 269,36,10
(2) * 3 * 11 * 2 * 134 * 2^n - 13 * 5 * 205,36,10
(2) * 3 * 11 * 2 * 1 * 2^n - 13 * 5 * 221,36,10
(2) * 3 * 11 * 2 * 4 * 2^n - 13 * 5 * 35,36,10
(2) * 3 * 11 * 2 * 6 * 2^n - 13 * 5 * 17,36,10
(2) * 3 * 11 * 2 * 14 * 2^n - 13 * 5 * 29,36,10
(2) * 3 * 11 * 2 * 2 * 2^n - 13 * 5 * 23,36,10
(2) * 3 * 11 * 2 * 19 * 2^n - 13 * 5 * 13,36,10
(2) * 3 * 11 * 2 * 79 * 2^n - 13 * 5 * 29,36,10
(2) * 3 * 11 * 2 * 103 * 2^n - 13 * 5 * 157,36,10
(2) * 3 * 11 * 2 * 109 * 3 * 2^n - 13 * 5 * 193 * 199,36,10
2520 * 2^n - 1,36,10
2^n + 255 * 5,36,10
2^n + 11577 * 5,36,10
2^n + 15897 * 5,36,10
2^n * 74415 - 1,36,10
2^n * 168810 - 1,36,10
2^n * 4500 - 1,36,10
2^n * 45045 - 1,36,10
2^n - 24891,36,10
2^n * 33 + 1475,36,10
2^n * 33 + 4129,36,10
2^n * 33 + 6355,36,10
2^n + 8217 * 5,35,10
2^n + 7299 * 5,35,10
2^n + 7161 * 5,35,10
2^n + 3009 * 5,35,10
2^n + 2355 * 5,35,10
2^n + 1839 * 5,35,10
855 * 2^n + 1,35,10
6 * 8 * 2^n - 377 * 5,35,10
6 * 11 * 2^n - 433 * 5,35,10
6 * 29 * 2^n - 829 * 5,35,10
6 * 31 * 2^n - 869 * 5,35,10
6 * 44 * 2^n - 433 * 5,35,10
6 * 51 * 2^n - 143 * 5,35,10
6 * 54 * 2^n - 77 * 5,35,10
6 * 54 * 2^n - 883 * 5,35,10
6 * 58 * 2^n - 829 * 5,35,10
6 * 77 * 2^n - 139 * 5,35,10
6 * 91 * 2^n - 851 * 5,35,10
6 * 108 * 2^n - 77 * 5,35,10
6 * 108 * 2^n - 823 * 5,35,10
6 * 132 * 2^n - 221 * 5,35,10
6 * 134 * 2^n - 77 * 5,35,10
6 * 156 * 2^n - 647 * 5,35,10
6 * 182 * 2^n - 115 * 5,35,10
6 * 201 * 2^n - 137 * 5,35,10
6 * 221 * 2^n - 133 * 5,35,10
6 * 232 * 2^n - 325 * 5,35,10
6 * 238 * 2^n - 953 * 5,35,10
6 * 244 * 2^n - 767 * 5,35,10
6 * 246 * 2^n - 605 * 5,35,10
6 * 251 * 2^n - 65 * 5,35,10
2 * 3 * 7 * 2^n - 25 * 5,35,10
2 * 3 * 19 * 2^n - 37 * 5,35,10
2 * 3 * 54 * 2^n - 91 * 5,35,10
2 * 3 * 59 * 2^n - 73 * 5,35,10
2 * 3 * 67 * 2^n - 19 * 5,35,10
2 * 3 * 72 * 2^n - 41 * 5,35,10
2 * 3 * 82 * 2^n - 85 * 5,35,10
2 * 3 * 93 * 2^n - 35 * 5,35,10
2 * 3 * 98 * 2^n - 97 * 5,35,10
2 * 3 * 19 * 23 * 2^n - 25 * 5,35,10
2 * 3 * 11 * 74612 * 2^n - 25 * 5,35,10
(2) * 3 * 11 * 2 * 9851 * 2^n - 13 * 5 * 6287,35,10
(2) * 3 * 11 * 2 * 29 * 2^n - 13 * 5 * 8387,35,10
(2) * 3 * 11 * 2 * 279 * 2^n - 13 * 5 * 301,35,10
(2) * 3 * 11 * 2 * 8 * 2^n - 13 * 5 * 373,35,10
(2) * 3 * 11 * 2 * 9 * 2^n - 13 * 5 * 361,35,10
(2) * 3 * 11 * 2 * 12 * 2^n - 13 * 5 * 133,35,10
(2) * 3 * 11 * 2 * 16 * 2^n - 13 * 5 * 359,35,10
(2) * 3 * 11 * 2 * 17 * 2^n - 13 * 5 * 73,35,10
(2) * 3 * 11 * 2 * 29 * 2^n - 13 * 5 * 137,35,10
(2) * 3 * 11 * 2 * 41 * 2^n - 13 * 5 * 101,35,10
(2) * 3 * 11 * 2 * 73 * 2^n - 13 * 5 * 173,35,10
(2) * 3 * 11 * 2 * 107 * 2^n - 13 * 5 * 71,35,10
2^n - 5355,35,10
2^n + 13929 * 5,35,10
2^n + 15741 * 5,35,10
2^n * 62880 - 1,35,10
2^n - 5529,35,10
2^n - 41613,35,10
2^n - 63315,35,10
2^n + 6153 * 5,34,10
2^n + 3681 * 5,34,10
2^n + 3771 * 5,34,10
2^n + 3027 * 5,34,10
2^n + 915 * 5,34,10
6 * 1 * 2^n - 923 * 5,34,10
6 * 2 * 2^n - 713 * 5,34,10
6 * 4 * 2^n - 923 * 5,34,10
6 * 12 * 2^n - 253 * 5,34,10
6 * 13 * 2^n - 469 * 5,34,10
6 * 16 * 2^n - 923 * 5,34,10
6 * 27 * 2^n - 791 * 5,34,10
6 * 31 * 2^n - 379 * 5,34,10
6 * 46 * 2^n - 679 * 5,34,10
6 * 57 * 2^n - 605 * 5,34,10
6 * 58 * 2^n - 689 * 5,34,10
6 * 63 * 2^n - 851 * 5,34,10
6 * 74 * 2^n - 103 * 5,34,10
6 * 77 * 2^n - 221 * 5,34,10
6 * 79 * 2^n - 833 * 5,34,10
6 * 88 * 2^n - 325 * 5,34,10
6 * 104 * 2^n - 11 * 5,34,10
6 * 121 * 2^n - 923 * 5,34,10
6 * 133 * 2^n - 569 * 5,34,10
6 * 139 * 2^n - 287 * 5,34,10
6 * 141 * 2^n - 119 * 5,34,10
6 * 154 * 2^n - 211 * 5,34,10
6 * 154 * 2^n - 221 * 5,34,10
6 * 156 * 2^n - 229 * 5,34,10
6 * 163 * 2^n - 713 * 5,34,10
6 * 177 * 2^n - 395 * 5,34,10
6 * 182 * 2^n - 323 * 5,34,10
6 * 184 * 2^n - 119 * 5,34,10
6 * 188 * 2^n - 533 * 5,34,10
6 * 199 * 2^n - 527 * 5,34,10
6 * 208 * 2^n - 469 * 5,34,10
6 * 209 * 2^n - 155 * 5,34,10
6 * 213 * 2^n - 533 * 5,34,10
6 * 237 * 2^n - 119 * 5,34,10
6 * 243 * 2^n - 637 * 5,34,10
6 * 249 * 2^n - 217 * 5,34,10
2 * 3 * 3 * 2^n - 85 * 5,34,10
2 * 3 * 14 * 2^n - 19 * 5,34,10
2 * 3 * 17 * 2^n - 25 * 5,34,10
2 * 3 * 32 * 2^n - 73 * 5,34,10
2 * 3 * 43 * 2^n - 11 * 5,34,10
2 * 3 * 57 * 2^n - 17 * 5,34,10
2 * 3 * 57 * 2^n - 77 * 5,34,10
2 * 3 * 58 * 2^n - 1 * 5,34,10
2 * 3 * 63 * 2^n - 83 * 5,34,10
2 * 3 * 69 * 2^n - 29 * 5,34,10
2 * 3 * 76 * 2^n - 37 * 5,34,10
2 * 3 * 78 * 2^n - 31 * 5,34,10
2 * 3 * 11 * 296 * 2^n - 13 * 5,34,10
(2) * 3 * 11 * 2 * 2 * 2^n - 13 * 5 * 5861,34,10
(2) * 3 * 11 * 2 * 2 * 2^n - 13 * 5 * 7331,34,10
(2) * 3 * 11 * 2 * 4 * 2^n - 13 * 5 * 7,34,10
(2) * 3 * 11 * 2 * 4 * 2^n - 13 * 5 * 67,34,10
(2) * 3 * 11 * 2 * 7 * 2^n - 13 * 5 * 241,34,10
(2) * 3 * 11 * 2 * 7 * 2^n - 13 * 5 * 397,34,10
(2) * 3 * 11 * 2 * 9 * 2^n - 13 * 5 * 169,34,10
(2) * 3 * 11 * 2 * 11 * 2^n - 13 * 5 * 85,34,10
(2) * 3 * 11 * 2 * 14 * 2^n - 13 * 5 * 205,34,10
(2) * 3 * 11 * 2 * 2 * 2^n - 13 * 5 * 37,34,10
(2) * 3 * 11 * 2 * 43 * 2^n - 13 * 5 * 179,34,10
(2) * 3 * 11 * 2 * 61 * 2^n - 13 * 5 * 73,34,10
(2) * 3 * 11 * 2 * 101 * 2^n - 13 * 5 * 157,34,10
(2) * 3 * 11 * 2 * 127 * 2^n - 13 * 5 * 149,34,10
2 * 3 * 1 * 2^n - 685 * 5,34,10
5 * 21 * 3^n + 2 * 92,34,10
1695 * 2^n + 1,34,10
4206 * 2^n - 1,34,10
2^n + 315 * 5,34,10
2^n + 11031 * 5,34,10
2^n * 49335 - 1,34,10
2^n * 4206 - 1,34,10
2^n - 60465,34,10
2^n * 33 + 1483,34,10
2^n + 7839 * 5,33,10
2^n + 7461 * 5,33,10
2^n + 6207 * 5,33,10
2^n + 5481 * 5,33,10
2^n + 4107 * 5,33,10
2^n + 2229 * 5,33,10
2^n + 1599 * 5,33,10
6 * 7 * 2^n - 803 * 5,33,10
6 * 16 * 2^n - 619 * 5,33,10
6 * 23 * 2^n - 875 * 5,33,10
6 * 28 * 2^n - 803 * 5,33,10
6 * 33 * 2^n - 877 * 5,33,10
6 * 56 * 2^n - 803 * 5,33,10
6 * 63 * 2^n - 253 * 5,33,10
6 * 69 * 2^n - 79 * 5,33,10
6 * 73 * 2^n - 737 * 5,33,10
6 * 78 * 2^n - 287 * 5,33,10
6 * 78 * 2^n - 349 * 5,33,10
6 * 98 * 2^n - 895 * 5,33,10
6 * 99 * 2^n - 229 * 5,33,10
6 * 104 * 2^n - 133 * 5,33,10
6 * 112 * 2^n - 475 * 5,33,10
6 * 116 * 2^n - 509 * 5,33,10
6 * 126 * 2^n - 253 * 5,33,10
6 * 138 * 2^n - 653 * 5,33,10
6 * 141 * 2^n - 271 * 5,33,10
6 * 142 * 2^n - 731 * 5,33,10
6 * 152 * 2^n - 347 * 5,33,10
6 * 156 * 2^n - 565 * 5,33,10
6 * 156 * 2^n - 671 * 5,33,10
6 * 159 * 2^n - 121 * 5,33,10
6 * 196 * 2^n - 487 * 5,33,10
6 * 197 * 2^n - 161 * 5,33,10
6 * 199 * 2^n - 443 * 5,33,10
6 * 213 * 2^n - 949 * 5,33,10
6 * 222 * 2^n - 445 * 5,33,10
6 * 231 * 2^n - 547 * 5,33,10
6 * 238 * 2^n - 713 * 5,33,10
6 * 239 * 2^n - 847 * 5,33,10
6 * 252 * 2^n - 253 * 5,33,10
6 * 253 * 2^n - 413 * 5,33,10
2 * 3 * 38 * 2^n - 77 * 5,33,10
2 * 3 * 39 * 2^n - 61 * 5,33,10
2 * 3 * 59 * 2^n - 79 * 5,33,10
2 * 3 * 66 * 2^n - 43 * 5,33,10
2 * 3 * 68 * 2^n - 25 * 5,33,10
2 * 3 * 68 * 2^n - 49 * 5,33,10
2 * 3 * 79 * 2^n - 13 * 5,33,10
2 * 3 * 87 * 2^n - 35 * 5,33,10
2 * 3 * 11 * 109 * 2^n - 13 * 5,33,10
327132 * 5 * 2^n - 1,33,10
3084000 * 5 * 2^n + 1,33,10
(1 + 6) * 2^(n - 6 + 1) - (8 + 1),33,10
(1 + 6) * 2^(n - 8 + 1) - (8 + 1),33,10
(2) * 3 * 11 * 2 * 3 * 2^n - 13 * 5 * 5501,33,10
(2) * 3 * 11 * 2 * 2 * 2^n - 13 * 5 * 235,33,10
(2) * 3 * 11 * 2 * 4 * 2^n - 13 * 5 * 23,33,10
(2) * 3 * 11 * 2 * 6 * 2^n - 13 * 5 * 371,33,10
(2) * 3 * 11 * 2 * 9 * 2^n - 13 * 5 * 235,33,10
(2) * 3 * 11 * 2 * 11 * 2^n - 13 * 5 * 35,33,10
(2) * 3 * 11 * 2 * 11 * 2^n - 13 * 5 * 179,33,10
(2) * 3 * 11 * 2 * 14 * 2^n - 13 * 5 * 67,33,10
(2) * 3 * 11 * 2 * 14 * 2^n - 13 * 5 * 227,33,10
(2) * 3 * 11 * 2 * 3 * 2^n - 13 * 5 * 31,33,10
(2) * 3 * 11 * 2 * 59 * 2^n - 13 * 5 * 181,33,10
(2) * 3 * 11 * 2 * 83 * 2^n - 13 * 5 * 139,33,10
(2) * 3 * 11 * 2 * 97 * 2^n - 13 * 5 * 5,33,10
(2) * 3 * 11 * 2 * 97 * 2^n - 13 * 5 * 31,33,10
(2) * 3 * 11 * 2 * 107 * 2^n - 13 * 5 * 173,33,10
(2) * 3 * 11 * 2 * 199 * 2^n - 13 * 5 * 181,33,10
(2) * 3 * 11 * 2 * 109 * 29 * 2^n - 13 * 5 * 193 * 673,33,10
2895 * 2^n + 1,33,10
10254 * 2^n - 1,33,10
2^n + 231 * 5,33,10
2^n + 9147 * 5,33,10
2^n + 10293 * 5,33,10
2^n + 10323 * 5,33,10
2^n + 10947 * 5,33,10
2^n + 14397 * 5,33,10
2^n * 57195 - 1,33,10
2^n * 71820 - 1,33,10
2^n * 27615 - 1,33,10
2^n - 14145,33,10
2^n - 23925,33,10
2^n - 5 * 81789,33,10
2^n * 33 + 199,33,10
2^n * 33 + 1525,33,10
2^n * 33 + 2945,33,10
2^n * 33 + 3283,33,10
2^n + 6873 * 5,32,10
2^n + 6741 * 5,32,10
2^n + 3933 * 5,32,10
2^n + 3561 * 5,32,10
2^n + 2301 * 5,32,10
2^n + 2169 * 5,32,10
2^n + 1503 * 5,32,10
2^n + 1077 * 5,32,10
6 * 54 * 2^n - 53 * 5,32,10
6 * 14 * 2^n - 13 * 5,32,10
6 * 29 * 2^n - 59 * 5,32,10
6 * 7 * 2^n - 689 * 5,32,10
6 * 9 * 2^n - 901 * 5,32,10
6 * 13 * 2^n - 721 * 5,32,10
6 * 17 * 2^n - 235 * 5,32,10
6 * 19 * 2^n - 221 * 5,32,10
6 * 19 * 2^n - 925 * 5,32,10
6 * 22 * 2^n - 203 * 5,32,10
6 * 23 * 2^n - 803 * 5,32,10
6 * 29 * 2^n - 763 * 5,32,10
6 * 33 * 2^n - 401 * 5,32,10
6 * 34 * 2^n - 863 * 5,32,10
6 * 43 * 2^n - 815 * 5,32,10
6 * 51 * 2^n - 83 * 5,32,10
6 * 56 * 2^n - 689 * 5,32,10
6 * 58 * 2^n - 409 * 5,32,10
6 * 69 * 2^n - 473 * 5,32,10
6 * 78 * 2^n - 47 * 5,32,10
6 * 82 * 2^n - 25 * 5,32,10
6 * 76 * 2^n - 925 * 5,32,10
6 * 77 * 2^n - 197 * 5,32,10
6 * 79 * 2^n - 383 * 5,32,10
6 * 86 * 2^n - 5 * 5,32,10
6 * 92 * 2^n - 517 * 5,32,10
6 * 107 * 2^n - 521 * 5,32,10
6 * 112 * 2^n - 655 * 5,32,10
6 * 118 * 2^n - 211 * 5,32,10
6 * 119 * 2^n - 299 * 5,32,10
6 * 122 * 2^n - 43 * 5,32,10
6 * 123 * 2^n - 385 * 5,32,10
6 * 126 * 2^n - 557 * 5,32,10
6 * 129 * 2^n - 749 * 5,32,10
6 * 132 * 2^n - 401 * 5,32,10
6 * 133 * 2^n - 307 * 5,32,10
6 * 133 * 2^n - 869 * 5,32,10
6 * 137 * 2^n - 481 * 5,32,10
6 * 176 * 2^n - 203 * 5,32,10
6 * 178 * 2^n - 473 * 5,32,10
6 * 187 * 2^n - 163 * 5,32,10
6 * 199 * 2^n - 841 * 5,32,10
6 * 203 * 2^n - 61 * 5,32,10
6 * 211 * 2^n - 593 * 5,32,10
6 * 214 * 2^n - 425 * 5,32,10
6 * 219 * 2^n - 77 * 5,32,10
6 * 219 * 2^n - 265 * 5,32,10
6 * 221 * 2^n - 511 * 5,32,10
6 * 224 * 2^n - 655 * 5,32,10
6 * 224 * 2^n - 689 * 5,32,10
6 * 227 * 2^n - 137 * 5,32,10
6 * 239 * 2^n - 439 * 5,32,10
6 * 246 * 2^n - 385 * 5,32,10
6 * 246 * 2^n - 677 * 5,32,10
6 * 247 * 2^n - 157 * 5,32,10
6 * 249 * 2^n - 665 * 5,32,10
6 * 252 * 2^n - 773 * 5,32,10
6 * 253 * 2^n - 7 * 5,32,10
2 * 3 * 14 * 2^n - 83 * 5,32,10
2 * 3 * 29 * 2^n - 41 * 5,32,10
2 * 3 * 32 * 2^n - 19 * 5,32,10
2 * 3 * 42 * 2^n - 1 * 5,32,10
2 * 3 * 42 * 2^n - 31 * 5,32,10
2 * 3 * 47 * 2^n - 65 * 5,32,10
2 * 3 * 71 * 2^n - 89 * 5,32,10
2 * 3 * 76 * 2^n - 23 * 5,32,10
2 * 3 * 76 * 2^n - 25 * 5,32,10
2 * 3 * 19 * 4 * 2^n - 25 * 5,32,10
(2) * 3 * 11 * 2 * 3 * 2^n - 13 * 5 * 397,32,10
(2) * 3 * 11 * 2 * 3 * 2^n - 13 * 5 * 3037,32,10
(2) * 3 * 11 * 2 * 2477 * 2^n - 13 * 5 * 2281,32,10
(2) * 3 * 11 * 2 * 2609 * 2^n - 13 * 5 * 9967,32,10
(2) * 3 * 11 * 2 * 997 * 2^n - 13 * 5 * 5647,32,10
(2) * 3 * 11 * 2 * 3511 * 2^n - 13 * 5 * 1831,32,10
(2) * 3 * 11 * 2 * 3 * 2^n - 13 * 5 * 115,32,10
(2) * 3 * 11 * 2 * 7 * 2^n - 13 * 5 * 283,32,10
(2) * 3 * 11 * 2 * 9 * 2^n - 13 * 5 * 7,32,10
(2) * 3 * 11 * 2 * 11 * 2^n - 13 * 5 * 221,32,10
(2) * 3 * 11 * 2 * 11 * 2^n - 13 * 5 * 287,32,10
(2) * 3 * 11 * 2 * 14 * 2^n - 13 * 5 * 377,32,10
(2) * 3 * 11 * 2 * 37 * 2^n - 13 * 5 * 67,32,10
(2) * 3 * 11 * 2 * 149 * 2^n - 13 * 5 * 43,32,10
(2) * 3 * 11 * 2 * 151 * 2^n - 13 * 5 * 53,32,10
(2) * 3 * 11 * 2 * 179 * 2^n - 13 * 5 * 151,32,10
(2) * 3 * 11 * 2 * 181 * 2^n - 13 * 5 * 17,32,10
(2) * 3 * 11 * 2 * 109 * 17 * 2^n - 13 * 5 * 193 * 419,32,10
5 * 49 * 3^n + 2 * 88,32,10
4440 * 2^n + 1,32,10
2^n + 7845 * 5,32,10
2^n + 8391 * 5,32,10
2^n + 8721 * 5,32,10
2^n + 9085 * 5,32,10
2^n + 14913 * 5,32,10
4^n - 47 * 51,32,10
4^n - 51 * 47,32,10
2^n * 16740 - 1,32,10
2^n * 695820 - 1,32,10
2^n * 50154 - 1,32,10
2^n - 34401,32,10
2^n - 59115,32,10
2^n * 33 + 563,32,10
2^n * 33 + 1435,32,10
2^n * 33 + 4357,32,10
2^n * 33 + 4415,32,10
2^n + 7059 * 5,31,10
2^n + 5337 * 5,31,10
6 * 3 * 2^n - 127 * 5,31,10
6 * 12 * 2^n - 127 * 5,31,10
6 * 16 * 2^n - 173 * 5,31,10
6 * 17 * 2^n - 247 * 5,31,10
6 * 18 * 2^n - 299 * 5,31,10
6 * 29 * 2^n - 265 * 5,31,10
6 * 32 * 2^n - 847 * 5,31,10
6 * 34 * 2^n - 91 * 5,31,10
6 * 34 * 2^n - 121 * 5,31,10
6 * 34 * 2^n - 583 * 5,31,10
6 * 36 * 2^n - 775 * 5,31,10
6 * 39 * 2^n - 451 * 5,31,10
6 * 44 * 2^n - 229 * 5,31,10
6 * 47 * 2^n - 275 * 5,31,10
6 * 51 * 2^n - 755 * 5,31,10
6 * 58 * 2^n - 937 * 5,31,10
6 * 61 * 2^n - 511 * 5,31,10
6 * 62 * 2^n - 511 * 5,31,10
6 * 63 * 2^n - 151 * 5,31,10
6 * 69 * 2^n - 37 * 5,31,10
6 * 68 * 2^n - 191 * 5,31,10
6 * 71 * 2^n - 215 * 5,31,10
6 * 82 * 2^n - 85 * 5,31,10
6 * 74 * 2^n - 595 * 5,31,10
6 * 83 * 2^n - 133 * 5,31,10
6 * 87 * 2^n - 415 * 5,31,10
6 * 88 * 2^n - 497 * 5,31,10
6 * 88 * 2^n - 871 * 5,31,10
6 * 91 * 2^n - 121 * 5,31,10
6 * 98 * 2^n - 31 * 5,31,10
6 * 98 * 2^n - 359 * 5,31,10
6 * 98 * 2^n - 403 * 5,31,10
6 * 99 * 2^n - 875 * 5,31,10
6 * 107 * 2^n - 451 * 5,31,10
6 * 107 * 2^n - 815 * 5,31,10
6 * 108 * 2^n - 53 * 5,31,10
6 * 111 * 2^n - 989 * 5,31,10
6 * 112 * 2^n - 515 * 5,31,10
6 * 113 * 2^n - 797 * 5,31,10
6 * 116 * 2^n - 59 * 5,31,10
6 * 119 * 2^n - 139 * 5,31,10
6 * 121 * 2^n - 353 * 5,31,10
6 * 122 * 2^n - 835 * 5,31,10
6 * 126 * 2^n - 193 * 5,31,10
6 * 126 * 2^n - 733 * 5,31,10
6 * 132 * 2^n - 91 * 5,31,10
6 * 133 * 2^n - 325 * 5,31,10
6 * 136 * 2^n - 583 * 5,31,10
6 * 143 * 2^n - 67 * 5,31,10
6 * 144 * 2^n - 299 * 5,31,10
6 * 147 * 2^n - 481 * 5,31,10
6 * 149 * 2^n - 299 * 5,31,10
6 * 156 * 2^n - 49 * 5,31,10
6 * 164 * 2^n - 443 * 5,31,10
6 * 167 * 2^n - 557 * 5,31,10
6 * 169 * 2^n - 677 * 5,31,10
6 * 169 * 2^n - 713 * 5,31,10
6 * 176 * 2^n - 175 * 5,31,10
6 * 177 * 2^n - 83 * 5,31,10
6 * 187 * 2^n - 371 * 5,31,10
6 * 191 * 2^n - 503 * 5,31,10
6 * 197 * 2^n - 385 * 5,31,10
6 * 198 * 2^n - 817 * 5,31,10
6 * 198 * 2^n - 937 * 5,31,10
6 * 203 * 2^n - 107 * 5,31,10
6 * 204 * 2^n - 433 * 5,31,10
6 * 209 * 2^n - 245 * 5,31,10
6 * 214 * 2^n - 481 * 5,31,10
6 * 224 * 2^n - 515 * 5,31,10
6 * 227 * 2^n - 529 * 5,31,10
6 * 228 * 2^n - 943 * 5,31,10
6 * 231 * 2^n - 251 * 5,31,10
6 * 232 * 2^n - 985 * 5,31,10
6 * 234 * 2^n - 595 * 5,31,10
6 * 252 * 2^n - 251 * 5,31,10
6 * 252 * 2^n - 545 * 5,31,10
2 * 3 * 9 * 2^n - 19 * 5,31,10
2 * 3 * 19 * 2^n - 29 * 5,31,10
2 * 3 * 21 * 2^n - 5 * 5,31,10
2 * 3 * 26 * 2^n - 95 * 5,31,10
2 * 3 * 53 * 2^n - 13 * 5,31,10
2 * 3 * 64 * 2^n - 61 * 5,31,10
2 * 3 * 79 * 2^n - 5 * 5,31,10
2 * 3 * 86 * 2^n - 7 * 5,31,10
2 * 3 * 97 * 2^n - 95 * 5,31,10
1862007 * 5 * 2^n - 1,31,10
(2) * 3 * 11 * 2 * 2 * 2^n - 13 * 5 * 3677,31,10
(2) * 3 * 11 * 2 * 2 * 2^n - 13 * 5 * 7669,31,10
(2) * 3 * 11 * 2 * 2 * 2^n - 13 * 5 * 8297,31,10
(2) * 3 * 11 * 2 * 3 * 2^n - 13 * 5 * 4177,31,10
(2) * 3 * 11 * 2 * 823 * 2^n - 13 * 5 * 4481,31,10
(2) * 3 * 11 * 2 * 6 * 2^n - 13 * 5 * 383,31,10
(2) * 3 * 11 * 2 * 8 * 2^n - 13 * 5 * 79,31,10
(2) * 3 * 11 * 2 * 23 * 2^n - 13 * 5 * 139,31,10
(2) * 3 * 11 * 2 * 101 * 2^n - 13 * 5 * 139,31,10
(2) * 3 * 11 * 2 * 137 * 2^n - 13 * 5 * 157,31,10
(2) * 3 * 11 * 2 * 181 * 2^n - 13 * 5 * 199,31,10
2 * 3 * 1 * 2^n - 371 * 5,31,10
1035 * 2^n - 1,31,10
4200 * 2^n - 1,31,10
5295 * 2^n - 1,31,10
5724 * 2^n - 1,31,10
2^n - 5565,31,10
2^n + 8319 * 5,31,10
2^n + 9567 * 5,31,10
2^n + 12333 * 5,31,10
2^n + 14307 * 5,31,10
2^n * 898491 - 1,31,10
2^n * 192699 - 1,31,10
2^n * 117645 - 1,31,10
2^n * 956934 - 1,31,10
2^n * 31086 - 1,31,10
2^n - 13095,31,10
2^n - 28209,31,10
2^n - 39105,31,10
2^n * 33 + 1445,31,10
2^n * 33 + 6005,31,10
3^n * 8 + 12 * 2^n + 19,31,10
2^n + 7245 * 5,30,10
2^n + 6417 * 5,30,10
2^n + 4101 * 5,30,10
2^n + 4413 * 5,30,10
2^n + 903 * 5,30,10
2 * 3 * 8 * 2^n - 5 * 5,30,10
6 * 39 * 2^n - 61 * 5,30,10
6 * 41 * 2^n - 37 * 5,30,10
6 * 3 * 2^n - 11 * 5,30,10
6 * 3 * 2^n - 211 * 5,30,10
6 * 6 * 2^n - 239 * 5,30,10
6 * 7 * 2^n - 293 * 5,30,10
6 * 11 * 2^n - 91 * 5,30,10
6 * 11 * 2^n - 103 * 5,30,10
6 * 13 * 2^n - 445 * 5,30,10
6 * 16 * 2^n - 397 * 5,30,10
6 * 17 * 2^n - 851 * 5,30,10
6 * 22 * 2^n - 91 * 5,30,10
6 * 32 * 2^n - 265 * 5,30,10
6 * 34 * 2^n - 847 * 5,30,10
6 * 42 * 2^n - 703 * 5,30,10
6 * 43 * 2^n - 187 * 5,30,10
6 * 51 * 2^n - 209 * 5,30,10
6 * 56 * 2^n - 79 * 5,30,10
6 * 61 * 2^n - 119 * 5,30,10
6 * 62 * 2^n - 457 * 5,30,10
6 * 63 * 2^n - 559 * 5,30,10
6 * 73 * 2^n - 305 * 5,30,10
6 * 73 * 2^n - 323 * 5,30,10
6 * 73 * 2^n - 631 * 5,30,10
6 * 77 * 2^n - 419 * 5,30,10
6 * 78 * 2^n - 271 * 5,30,10
6 * 78 * 2^n - 811 * 5,30,10
6 * 81 * 2^n - 997 * 5,30,10
6 * 82 * 2^n - 361 * 5,30,10
6 * 88 * 2^n - 91 * 5,30,10
6 * 83 * 2^n - 589 * 5,30,10
6 * 87 * 2^n - 253 * 5,30,10
6 * 88 * 2^n - 103 * 5,30,10
6 * 88 * 2^n - 157 * 5,30,10
6 * 89 * 2^n - 403 * 5,30,10
6 * 96 * 2^n - 239 * 5,30,10
6 * 97 * 2^n - 413 * 5,30,10
6 * 102 * 2^n - 899 * 5,30,10
6 * 104 * 2^n - 445 * 5,30,10
6 * 107 * 2^n - 497 * 5,30,10
6 * 107 * 2^n - 503 * 5,30,10
6 * 108 * 2^n - 343 * 5,30,10
6 * 108 * 2^n - 407 * 5,30,10
6 * 113 * 2^n - 19 * 5,30,10
6 * 116 * 2^n - 565 * 5,30,10
6 * 118 * 2^n - 893 * 5,30,10
6 * 118 * 2^n - 935 * 5,30,10
6 * 122 * 2^n - 893 * 5,30,10
6 * 122 * 2^n - 977 * 5,30,10
6 * 123 * 2^n - 845 * 5,30,10
6 * 129 * 2^n - 151 * 5,30,10
6 * 132 * 2^n - 337 * 5,30,10
6 * 132 * 2^n - 631 * 5,30,10
6 * 133 * 2^n - 599 * 5,30,10
6 * 134 * 2^n - 577 * 5,30,10
6 * 136 * 2^n - 667 * 5,30,10
6 * 136 * 2^n - 827 * 5,30,10
6 * 136 * 2^n - 851 * 5,30,10
6 * 137 * 2^n - 17 * 5,30,10
6 * 137 * 2^n - 551 * 5,30,10
6 * 139 * 2^n - 163 * 5,30,10
6 * 139 * 2^n - 179 * 5,30,10
6 * 141 * 2^n - 895 * 5,30,10
6 * 147 * 2^n - 559 * 5,30,10
6 * 151 * 2^n - 335 * 5,30,10
6 * 152 * 2^n - 65 * 5,30,10
6 * 153 * 2^n - 331 * 5,30,10
6 * 154 * 2^n - 313 * 5,30,10
6 * 154 * 2^n - 403 * 5,30,10
6 * 156 * 2^n - 271 * 5,30,10
6 * 156 * 2^n - 803 * 5,30,10
6 * 157 * 2^n - 235 * 5,30,10
6 * 159 * 2^n - 737 * 5,30,10
6 * 169 * 2^n - 605 * 5,30,10
6 * 179 * 2^n - 377 * 5,30,10
6 * 183 * 2^n - 539 * 5,30,10
6 * 183 * 2^n - 929 * 5,30,10
6 * 186 * 2^n - 703 * 5,30,10
6 * 189 * 2^n - 379 * 5,30,10
6 * 189 * 2^n - 803 * 5,30,10
6 * 197 * 2^n - 185 * 5,30,10
6 * 198 * 2^n - 433 * 5,30,10
6 * 198 * 2^n - 889 * 5,30,10
6 * 201 * 2^n - 767 * 5,30,10
6 * 202 * 2^n - 29 * 5,30,10
6 * 203 * 2^n - 215 * 5,30,10
6 * 212 * 2^n - 413 * 5,30,10
6 * 217 * 2^n - 701 * 5,30,10
6 * 222 * 2^n - 667 * 5,30,10
6 * 224 * 2^n - 341 * 5,30,10
6 * 227 * 2^n - 557 * 5,30,10
6 * 228 * 2^n - 965 * 5,30,10
6 * 241 * 2^n - 119 * 5,30,10
6 * 242 * 2^n - 931 * 5,30,10
6 * 246 * 2^n - 649 * 5,30,10
2 * 3 * 12 * 2^n - 53 * 5,30,10
2 * 3 * 13 * 2^n - 25 * 5,30,10
2 * 3 * 16 * 2^n - 77 * 5,30,10
2 * 3 * 51 * 2^n - 7 * 5,30,10
2 * 3 * 83 * 2^n - 49 * 5,30,10
2 * 3 * 11 * 176 * 2^n - 13 * 5,30,10
8128926 * 5 * 2^n - 1,30,10
(2) * 3 * 11 * 2 * 3 * 2^n - 13 * 5 * 1823,30,10
(2) * 3 * 11 * 2 * 5669 * 2^n - 13 * 5 * 1543,30,10
(2) * 3 * 11 * 2 * 1303 * 2^n - 13 * 5 * 4789,30,10
(2) * 3 * 11 * 2 * 5987 * 2^n - 13 * 5 * 2689,30,10
(2) * 3 * 11 * 2 * 3121 * 2^n - 13 * 5 * 5323,30,10
(2) * 3 * 11 * 2 * 3 * 2^n - 13 * 5 * 217,30,10
(2) * 3 * 11 * 2 * 4 * 2^n - 13 * 5 * 365,30,10
(2) * 3 * 11 * 2 * 131 * 2^n - 13 * 5 * 17,30,10
(2) * 3 * 11 * 2 * 109 * 3 * 2^n - 13 * 5 * 193 * 83,30,10
1104 * 2^n - 1,30,10
65688 * 5 * 2^n - 1,30,10
4356 * 2^n + 1,30,10
4140 * 2^n - 1,30,10
7371 * 2^n - 1,30,10
10461 * 2^n - 1,30,10
2^n + 659,30,10
2^n + 117 * 5,30,10
2^n + 357 * 5,30,10
2^n + 9609 * 5,30,10
2^n + 9729 * 5,30,10
2^n + 11469 * 5,30,10
2^n + 13965 * 5,30,10
2^n + 14461 * 5,30,10
2^n * 613899 - 1,30,10
2^n * 489480 - 1,30,10
2^n * 4140 - 1,30,10
2^n * 13650 - 1,30,10
2^n * 26064 - 1,30,10
2^n - 64749,30,10
2^n - 53625,30,10
2^n - 65715,30,10
2^n * 33 + 817,30,10
2^n * 33 + 3097,30,10
2^n * 33 + 3479,30,10
2^n + 7455 * 5,29,10
2^n + 6411 * 5,29,10
2^n + 2673 * 5,29,10
2^n + 1947 * 5,29,10
2^n + 1245 * 5,29,10
6 * 71 * 2^n - 83 * 5,29,10
6 * 8 * 2^n - 49 * 5,29,10
6 * 31 * 2^n - 35 * 5,29,10
6 * 81 * 2^n - 49 * 5,29,10
6 * 91 * 2^n - 83 * 5,29,10
6 * 29 * 2^n - 31 * 5,29,10
6 * 9 * 2^n - 647 * 5,29,10
6 * 13 * 2^n - 977 * 5,29,10
6 * 18 * 2^n - 707 * 5,29,10
6 * 22 * 2^n - 467 * 5,29,10
6 * 26 * 2^n - 197 * 5,29,10
6 * 26 * 2^n - 473 * 5,29,10
6 * 27 * 2^n - 407 * 5,29,10
6 * 27 * 2^n - 455 * 5,29,10
6 * 29 * 2^n - 419 * 5,29,10
6 * 38 * 2^n - 295 * 5,29,10
6 * 44 * 2^n - 475 * 5,29,10
6 * 44 * 2^n - 931 * 5,29,10
6 * 49 * 2^n - 13 * 5,29,10
6 * 49 * 2^n - 121 * 5,29,10
6 * 51 * 2^n - 77 * 5,29,10
6 * 51 * 2^n - 229 * 5,29,10
6 * 52 * 2^n - 301 * 5,29,10
6 * 53 * 2^n - 199 * 5,29,10
6 * 54 * 2^n - 805 * 5,29,10
6 * 61 * 2^n - 11 * 5,29,10
6 * 63 * 2^n - 185 * 5,29,10
6 * 66 * 2^n - 163 * 5,29,10
6 * 69 * 2^n - 907 * 5,29,10
6 * 72 * 2^n - 943 * 5,29,10
6 * 76 * 2^n - 281 * 5,29,10
6 * 79 * 2^n - 257 * 5,29,10
6 * 81 * 2^n - 745 * 5,29,10
6 * 82 * 2^n - 407 * 5,29,10
6 * 86 * 2^n - 425 * 5,29,10
6 * 93 * 2^n - 745 * 5,29,10
6 * 99 * 2^n - 691 * 5,29,10
6 * 104 * 2^n - 385 * 5,29,10
6 * 104 * 2^n - 473 * 5,29,10
6 * 106 * 2^n - 257 * 5,29,10
6 * 113 * 2^n - 217 * 5,29,10
6 * 119 * 2^n - 911 * 5,29,10
6 * 124 * 2^n - 127 * 5,29,10
6 * 124 * 2^n - 163 * 5,29,10
6 * 124 * 2^n - 319 * 5,29,10
6 * 124 * 2^n - 529 * 5,29,10
6 * 129 * 2^n - 511 * 5,29,10
6 * 131 * 2^n - 359 * 5,29,10
6 * 132 * 2^n - 697 * 5,29,10
6 * 134 * 2^n - 131 * 5,29,10
6 * 139 * 2^n - 829 * 5,29,10
6 * 141 * 2^n - 437 * 5,29,10
6 * 142 * 2^n - 581 * 5,29,10
6 * 143 * 2^n - 527 * 5,29,10
6 * 146 * 2^n - 407 * 5,29,10
6 * 147 * 2^n - 425 * 5,29,10
6 * 148 * 2^n - 581 * 5,29,10
6 * 154 * 2^n - 779 * 5,29,10
6 * 159 * 2^n - 715 * 5,29,10
6 * 161 * 2^n - 793 * 5,29,10
6 * 163 * 2^n - 377 * 5,29,10
6 * 167 * 2^n - 317 * 5,29,10
6 * 171 * 2^n - 289 * 5,29,10
6 * 174 * 2^n - 133 * 5,29,10
6 * 174 * 2^n - 641 * 5,29,10
6 * 176 * 2^n - 475 * 5,29,10
6 * 177 * 2^n - 899 * 5,29,10
6 * 179 * 2^n - 227 * 5,29,10
6 * 182 * 2^n - 199 * 5,29,10
6 * 182 * 2^n - 809 * 5,29,10
6 * 187 * 2^n - 721 * 5,29,10
6 * 188 * 2^n - 449 * 5,29,10
6 * 197 * 2^n - 553 * 5,29,10
6 * 201 * 2^n - 7 * 5,29,10
6 * 204 * 2^n - 565 * 5,29,10
6 * 206 * 2^n - 617 * 5,29,10
6 * 208 * 2^n - 119 * 5,29,10
6 * 208 * 2^n - 737 * 5,29,10
6 * 211 * 2^n - 901 * 5,29,10
6 * 216 * 2^n - 449 * 5,29,10
6 * 218 * 2^n - 539 * 5,29,10
6 * 221 * 2^n - 35 * 5,29,10
6 * 223 * 2^n - 715 * 5,29,10
6 * 226 * 2^n - 103 * 5,29,10
6 * 232 * 2^n - 727 * 5,29,10
6 * 242 * 2^n - 139 * 5,29,10
6 * 247 * 2^n - 685 * 5,29,10
6 * 249 * 2^n - 47 * 5,29,10
6 * 252 * 2^n - 619 * 5,29,10
6 * 253 * 2^n - 125 * 5,29,10
2 * 3 * 8 * 2^n - 97 * 5,29,10
2 * 3 * 13 * 2^n - 77 * 5,29,10
2 * 3 * 23 * 2^n - 1 * 5,29,10
2 * 3 * 32 * 2^n - 97 * 5,29,10
2 * 3 * 33 * 2^n - 53 * 5,29,10
2 * 3 * 37 * 2^n - 31 * 5,29,10
2 * 3 * 41 * 2^n - 11 * 5,29,10
2 * 3 * 47 * 2^n - 35 * 5,29,10
2 * 3 * 48 * 2^n - 95 * 5,29,10
2 * 3 * 52 * 2^n - 25 * 5,29,10
2 * 3 * 62 * 2^n - 67 * 5,29,10
2 * 3 * 86 * 2^n - 79 * 5,29,10
2 * 3 * 87 * 2^n - 67 * 5,29,10
2 * 3 * 98 * 2^n - 59 * 5,29,10
3216798 * 5 * 2^n - 1,29,10
8135097 * 5 * 2^n + 1,29,10
(2) * 3 * 11 * 2 * 2 * 2^n - 13 * 5 * 8317,29,10
(2) * 3 * 11 * 2 * 3 * 2^n - 13 * 5 * 367,29,10
(2) * 3 * 11 * 2 * 8713 * 2^n - 13 * 5 * 3617,29,10
(2) * 3 * 11 * 2 * 5791 * 2^n - 13 * 5 * 389,29,10
(2) * 3 * 11 * 2 * 4 * 2^n - 13 * 5 * 103,29,10
(2) * 3 * 11 * 2 * 7 * 2^n - 13 * 5 * 53,29,10
(2) * 3 * 11 * 2 * 29 * 2^n - 13 * 5 * 191,29,10
(2) * 3 * 11 * 2 * 83 * 2^n - 13 * 5 * 59,29,10
(2) * 3 * 11 * 2 * 83 * 2^n - 13 * 5 * 101,29,10
(2) * 3 * 11 * 2 * 113 * 2^n - 13 * 5 * 7,29,10
(2) * 3 * 11 * 2 * 113 * 2^n - 13 * 5 * 199,29,10
(2) * 3 * 11 * 2 * 127 * 2^n - 13 * 5 * 7,29,10
(2) * 3 * 11 * 2 * 149 * 2^n - 13 * 5 * 7,29,10
(2) * 3 * 11 * 2 * 109 * 7 * 2^n - 13 * 5 * 193 * 149,29,10
(2) * 3 * 11 * 2 * 109 * 11 * 2^n - 13 * 5 * 193 * 457,29,10
(2) * 3 * 11 * 2 * 109 * 17 * 2^n - 13 * 5 * 193 * 587,29,10
5 * 11 * 3^n + 2 * 56,29,10
5 * 21 * 3^n + 2 * 34,29,10
5 * 57 * 3^n + 2 * 64,29,10
2049 * 2^n - 1,29,10
2610 * 2^n - 1,29,10
2700 * 2^n - 1,29,10
44604 * 5 * 2^n - 1,29,10
2079 * 2^n + 1,29,10
5745 * 2^n - 1,29,10
9861 * 2^n - 1,29,10
2^n + 585,29,10
3^n + 110,29,10
2^n + 8967 * 5,29,10
2^n * 825951 - 1,29,10
2^n * 241890 - 1,29,10
2^n * 59535 - 1,29,10
2^n * 45114 - 1,29,10
2^n - 50055,29,10
2^n - 3045,29,10
2^n - 3099,29,10
2^n - 4515,29,10
2^n - 7371,29,10
2^n - 8601,29,10
2^n - 9915,29,10
2^n - 10755,29,10
2^n - 19617,29,10
2^n - 24381,29,10
2^n - 33645,29,10
2^n - 56955,29,10
2^n - 5 * 82509,29,10
2^n * 33 + 677,29,10
2^n * 33 + 853,29,10
2^n * 33 + 2567,29,10
2^n * 33 + 4175,29,10
2^n * 33 + 5395,29,10
3^n * 14 + 18 * 2^n + 25,29,10
3^n * 28 + 13 * 2^n + 27,29,10
2^n + 7047 * 5,28,10
2^n + 5277 * 5,28,10
2^n + 993 * 5,28,10
2^n + 1011 * 5,28,10
2^n + 735 * 5,28,10
2^n + 825 * 5,28,10
564 * 2^n + 1,28,10
6 * 49 * 2^n - 5 * 5,28,10
6 * 49 * 2^n - 23 * 5,28,10
6 * 99 * 2^n - 61 * 5,28,10
6 * 6 * 2^n - 589 * 5,28,10
6 * 6 * 2^n - 631 * 5,28,10
6 * 7 * 2^n - 359 * 5,28,10
6 * 8 * 2^n - 371 * 5,28,10
6 * 9 * 2^n - 551 * 5,28,10
6 * 14 * 2^n - 19 * 5,28,10
6 * 16 * 2^n - 745 * 5,28,10
6 * 19 * 2^n - 917 * 5,28,10
6 * 21 * 2^n - 697 * 5,28,10
6 * 22 * 2^n - 181 * 5,28,10
6 * 22 * 2^n - 299 * 5,28,10
6 * 22 * 2^n - 313 * 5,28,10
6 * 27 * 2^n - 259 * 5,28,10
6 * 28 * 2^n - 115 * 5,28,10
6 * 28 * 2^n - 191 * 5,28,10
6 * 29 * 2^n - 103 * 5,28,10
6 * 34 * 2^n - 925 * 5,28,10
6 * 36 * 2^n - 115 * 5,28,10
6 * 36 * 2^n - 209 * 5,28,10
6 * 36 * 2^n - 551 * 5,28,10
6 * 39 * 2^n - 595 * 5,28,10
6 * 43 * 2^n - 133 * 5,28,10
6 * 44 * 2^n - 167 * 5,28,10
6 * 44 * 2^n - 511 * 5,28,10
6 * 49 * 2^n - 629 * 5,28,10
6 * 51 * 2^n - 91 * 5,28,10
6 * 51 * 2^n - 817 * 5,28,10
6 * 53 * 2^n - 175 * 5,28,10
6 * 56 * 2^n - 859 * 5,28,10
6 * 59 * 2^n - 407 * 5,28,10
6 * 62 * 2^n - 883 * 5,28,10
6 * 64 * 2^n - 371 * 5,28,10
6 * 66 * 2^n - 617 * 5,28,10
6 * 67 * 2^n - 125 * 5,28,10
6 * 69 * 2^n - 751 * 5,28,10
6 * 72 * 2^n - 371 * 5,28,10
6 * 76 * 2^n - 917 * 5,28,10
6 * 82 * 2^n - 371 * 5,28,10
6 * 83 * 2^n - 539 * 5,28,10
6 * 84 * 2^n - 295 * 5,28,10
6 * 84 * 2^n - 863 * 5,28,10
6 * 89 * 2^n - 301 * 5,28,10
6 * 89 * 2^n - 343 * 5,28,10
6 * 91 * 2^n - 223 * 5,28,10
6 * 94 * 2^n - 779 * 5,28,10
6 * 96 * 2^n - 631 * 5,28,10
6 * 97 * 2^n - 457 * 5,28,10
6 * 99 * 2^n - 607 * 5,28,10
6 * 108 * 2^n - 275 * 5,28,10
6 * 109 * 2^n - 89 * 5,28,10
6 * 112 * 2^n - 115 * 5,28,10
6 * 116 * 2^n - 433 * 5,28,10
6 * 117 * 2^n - 71 * 5,28,10
6 * 117 * 2^n - 85 * 5,28,10
6 * 121 * 2^n - 269 * 5,28,10
6 * 124 * 2^n - 499 * 5,28,10
6 * 127 * 2^n - 91 * 5,28,10
6 * 132 * 2^n - 547 * 5,28,10
6 * 133 * 2^n - 829 * 5,28,10
6 * 134 * 2^n - 959 * 5,28,10
6 * 139 * 2^n - 301 * 5,28,10
6 * 144 * 2^n - 371 * 5,28,10
6 * 149 * 2^n - 355 * 5,28,10
6 * 154 * 2^n - 269 * 5,28,10
6 * 154 * 2^n - 911 * 5,28,10
6 * 156 * 2^n - 427 * 5,28,10
6 * 156 * 2^n - 461 * 5,28,10
6 * 159 * 2^n - 935 * 5,28,10
6 * 161 * 2^n - 193 * 5,28,10
6 * 161 * 2^n - 425 * 5,28,10
6 * 163 * 2^n - 215 * 5,28,10
6 * 163 * 2^n - 325 * 5,28,10
6 * 164 * 2^n - 485 * 5,28,10
6 * 167 * 2^n - 487 * 5,28,10
6 * 168 * 2^n - 799 * 5,28,10
6 * 169 * 2^n - 241 * 5,28,10
6 * 171 * 2^n - 295 * 5,28,10
6 * 171 * 2^n - 683 * 5,28,10
6 * 172 * 2^n - 133 * 5,28,10
6 * 172 * 2^n - 251 * 5,28,10
6 * 172 * 2^n - 629 * 5,28,10
6 * 173 * 2^n - 289 * 5,28,10
6 * 176 * 2^n - 145 * 5,28,10
6 * 176 * 2^n - 745 * 5,28,10
6 * 177 * 2^n - 271 * 5,28,10
6 * 178 * 2^n - 29 * 5,28,10
6 * 182 * 2^n - 257 * 5,28,10
6 * 182 * 2^n - 305 * 5,28,10
6 * 183 * 2^n - 287 * 5,28,10
6 * 183 * 2^n - 943 * 5,28,10
6 * 186 * 2^n - 11 * 5,28,10
6 * 186 * 2^n - 731 * 5,28,10
6 * 192 * 2^n - 589 * 5,28,10
6 * 193 * 2^n - 355 * 5,28,10
6 * 196 * 2^n - 109 * 5,28,10
6 * 197 * 2^n - 973 * 5,28,10
6 * 198 * 2^n - 91 * 5,28,10
6 * 199 * 2^n - 715 * 5,28,10
6 * 202 * 2^n - 151 * 5,28,10
6 * 203 * 2^n - 431 * 5,28,10
6 * 204 * 2^n - 41 * 5,28,10
6 * 204 * 2^n - 535 * 5,28,10
6 * 204 * 2^n - 817 * 5,28,10
6 * 206 * 2^n - 751 * 5,28,10
6 * 206 * 2^n - 949 * 5,28,10
6 * 209 * 2^n - 995 * 5,28,10
6 * 211 * 2^n - 55 * 5,28,10
6 * 211 * 2^n - 679 * 5,28,10
6 * 212 * 2^n - 217 * 5,28,10
6 * 213 * 2^n - 275 * 5,28,10
6 * 216 * 2^n - 473 * 5,28,10
6 * 217 * 2^n - 367 * 5,28,10
6 * 219 * 2^n - 241 * 5,28,10
6 * 219 * 2^n - 377 * 5,28,10
6 * 221 * 2^n - 215 * 5,28,10
6 * 224 * 2^n - 53 * 5,28,10
6 * 226 * 2^n - 509 * 5,28,10
6 * 226 * 2^n - 803 * 5,28,10
6 * 229 * 2^n - 833 * 5,28,10
6 * 231 * 2^n - 71 * 5,28,10
6 * 231 * 2^n - 445 * 5,28,10
6 * 232 * 2^n - 215 * 5,28,10
6 * 233 * 2^n - 761 * 5,28,10
6 * 234 * 2^n - 95 * 5,28,10
6 * 234 * 2^n - 179 * 5,28,10
6 * 234 * 2^n - 473 * 5,28,10
6 * 236 * 2^n - 109 * 5,28,10
6 * 237 * 2^n - 529 * 5,28,10
6 * 237 * 2^n - 665 * 5,28,10
6 * 237 * 2^n - 757 * 5,28,10
6 * 238 * 2^n - 661 * 5,28,10
6 * 238 * 2^n - 869 * 5,28,10
6 * 239 * 2^n - 929 * 5,28,10
6 * 242 * 2^n - 901 * 5,28,10
6 * 246 * 2^n - 439 * 5,28,10
6 * 248 * 2^n - 841 * 5,28,10
6 * 248 * 2^n - 947 * 5,28,10
6 * 253 * 2^n - 251 * 5,28,10
6 * 253 * 2^n - 403 * 5,28,10
2 * 3 * 19 * 2^n - 97 * 5,28,10
2 * 3 * 42 * 2^n - 47 * 5,28,10
2 * 3 * 43 * 2^n - 55 * 5,28,10
2 * 3 * 44 * 2^n - 29 * 5,28,10
2 * 3 * 53 * 2^n - 79 * 5,28,10
2 * 3 * 59 * 2^n - 85 * 5,28,10
2 * 3 * 71 * 2^n - 11 * 5,28,10
2 * 3 * 74 * 2^n - 97 * 5,28,10
2 * 3 * 89 * 2^n - 41 * 5,28,10
2 * 3 * 19 * 37 * 2^n - 25 * 5,28,10
3105348 * 5 * 2^n - 1,28,10
983112 * 5 * 2^n + 1,28,10
(2) * 3 * 11 * 2 * 3 * 2^n - 13 * 5 * 5507,28,10
(2) * 3 * 11 * 2 * 2053 * 2^n - 13 * 5 * 293,28,10
(2) * 3 * 11 * 2 * 6011 * 2^n - 13 * 5 * 3253,28,10
(2) * 3 * 11 * 2 * 7237 * 2^n - 13 * 5 * 4129,28,10
(2) * 3 * 11 * 2 * 374 * 2^n - 13 * 5 * 161,28,10
(2) * 3 * 11 * 2 * 6 * 2^n - 13 * 5 * 181,28,10
(2) * 3 * 11 * 2 * 37 * 2^n - 13 * 5 * 7,28,10
(2) * 3 * 11 * 2 * 149 * 2^n - 13 * 5 * 67,28,10
2 * 3 * 1 * 2^n - 413 * 5,28,10
(2) * 3 * 11 * 2 * 109 * 23 * 2^n - 13 * 5 * 193 * 197,28,10
5 * 11 * 3^n + 2 * 64,28,10
1560 * 2^n - 1,28,10
2799 * 2^n - 1,28,10
2964 * 2^n - 1,28,10
2067 * 2^n + 1,28,10
8550 * 2^n - 1,28,10
2^n + 5229 * 5,28,10
2^n + 10335 * 5,28,10
2^n + 10353 * 5,28,10
2^n + 11535 * 5,28,10
2^n + 11679 * 5,28,10
2^n + 14409 * 5,28,10
2^n * 799965 - 1,28,10
2^n * 81744 - 1,28,10
2^n * 911505 - 1,28,10
2^n * 58470 - 1,28,10
2^n * 77055 - 1,28,10
2^n * 12930 - 1,28,10
2^n * 81480 - 1,28,10
2^n - 94485,28,10
2^n - 5109,28,10
2^n - 7749,28,10
2^n - 12159,28,10
2^n - 15279,28,10
2^n - 24675,28,10
2^n - 30315,28,10
2^n - 5 * 85695,28,10
2^n * 33 + 577,28,10
2^n * 33 + 2113,28,10
2^n * 33 + 3605,28,10
2^n * 33 + 4007,28,10
2^n * 33 + 5537,28,10
2^n * 33 + 5633,28,10
3^n * 4 + 2 * 2^n + 3,28,10
2^n + 8067 * 5,27,10
2^n + 6261 * 5,27,10
2^n + 6105 * 5,27,10
2^n + 6111 * 5,27,10
2^n + 5487 * 5,27,10
6 * 91 * 2^n - 41 * 5,27,10
6 * 21 * 2^n - 97 * 5,27,10
6 * 28 * 2^n - 67 * 5,27,10
6 * 16 * 2^n - 31 * 5,27,10
6 * 26 * 2^n - 79 * 5,27,10
6 * 44 * 2^n - 61 * 5,27,10
6 * 7 * 2^n - 71 * 5,27,10
6 * 11 * 2^n - 47 * 5,27,10
6 * 28 * 2^n - 71 * 5,27,10
6 * 9 * 2^n - 131 * 5,27,10
6 * 9 * 2^n - 517 * 5,27,10
6 * 13 * 2^n - 179 * 5,27,10
6 * 14 * 2^n - 965 * 5,27,10
6 * 19 * 2^n - 119 * 5,27,10
6 * 21 * 2^n - 251 * 5,27,10
6 * 23 * 2^n - 385 * 5,27,10
6 * 26 * 2^n - 235 * 5,27,10
6 * 26 * 2^n - 263 * 5,27,10
6 * 31 * 2^n - 485 * 5,27,10
6 * 32 * 2^n - 31 * 5,27,10
6 * 32 * 2^n - 143 * 5,27,10
6 * 33 * 2^n - 389 * 5,27,10
6 * 43 * 2^n - 391 * 5,27,10
6 * 46 * 2^n - 509 * 5,27,10
6 * 49 * 2^n - 377 * 5,27,10
6 * 52 * 2^n - 179 * 5,27,10
6 * 53 * 2^n - 761 * 5,27,10
6 * 57 * 2^n - 77 * 5,27,10
6 * 56 * 2^n - 965 * 5,27,10
6 * 58 * 2^n - 481 * 5,27,10
6 * 61 * 2^n - 463 * 5,27,10
6 * 61 * 2^n - 665 * 5,27,10
6 * 66 * 2^n - 95 * 5,27,10
6 * 66 * 2^n - 403 * 5,27,10
6 * 68 * 2^n - 161 * 5,27,10
6 * 71 * 2^n - 325 * 5,27,10
6 * 76 * 2^n - 617 * 5,27,10
6 * 77 * 2^n - 877 * 5,27,10
6 * 78 * 2^n - 829 * 5,27,10
6 * 79 * 2^n - 367 * 5,27,10
6 * 79 * 2^n - 649 * 5,27,10
6 * 83 * 2^n - 595 * 5,27,10
6 * 87 * 2^n - 439 * 5,27,10
6 * 89 * 2^n - 583 * 5,27,10
6 * 92 * 2^n - 385 * 5,27,10
6 * 99 * 2^n - 581 * 5,27,10
6 * 102 * 2^n - 535 * 5,27,10
6 * 102 * 2^n - 677 * 5,27,10
6 * 103 * 2^n - 695 * 5,27,10
6 * 104 * 2^n - 259 * 5,27,10
6 * 112 * 2^n - 187 * 5,27,10
6 * 116 * 2^n - 217 * 5,27,10
6 * 116 * 2^n - 523 * 5,27,10
6 * 117 * 2^n - 575 * 5,27,10
6 * 118 * 2^n - 1 * 5,27,10
6 * 119 * 2^n - 695 * 5,27,10
6 * 119 * 2^n - 827 * 5,27,10
6 * 121 * 2^n - 691 * 5,27,10
6 * 123 * 2^n - 853 * 5,27,10
6 * 126 * 2^n - 157 * 5,27,10
6 * 126 * 2^n - 659 * 5,27,10
6 * 127 * 2^n - 749 * 5,27,10
6 * 129 * 2^n - 529 * 5,27,10
6 * 129 * 2^n - 683 * 5,27,10
6 * 129 * 2^n - 865 * 5,27,10
6 * 131 * 2^n - 487 * 5,27,10
6 * 133 * 2^n - 515 * 5,27,10
6 * 137 * 2^n - 425 * 5,27,10
6 * 138 * 2^n - 809 * 5,27,10
6 * 141 * 2^n - 943 * 5,27,10
6 * 142 * 2^n - 511 * 5,27,10
6 * 143 * 2^n - 749 * 5,27,10
6 * 146 * 2^n - 905 * 5,27,10
6 * 146 * 2^n - 967 * 5,27,10
6 * 147 * 2^n - 713 * 5,27,10
6 * 148 * 2^n - 13 * 5,27,10
6 * 148 * 2^n - 553 * 5,27,10
6 * 149 * 2^n - 481 * 5,27,10
6 * 154 * 2^n - 19 * 5,27,10
6 * 154 * 2^n - 59 * 5,27,10
6 * 156 * 2^n - 727 * 5,27,10
6 * 158 * 2^n - 391 * 5,27,10
6 * 161 * 2^n - 397 * 5,27,10
6 * 161 * 2^n - 473 * 5,27,10
6 * 166 * 2^n - 595 * 5,27,10
6 * 167 * 2^n - 415 * 5,27,10
6 * 168 * 2^n - 289 * 5,27,10
6 * 168 * 2^n - 589 * 5,27,10
6 * 173 * 2^n - 757 * 5,27,10
6 * 173 * 2^n - 907 * 5,27,10
6 * 176 * 2^n - 697 * 5,27,10
6 * 178 * 2^n - 751 * 5,27,10
6 * 182 * 2^n - 317 * 5,27,10
6 * 189 * 2^n - 317 * 5,27,10
6 * 189 * 2^n - 863 * 5,27,10
6 * 191 * 2^n - 745 * 5,27,10
6 * 193 * 2^n - 817 * 5,27,10
6 * 194 * 2^n - 595 * 5,27,10
6 * 196 * 2^n - 761 * 5,27,10
6 * 197 * 2^n - 301 * 5,27,10
6 * 199 * 2^n - 11 * 5,27,10
6 * 199 * 2^n - 953 * 5,27,10
6 * 201 * 2^n - 43 * 5,27,10
6 * 204 * 2^n - 259 * 5,27,10
6 * 208 * 2^n - 487 * 5,27,10
6 * 208 * 2^n - 821 * 5,27,10
6 * 211 * 2^n - 181 * 5,27,10
6 * 211 * 2^n - 965 * 5,27,10
6 * 213 * 2^n - 95 * 5,27,10
6 * 214 * 2^n - 427 * 5,27,10
6 * 214 * 2^n - 731 * 5,27,10
6 * 216 * 2^n - 539 * 5,27,10
6 * 217 * 2^n - 607 * 5,27,10
6 * 218 * 2^n - 437 * 5,27,10
6 * 222 * 2^n - 347 * 5,27,10
6 * 222 * 2^n - 487 * 5,27,10
6 * 224 * 2^n - 755 * 5,27,10
6 * 229 * 2^n - 193 * 5,27,10
6 * 231 * 2^n - 127 * 5,27,10
6 * 231 * 2^n - 697 * 5,27,10
6 * 232 * 2^n - 481 * 5,27,10
6 * 232 * 2^n - 593 * 5,27,10
6 * 234 * 2^n - 329 * 5,27,10
6 * 236 * 2^n - 949 * 5,27,10
6 * 237 * 2^n - 653 * 5,27,10
6 * 238 * 2^n - 571 * 5,27,10
6 * 238 * 2^n - 811 * 5,27,10
6 * 239 * 2^n - 199 * 5,27,10
6 * 241 * 2^n - 905 * 5,27,10
6 * 242 * 2^n - 685 * 5,27,10
6 * 243 * 2^n - 287 * 5,27,10
6 * 246 * 2^n - 643 * 5,27,10
6 * 249 * 2^n - 905 * 5,27,10
6 * 252 * 2^n - 113 * 5,27,10
6 * 252 * 2^n - 839 * 5,27,10
2 * 3 * 3 * 2^n - 47 * 5,27,10
2 * 3 * 4 * 2^n - 65 * 5,27,10
2 * 3 * 8 * 2^n - 35 * 5,27,10
2 * 3 * 21 * 2^n - 19 * 5,27,10
2 * 3 * 24 * 2^n - 47 * 5,27,10
2 * 3 * 32 * 2^n - 65 * 5,27,10
2 * 3 * 32 * 2^n - 91 * 5,27,10
2 * 3 * 58 * 2^n - 85 * 5,27,10
2 * 3 * 68 * 2^n - 1 * 5,27,10
2 * 3 * 78 * 2^n - 85 * 5,27,10
2 * 3 * 97 * 2^n - 11 * 5,27,10
2 * 3 * 66962 * 2^n - 25 * 5,27,10
2 * 3 * 19 * 54 * 2^n - 25 * 5,27,10
1725171 * 5 * 2^n + 1,27,10
(1 + 4) * 2^(n - 3 + 1) - (2 + 1),27,10
(1 + 5) * 2^(n - 1 + 1) - (10 + 1),27,10
(2) * 3 * 11 * 2 * 2 * 2^n - 13 * 5 * 6857,27,10
(2) * 3 * 11 * 2 * 3 * 2^n - 13 * 5 * 3527,27,10
(2) * 3 * 11 * 2 * 4421 * 2^n - 13 * 5 * 1607,27,10
(2) * 3 * 11 * 2 * 7 * 2^n - 13 * 5 * 1,27,10
(2) * 3 * 11 * 2 * 8 * 2^n - 13 * 5 * 193,27,10
(2) * 3 * 11 * 2 * 12 * 2^n - 13 * 5 * 395,27,10
(2) * 3 * 11 * 2 * 16 * 2^n - 13 * 5 * 71,27,10
(2) * 3 * 11 * 2 * 23 * 2^n - 13 * 5 * 167,27,10
(2) * 3 * 11 * 2 * 29 * 2^n - 13 * 5 * 157,27,10
(2) * 3 * 11 * 2 * 59 * 2^n - 13 * 5 * 173,27,10
(2) * 3 * 11 * 2 * 137 * 2^n - 13 * 5 * 67,27,10
(2) * 3 * 11 * 2 * 109 * 23 * 2^n - 13 * 5 * 193 * 191,27,10
5 * 5 * 3^n + 2 * 77,27,10
5 * 23 * 3^n + 2 * 28,27,10
5 * 53 * 3^n + 2 * 44,27,10
314400 * 5 * 2^n - 1,27,10
1026 * 2^n + 1,27,10
1275 * 2^n + 1,27,10
1941 * 2^n + 1,27,10
4365 * 2^n + 1,27,10
5730 * 2^n + 1,27,10
5031 * 2^n - 1,27,10
5190 * 2^n - 1,27,10
4^n + 163,27,10
2^n + 5253 * 5,27,10
2^n + 9765 * 5,27,10
2^n + 10041 * 5,27,10
2^n + 10881 * 5,27,10
2^n + 13011 * 5,27,10
2^n + 13065 * 5,27,10
2^n + 13089 * 5,27,10
2^n * 597315 - 1,27,10
2^n * 234129 - 1,27,10
2^n * 294699 - 1,27,10
2^n * 22746 - 1,27,10
2^n * 44784 - 1,27,10
2^n * 56640 - 1,27,10
2^n * 53109 - 1,27,10
2^n * 39480 - 1,27,10
2^n * 99606 - 1,27,10
2^n - 1431,27,10
2^n - 18681,27,10
2^n - 22869,27,10
2^n - 48291,27,10
2^n - 68631,27,10
2^n - 5 * 36765,27,10
2^n * 33 + 665,27,10
2^n * 33 + 2063,27,10
2^n * 33 + 2527,27,10
2^n * 33 + 3083,27,10
2^n * 33 + 4403,27,10
2^n * 33 + 5375,27,10
2^n + 7515 * 5,26,10
2^n + 6375 * 5,26,10
2^n + 1635 * 5,26,10
6 * 23 * 2^n - 77 * 5,26,10
6 * 48 * 2^n - 7 * 5,26,10
6 * 58 * 2^n - 55 * 5,26,10
6 * 61 * 2^n - 35 * 5,26,10
6 * 4 * 2^n - 469 * 5,26,10
6 * 6 * 2^n - 851 * 5,26,10
6 * 8 * 2^n - 551 * 5,26,10
6 * 9 * 2^n - 703 * 5,26,10
6 * 14 * 2^n - 43 * 5,26,10
6 * 16 * 2^n - 469 * 5,26,10
6 * 17 * 2^n - 133 * 5,26,10
6 * 19 * 2^n - 317 * 5,26,10
6 * 21 * 2^n - 185 * 5,26,10
6 * 27 * 2^n - 233 * 5,26,10
6 * 27 * 2^n - 905 * 5,26,10
6 * 28 * 2^n - 881 * 5,26,10
6 * 29 * 2^n - 311 * 5,26,10
6 * 29 * 2^n - 467 * 5,26,10
6 * 33 * 2^n - 109 * 5,26,10
6 * 33 * 2^n - 895 * 5,26,10
6 * 43 * 2^n - 803 * 5,26,10
6 * 46 * 2^n - 367 * 5,26,10
6 * 46 * 2^n - 839 * 5,26,10
6 * 47 * 2^n - 995 * 5,26,10
6 * 53 * 2^n - 241 * 5,26,10
6 * 56 * 2^n - 145 * 5,26,10
6 * 56 * 2^n - 517 * 5,26,10
6 * 57 * 2^n - 641 * 5,26,10
6 * 59 * 2^n - 659 * 5,26,10
6 * 62 * 2^n - 301 * 5,26,10
6 * 62 * 2^n - 455 * 5,26,10
6 * 63 * 2^n - 55 * 5,26,10
6 * 66 * 2^n - 233 * 5,26,10
6 * 66 * 2^n - 329 * 5,26,10
6 * 66 * 2^n - 481 * 5,26,10
6 * 67 * 2^n - 227 * 5,26,10
6 * 68 * 2^n - 889 * 5,26,10
6 * 69 * 2^n - 371 * 5,26,10
6 * 76 * 2^n - 473 * 5,26,10
6 * 77 * 2^n - 251 * 5,26,10
6 * 77 * 2^n - 641 * 5,26,10
6 * 78 * 2^n - 749 * 5,26,10
6 * 81 * 2^n - 187 * 5,26,10
6 * 84 * 2^n - 337 * 5,26,10
6 * 86 * 2^n - 329 * 5,26,10
6 * 88 * 2^n - 629 * 5,26,10
6 * 91 * 2^n - 473 * 5,26,10
6 * 94 * 2^n - 191 * 5,26,10
6 * 96 * 2^n - 767 * 5,26,10
6 * 97 * 2^n - 275 * 5,26,10
6 * 97 * 2^n - 541 * 5,26,10
6 * 98 * 2^n - 151 * 5,26,10
6 * 98 * 2^n - 215 * 5,26,10
6 * 102 * 2^n - 733 * 5,26,10
6 * 103 * 2^n - 53 * 5,26,10
6 * 103 * 2^n - 413 * 5,26,10
6 * 104 * 2^n - 401 * 5,26,10
6 * 104 * 2^n - 805 * 5,26,10
6 * 108 * 2^n - 119 * 5,26,10
6 * 109 * 2^n - 769 * 5,26,10
6 * 111 * 2^n - 281 * 5,26,10
6 * 112 * 2^n - 641 * 5,26,10
6 * 113 * 2^n - 833 * 5,26,10
6 * 114 * 2^n - 283 * 5,26,10
6 * 116 * 2^n - 467 * 5,26,10
6 * 117 * 2^n - 275 * 5,26,10
6 * 117 * 2^n - 407 * 5,26,10
6 * 118 * 2^n - 49 * 5,26,10
6 * 119 * 2^n - 545 * 5,26,10
6 * 126 * 2^n - 29 * 5,26,10
6 * 126 * 2^n - 145 * 5,26,10
6 * 126 * 2^n - 179 * 5,26,10
6 * 126 * 2^n - 457 * 5,26,10
6 * 127 * 2^n - 775 * 5,26,10
6 * 127 * 2^n - 923 * 5,26,10
6 * 129 * 2^n - 247 * 5,26,10
6 * 129 * 2^n - 443 * 5,26,10
6 * 131 * 2^n - 167 * 5,26,10
6 * 131 * 2^n - 625 * 5,26,10
6 * 131 * 2^n - 757 * 5,26,10
6 * 133 * 2^n - 953 * 5,26,10
6 * 138 * 2^n - 539 * 5,26,10
6 * 141 * 2^n - 223 * 5,26,10
6 * 144 * 2^n - 119 * 5,26,10
6 * 146 * 2^n - 667 * 5,26,10
6 * 147 * 2^n - 851 * 5,26,10
6 * 152 * 2^n - 575 * 5,26,10
6 * 153 * 2^n - 641 * 5,26,10
6 * 153 * 2^n - 989 * 5,26,10
6 * 154 * 2^n - 325 * 5,26,10
6 * 154 * 2^n - 809 * 5,26,10
6 * 157 * 2^n - 359 * 5,26,10
6 * 157 * 2^n - 935 * 5,26,10
6 * 159 * 2^n - 337 * 5,26,10
6 * 162 * 2^n - 187 * 5,26,10
6 * 162 * 2^n - 217 * 5,26,10
6 * 163 * 2^n - 55 * 5,26,10
6 * 168 * 2^n - 169 * 5,26,10
6 * 169 * 2^n - 517 * 5,26,10
6 * 171 * 2^n - 287 * 5,26,10
6 * 172 * 2^n - 887 * 5,26,10
6 * 176 * 2^n - 137 * 5,26,10
6 * 176 * 2^n - 383 * 5,26,10
6 * 182 * 2^n - 155 * 5,26,10
6 * 182 * 2^n - 965 * 5,26,10
6 * 183 * 2^n - 157 * 5,26,10
6 * 184 * 2^n - 665 * 5,26,10
6 * 186 * 2^n - 181 * 5,26,10
6 * 186 * 2^n - 451 * 5,26,10
6 * 188 * 2^n - 721 * 5,26,10
6 * 188 * 2^n - 931 * 5,26,10
6 * 189 * 2^n - 503 * 5,26,10
6 * 193 * 2^n - 97 * 5,26,10
6 * 196 * 2^n - 173 * 5,26,10
6 * 197 * 2^n - 47 * 5,26,10
6 * 198 * 2^n - 355 * 5,26,10
6 * 201 * 2^n - 865 * 5,26,10
6 * 203 * 2^n - 109 * 5,26,10
6 * 203 * 2^n - 347 * 5,26,10
6 * 203 * 2^n - 563 * 5,26,10
6 * 206 * 2^n - 547 * 5,26,10
6 * 208 * 2^n - 805 * 5,26,10
6 * 216 * 2^n - 905 * 5,26,10
6 * 217 * 2^n - 191 * 5,26,10
6 * 217 * 2^n - 979 * 5,26,10
6 * 218 * 2^n - 395 * 5,26,10
6 * 218 * 2^n - 497 * 5,26,10
6 * 221 * 2^n - 899 * 5,26,10
6 * 222 * 2^n - 757 * 5,26,10
6 * 224 * 2^n - 145 * 5,26,10
6 * 224 * 2^n - 715 * 5,26,10
6 * 226 * 2^n - 397 * 5,26,10
6 * 227 * 2^n - 851 * 5,26,10
6 * 231 * 2^n - 101 * 5,26,10
6 * 231 * 2^n - 617 * 5,26,10
6 * 231 * 2^n - 701 * 5,26,10
6 * 231 * 2^n - 871 * 5,26,10
6 * 234 * 2^n - 233 * 5,26,10
6 * 236 * 2^n - 239 * 5,26,10
6 * 238 * 2^n - 103 * 5,26,10
6 * 238 * 2^n - 779 * 5,26,10
6 * 241 * 2^n - 695 * 5,26,10
6 * 243 * 2^n - 497 * 5,26,10
6 * 243 * 2^n - 569 * 5,26,10
6 * 247 * 2^n - 679 * 5,26,10
6 * 248 * 2^n - 107 * 5,26,10
6 * 252 * 2^n - 895 * 5,26,10
2 * 3 * 3 * 2^n - 67 * 5,26,10
2 * 3 * 4 * 2^n - 79 * 5,26,10
2 * 3 * 31 * 2^n - 19 * 5,26,10
2 * 3 * 32 * 2^n - 79 * 5,26,10
2 * 3 * 38 * 2^n - 49 * 5,26,10
2 * 3 * 42 * 2^n - 73 * 5,26,10
2 * 3 * 43 * 2^n - 35 * 5,26,10
2 * 3 * 49 * 2^n - 47 * 5,26,10
2 * 3 * 57 * 2^n - 59 * 5,26,10
2 * 3 * 77 * 2^n - 1 * 5,26,10
6126 * 2^n + 1,26,10
7350972 * 5 * 2^n + 1,26,10
(1 + 8) * 2^(n - 3 + 1) - (4 + 1),26,10
(1 + 10) * 2^(n - 6 + 1) - (2 + 1),26,10
(2) * 3 * 11 * 2 * 2 * 2^n - 13 * 5 * 1303,26,10
(2) * 3 * 11 * 2 * 2 * 2^n - 13 * 5 * 1511,26,10
(2) * 3 * 11 * 2 * 2 * 2^n - 13 * 5 * 3719,26,10
(2) * 3 * 11 * 2 * 349 * 2^n - 13 * 5 * 2383,26,10
(2) * 3 * 11 * 2 * 2857 * 2^n - 13 * 5 * 9349,26,10
(2) * 3 * 11 * 2 * 5897 * 2^n - 13 * 5 * 73,26,10
(2) * 3 * 11 * 2 * 4 * 2^n - 13 * 5 * 49,26,10
(2) * 3 * 11 * 2 * 9 * 2^n - 13 * 5 * 391,26,10
(2) * 3 * 11 * 2 * 12 * 2^n - 13 * 5 * 203,26,10
(2) * 3 * 11 * 2 * 16 * 2^n - 13 * 5 * 113,26,10
(2) * 3 * 11 * 2 * 41 * 2^n - 13 * 5 * 151,26,10
(2) * 3 * 11 * 2 * 59 * 2^n - 13 * 5 * 31,26,10
(2) * 3 * 11 * 2 * 73 * 2^n - 13 * 5 * 37,26,10
(2) * 3 * 11 * 2 * 97 * 2^n - 13 * 5 * 17,26,10
(2) * 3 * 11 * 2 * 97 * 2^n - 13 * 5 * 73,26,10
6 * 46577 * 2^n - 29449 * 5,26,10
(2) * 3 * 11 * 2 * 109 * 2 * 2^n - 13 * 5 * 193 * 67,26,10
(2) * 3 * 11 * 2 * 109 * 7 * 2^n - 13 * 5 * 193 * 457,26,10
5 * 1 * 3^n + 2 * 74,26,10
5 * 13 * 3^n + 2 * 14,26,10
5 * 37 * 3^n + 2 * 8,26,10
5 * 47 * 3^n + 2 * 68,26,10
369 * 2^n - 1,26,10
489 * 2^n - 1,26,10
1641 * 2^n - 1,26,10
3444 * 2^n - 1,26,10
3915 * 2^n + 1,26,10
4809 * 2^n + 1,26,10
5481 * 2^n - 1,26,10
8361 * 2^n - 1,26,10
2^n + 141,26,10
3^n + 890,26,10
2^n + 1029 * 5,26,10
2^n + 1845 * 5,26,10
2^n + 3211 * 5,26,10
2^n + 4575 * 5,26,10
2^n + 10485 * 5,26,10
2^n + 11193 * 5,26,10
2^n + 12033 * 5,26,10
2^n * 69291 - 1,26,10
2^n * 563160 - 1,26,10
2^n * 489 - 1,26,10
2^n * 87696 - 1,26,10
2^n * 14031 - 1,26,10
2^n * 70530 - 1,26,10
2^n * 87807 - 1,26,10
2^n * 17625 - 1,26,10
2^n * 3444 - 1,26,10
2^n * 17989 - 1,26,10
2^n - 20361,26,10
2^n - 22209,26,10
2^n - 29965,26,10
2^n - 30975,26,10
2^n - 37911,26,10
2^n - 41691,26,10
2^n - 56475,26,10
2^n - 62139,26,10
2^n - 64809,26,10
2^n * 33 + 1321,26,10
2^n * 33 + 3265,26,10
2^n * 33 + 4325,26,10
2^n * 33 + 6613,26,10
3^n * 8 + 23 * 2^n + 3,26,10
3^n * 13 + 24 * 2^n + 10,26,10
2^n + 7119 * 5,25,10
2^n + 6793 * 5,25,10
2^n + 5751 * 5,25,10
2^n + 4035 * 5,25,10
2^n + 2175 * 5,25,10
2^n + 747 * 5,25,10
6 * 13 * 2^n - 35 * 5,25,10
6 * 71 * 2^n - 67 * 5,25,10
6 * 6 * 2^n - 49 * 5,25,10
6 * 1 * 2^n - 413 * 5,25,10
6 * 4 * 2^n - 607 * 5,25,10
6 * 7 * 2^n - 25 * 5,25,10
6 * 8 * 2^n - 587 * 5,25,10
6 * 13 * 2^n - 581 * 5,25,10
6 * 16 * 2^n - 607 * 5,25,10
6 * 18 * 2^n - 187 * 5,25,10
6 * 18 * 2^n - 971 * 5,25,10
6 * 21 * 2^n - 731 * 5,25,10
6 * 29 * 2^n - 181 * 5,25,10
6 * 29 * 2^n - 797 * 5,25,10
6 * 33 * 2^n - 25 * 5,25,10
6 * 37 * 2^n - 169 * 5,25,10
6 * 37 * 2^n - 385 * 5,25,10
6 * 38 * 2^n - 91 * 5,25,10
6 * 38 * 2^n - 571 * 5,25,10
6 * 41 * 2^n - 665 * 5,25,10
6 * 41 * 2^n - 883 * 5,25,10
6 * 42 * 2^n - 239 * 5,25,10
6 * 43 * 2^n - 341 * 5,25,10
6 * 44 * 2^n - 955 * 5,25,10
6 * 46 * 2^n - 145 * 5,25,10
6 * 46 * 2^n - 203 * 5,25,10
6 * 46 * 2^n - 665 * 5,25,10
6 * 52 * 2^n - 953 * 5,25,10
6 * 53 * 2^n - 259 * 5,25,10
6 * 57 * 2^n - 125 * 5,25,10
6 * 57 * 2^n - 377 * 5,25,10
6 * 57 * 2^n - 389 * 5,25,10
6 * 58 * 2^n - 383 * 5,25,10
6 * 59 * 2^n - 799 * 5,25,10
6 * 63 * 2^n - 613 * 5,25,10
6 * 64 * 2^n - 413 * 5,25,10
6 * 66 * 2^n - 449 * 5,25,10
6 * 67 * 2^n - 371 * 5,25,10
6 * 67 * 2^n - 677 * 5,25,10
6 * 67 * 2^n - 703 * 5,25,10
6 * 68 * 2^n - 109 * 5,25,10
6 * 69 * 2^n - 179 * 5,25,10
6 * 71 * 2^n - 577 * 5,25,10
6 * 71 * 2^n - 769 * 5,25,10
6 * 72 * 2^n - 455 * 5,25,10
6 * 79 * 2^n - 763 * 5,25,10
6 * 82 * 2^n - 239 * 5,25,10
6 * 83 * 2^n - 203 * 5,25,10
6 * 83 * 2^n - 709 * 5,25,10
6 * 86 * 2^n - 227 * 5,25,10
6 * 89 * 2^n - 541 * 5,25,10
6 * 92 * 2^n - 371 * 5,25,10
6 * 94 * 2^n - 337 * 5,25,10
6 * 102 * 2^n - 619 * 5,25,10
6 * 103 * 2^n - 205 * 5,25,10
6 * 103 * 2^n - 553 * 5,25,10
6 * 106 * 2^n - 31 * 5,25,10
6 * 106 * 2^n - 367 * 5,25,10
6 * 107 * 2^n - 511 * 5,25,10
6 * 112 * 2^n - 923 * 5,25,10
6 * 116 * 2^n - 181 * 5,25,10
6 * 118 * 2^n - 107 * 5,25,10
6 * 118 * 2^n - 491 * 5,25,10
6 * 119 * 2^n - 143 * 5,25,10
6 * 122 * 2^n - 203 * 5,25,10
6 * 123 * 2^n - 5 * 5,25,10
6 * 126 * 2^n - 293 * 5,25,10
6 * 126 * 2^n - 829 * 5,25,10
6 * 127 * 2^n - 89 * 5,25,10
6 * 127 * 2^n - 311 * 5,25,10
6 * 128 * 2^n - 587 * 5,25,10
6 * 132 * 2^n - 623 * 5,25,10
6 * 133 * 2^n - 667 * 5,25,10
6 * 134 * 2^n - 367 * 5,25,10
6 * 134 * 2^n - 545 * 5,25,10
6 * 136 * 2^n - 239 * 5,25,10
6 * 136 * 2^n - 767 * 5,25,10
6 * 139 * 2^n - 799 * 5,25,10
6 * 141 * 2^n - 17 * 5,25,10
6 * 141 * 2^n - 937 * 5,25,10
6 * 144 * 2^n - 847 * 5,25,10
6 * 147 * 2^n - 601 * 5,25,10
6 * 147 * 2^n - 739 * 5,25,10
6 * 147 * 2^n - 989 * 5,25,10
6 * 148 * 2^n - 319 * 5,25,10
6 * 148 * 2^n - 665 * 5,25,10
6 * 149 * 2^n - 413 * 5,25,10
6 * 151 * 2^n - 47 * 5,25,10
6 * 152 * 2^n - 91 * 5,25,10
6 * 154 * 2^n - 515 * 5,25,10
6 * 154 * 2^n - 955 * 5,25,10
6 * 156 * 2^n - 1 * 5,25,10
6 * 158 * 2^n - 301 * 5,25,10
6 * 158 * 2^n - 425 * 5,25,10
6 * 159 * 2^n - 725 * 5,25,10
6 * 161 * 2^n - 955 * 5,25,10
6 * 164 * 2^n - 277 * 5,25,10
6 * 171 * 2^n - 77 * 5,25,10
6 * 173 * 2^n - 869 * 5,25,10
6 * 176 * 2^n - 179 * 5,25,10
6 * 178 * 2^n - 533 * 5,25,10
6 * 183 * 2^n - 755 * 5,25,10
6 * 184 * 2^n - 455 * 5,25,10
6 * 184 * 2^n - 503 * 5,25,10
6 * 186 * 2^n - 439 * 5,25,10
6 * 186 * 2^n - 665 * 5,25,10
6 * 191 * 2^n - 413 * 5,25,10
6 * 192 * 2^n - 833 * 5,25,10
6 * 193 * 2^n - 265 * 5,25,10
6 * 197 * 2^n - 427 * 5,25,10
6 * 198 * 2^n - 145 * 5,25,10
6 * 198 * 2^n - 371 * 5,25,10
6 * 202 * 2^n - 697 * 5,25,10
6 * 203 * 2^n - 401 * 5,25,10
6 * 203 * 2^n - 877 * 5,25,10
6 * 204 * 2^n - 959 * 5,25,10
6 * 206 * 2^n - 299 * 5,25,10
6 * 207 * 2^n - 593 * 5,25,10
6 * 207 * 2^n - 601 * 5,25,10
6 * 208 * 2^n - 725 * 5,25,10
6 * 209 * 2^n - 17 * 5,25,10
6 * 209 * 2^n - 365 * 5,25,10
6 * 216 * 2^n - 281 * 5,25,10
6 * 216 * 2^n - 533 * 5,25,10
6 * 217 * 2^n - 491 * 5,25,10
6 * 217 * 2^n - 757 * 5,25,10
6 * 217 * 2^n - 865 * 5,25,10
6 * 218 * 2^n - 283 * 5,25,10
6 * 221 * 2^n - 329 * 5,25,10
6 * 223 * 2^n - 289 * 5,25,10
6 * 223 * 2^n - 437 * 5,25,10
6 * 223 * 2^n - 827 * 5,25,10
6 * 227 * 2^n - 977 * 5,25,10
6 * 228 * 2^n - 301 * 5,25,10
6 * 228 * 2^n - 971 * 5,25,10
6 * 229 * 2^n - 821 * 5,25,10
6 * 231 * 2^n - 173 * 5,25,10
6 * 231 * 2^n - 997 * 5,25,10
6 * 234 * 2^n - 583 * 5,25,10
6 * 234 * 2^n - 695 * 5,25,10
6 * 237 * 2^n - 847 * 5,25,10
6 * 238 * 2^n - 589 * 5,25,10
6 * 239 * 2^n - 619 * 5,25,10
6 * 244 * 2^n - 989 * 5,25,10
6 * 247 * 2^n - 889 * 5,25,10
6 * 248 * 2^n - 385 * 5,25,10
6 * 249 * 2^n - 607 * 5,25,10
6 * 253 * 2^n - 511 * 5,25,10
2 * 3 * 11 * 2^n - 31 * 5,25,10
2 * 3 * 18 * 2^n - 53 * 5,25,10
2 * 3 * 27 * 2^n - 17 * 5,25,10
2 * 3 * 52 * 2^n - 5 * 5,25,10
2 * 3 * 59 * 2^n - 19 * 5,25,10
2 * 3 * 61 * 2^n - 49 * 5,25,10
2 * 3 * 89 * 2^n - 77 * 5,25,10
2 * 3 * 92 * 2^n - 61 * 5,25,10
2 * 3 * 98 * 2^n - 67 * 5,25,10
(2) * 3 * 11 * 2 * 2 * 2^n - 13 * 5 * 7247,25,10
(2) * 3 * 11 * 2 * 2 * 2^n - 13 * 5 * 7417,25,10
(2) * 3 * 11 * 2 * 3 * 2^n - 13 * 5 * 2687,25,10
(2) * 3 * 11 * 2 * 3 * 2^n - 13 * 5 * 3673,25,10
(2) * 3 * 11 * 2 * 3539 * 2^n - 13 * 5 * 5441,25,10
(2) * 3 * 11 * 2 * 8641 * 2^n - 13 * 5 * 6131,25,10
(2) * 3 * 11 * 2 * 29 * 2^n - 13 * 5 * 37,25,10
(2) * 3 * 11 * 2 * 47 * 2^n - 13 * 5 * 43,25,10
(2) * 3 * 11 * 2 * 89 * 2^n - 13 * 5 * 199,25,10
(2) * 3 * 11 * 2 * 97 * 2^n - 13 * 5 * 103,25,10
(2) * 3 * 11 * 2 * 197 * 2^n - 13 * 5 * 17,25,10
(2) * 3 * 11 * 2 * 109 * 23 * 2^n - 13 * 5 * 193 * 827,25,10
(2) * 3 * 11 * 2 * 109 * 31 * 2^n - 13 * 5 * 193 * 7,25,10
5 * 13 * 3^n + 2 * 71,25,10
5 * 25 * 3^n + 2 * 11,25,10
5 * 61 * 3^n + 2 * 26,25,10
2061 * 2^n - 1,25,10
5 * 4418877 * 2^n - 1,25,10
5 * 3212322 * 2^n - 1,25,10
1680 * 2^n + 1,25,10
3696 * 2^n + 1,25,10
2^n + 879,25,10
3^n + 434,25,10
4^n + 267,25,10
2^n + 2685 * 5,25,10
2^n + 11505 * 5,25,10
2^n + 11967 * 5,25,10
2^n + 12855 * 5,25,10
2^n + 13209 * 5,25,10
2^n + 15033 * 5,25,10
2^n + 15519 * 5,25,10
2^n + 15621 * 5,25,10
2^n * 603210 - 1,25,10
2^n * 668814 - 1,25,10
2^n * 495495 - 1,25,10
2^n * 354045 - 1,25,10
2^n * 130380 - 1,25,10
2^n * 502509 - 1,25,10
2^n * 641094 - 1,25,10
2^n * 82416 - 1,25,10
2^n * 50799 - 1,25,10
2^n * 84969 - 1,25,10
2^n * 52534 - 1,25,10
2^n * 27789 - 1,25,10
2^n * 26911 - 1,25,10
2^n - 27945,25,10
2^n - 75,25,10
2^n - 759,25,10
2^n - 8739,25,10
2^n - 10569,25,10
2^n - 11625,25,10
2^n - 24435,25,10
2^n - 36699,25,10
2^n - 47971,25,10
2^n - 57651,25,10
2^n - 59829,25,10
2^n - 71235,25,10
2^n - 5 * 16347,25,10
2^n * 33 + 35,25,10
3^n * 6 + 12 * 2^n + 29,25,10
3^n * 26 + 6 * 2^n + 11,25,10
3^n * 28 + 12 * 2^n + 19,25,10
3^n * 54 + 33 * 2^n - 1,25,10
2^n + 7741 * 5,24,10
2^n + 7053 * 5,24,10
2^n + 5835 * 5,24,10
2^n + 3751 * 5,24,10
2^n + 4011 * 5,24,10
6 * 42 * 2^n - 31 * 5,24,10
6 * 2 * 2^n - 755 * 5,24,10
6 * 18 * 2^n - 59 * 5,24,10
6 * 18 * 2^n - 629 * 5,24,10
6 * 21 * 2^n - 487 * 5,24,10
6 * 23 * 2^n - 131 * 5,24,10
6 * 23 * 2^n - 701 * 5,24,10
6 * 24 * 2^n - 637 * 5,24,10
6 * 28 * 2^n - 817 * 5,24,10
6 * 29 * 2^n - 497 * 5,24,10
6 * 33 * 2^n - 371 * 5,24,10
6 * 36 * 2^n - 311 * 5,24,10
6 * 37 * 2^n - 271 * 5,24,10
6 * 41 * 2^n - 683 * 5,24,10
6 * 41 * 2^n - 863 * 5,24,10
6 * 43 * 2^n - 17 * 5,24,10
6 * 44 * 2^n - 199 * 5,24,10
6 * 52 * 2^n - 553 * 5,24,10
6 * 53 * 2^n - 227 * 5,24,10
6 * 61 * 2^n - 949 * 5,24,10
6 * 67 * 2^n - 119 * 5,24,10
6 * 73 * 2^n - 11 * 5,24,10
6 * 72 * 2^n - 397 * 5,24,10
6 * 73 * 2^n - 539 * 5,24,10
6 * 73 * 2^n - 877 * 5,24,10
6 * 76 * 2^n - 379 * 5,24,10
6 * 76 * 2^n - 715 * 5,24,10
6 * 78 * 2^n - 175 * 5,24,10
6 * 79 * 2^n - 253 * 5,24,10
6 * 84 * 2^n - 311 * 5,24,10
6 * 84 * 2^n - 499 * 5,24,10
6 * 89 * 2^n - 449 * 5,24,10
6 * 92 * 2^n - 703 * 5,24,10
6 * 93 * 2^n - 395 * 5,24,10
6 * 94 * 2^n - 299 * 5,24,10
6 * 94 * 2^n - 319 * 5,24,10
6 * 96 * 2^n - 295 * 5,24,10
6 * 97 * 2^n - 289 * 5,24,10
6 * 97 * 2^n - 359 * 5,24,10
6 * 98 * 2^n - 197 * 5,24,10
6 * 98 * 2^n - 925 * 5,24,10
6 * 99 * 2^n - 403 * 5,24,10
6 * 101 * 2^n - 485 * 5,24,10
6 * 102 * 2^n - 307 * 5,24,10
6 * 102 * 2^n - 359 * 5,24,10
6 * 104 * 2^n - 457 * 5,24,10
6 * 107 * 2^n - 91 * 5,24,10
6 * 107 * 2^n - 845 * 5,24,10
6 * 108 * 2^n - 11 * 5,24,10
6 * 108 * 2^n - 497 * 5,24,10
6 * 109 * 2^n - 523 * 5,24,10
6 * 111 * 2^n - 701 * 5,24,10
6 * 112 * 2^n - 797 * 5,24,10
6 * 113 * 2^n - 847 * 5,24,10
6 * 116 * 2^n - 133 * 5,24,10
6 * 116 * 2^n - 601 * 5,24,10
6 * 117 * 2^n - 953 * 5,24,10
6 * 118 * 2^n - 77 * 5,24,10
6 * 118 * 2^n - 233 * 5,24,10
6 * 119 * 2^n - 127 * 5,24,10
6 * 121 * 2^n - 295 * 5,24,10
6 * 122 * 2^n - 743 * 5,24,10
6 * 123 * 2^n - 577 * 5,24,10
6 * 124 * 2^n - 497 * 5,24,10
6 * 126 * 2^n - 205 * 5,24,10
6 * 128 * 2^n - 755 * 5,24,10
6 * 133 * 2^n - 577 * 5,24,10
6 * 134 * 2^n - 431 * 5,24,10
6 * 138 * 2^n - 583 * 5,24,10
6 * 138 * 2^n - 973 * 5,24,10
6 * 141 * 2^n - 703 * 5,24,10
6 * 142 * 2^n - 647 * 5,24,10
6 * 147 * 2^n - 101 * 5,24,10
6 * 147 * 2^n - 703 * 5,24,10
6 * 148 * 2^n - 83 * 5,24,10
6 * 149 * 2^n - 899 * 5,24,10
6 * 151 * 2^n - 983 * 5,24,10
6 * 152 * 2^n - 197 * 5,24,10
6 * 153 * 2^n - 581 * 5,24,10
6 * 154 * 2^n - 865 * 5,24,10
6 * 156 * 2^n - 587 * 5,24,10
6 * 158 * 2^n - 707 * 5,24,10
6 * 159 * 2^n - 557 * 5,24,10
6 * 161 * 2^n - 541 * 5,24,10
6 * 168 * 2^n - 437 * 5,24,10
6 * 174 * 2^n - 655 * 5,24,10
6 * 179 * 2^n - 55 * 5,24,10
6 * 182 * 2^n - 59 * 5,24,10
6 * 184 * 2^n - 565 * 5,24,10
6 * 184 * 2^n - 701 * 5,24,10
6 * 187 * 2^n - 475 * 5,24,10
6 * 188 * 2^n - 431 * 5,24,10
6 * 188 * 2^n - 809 * 5,24,10
6 * 188 * 2^n - 889 * 5,24,10
6 * 193 * 2^n - 59 * 5,24,10
6 * 193 * 2^n - 983 * 5,24,10
6 * 194 * 2^n - 751 * 5,24,10
6 * 196 * 2^n - 871 * 5,24,10
6 * 196 * 2^n - 925 * 5,24,10
6 * 199 * 2^n - 407 * 5,24,10
6 * 199 * 2^n - 557 * 5,24,10
6 * 201 * 2^n - 799 * 5,24,10
6 * 203 * 2^n - 793 * 5,24,10
6 * 203 * 2^n - 923 * 5,24,10
6 * 204 * 2^n - 851 * 5,24,10
6 * 206 * 2^n - 137 * 5,24,10
6 * 207 * 2^n - 647 * 5,24,10
6 * 208 * 2^n - 839 * 5,24,10
6 * 208 * 2^n - 925 * 5,24,10
6 * 209 * 2^n - 601 * 5,24,10
6 * 209 * 2^n - 809 * 5,24,10
6 * 209 * 2^n - 991 * 5,24,10
6 * 211 * 2^n - 563 * 5,24,10
6 * 213 * 2^n - 319 * 5,24,10
6 * 213 * 2^n - 799 * 5,24,10
6 * 214 * 2^n - 187 * 5,24,10
6 * 214 * 2^n - 577 * 5,24,10
6 * 214 * 2^n - 661 * 5,24,10
6 * 217 * 2^n - 937 * 5,24,10
6 * 218 * 2^n - 115 * 5,24,10
6 * 218 * 2^n - 767 * 5,24,10
6 * 219 * 2^n - 167 * 5,24,10
6 * 219 * 2^n - 463 * 5,24,10
6 * 219 * 2^n - 853 * 5,24,10
6 * 221 * 2^n - 479 * 5,24,10
6 * 221 * 2^n - 913 * 5,24,10
6 * 222 * 2^n - 791 * 5,24,10
6 * 224 * 2^n - 437 * 5,24,10
6 * 227 * 2^n - 751 * 5,24,10
6 * 227 * 2^n - 785 * 5,24,10
6 * 228 * 2^n - 539 * 5,24,10
6 * 228 * 2^n - 553 * 5,24,10
6 * 229 * 2^n - 137 * 5,24,10
6 * 232 * 2^n - 305 * 5,24,10
6 * 236 * 2^n - 923 * 5,24,10
6 * 239 * 2^n - 5 * 5,24,10
6 * 239 * 2^n - 173 * 5,24,10
6 * 242 * 2^n - 47 * 5,24,10
6 * 247 * 2^n - 577 * 5,24,10
6 * 248 * 2^n - 497 * 5,24,10
6 * 252 * 2^n - 463 * 5,24,10
2 * 3 * 6 * 2^n - 31 * 5,24,10
2 * 3 * 39 * 2^n - 97 * 5,24,10
2 * 3 * 11 * 46228 * 2^n - 25 * 5,24,10
9009 * 2^n + 1,24,10
1578185 * 5 * 2^n - 1,24,10
803877 * 5 * 2^n + 1,24,10
9919362 * 5 * 2^n + 1,24,10
5 * 2^(n - 2) - 3,24,10
5 * 2^(n - 17) - 3,24,10
(1 + 19) * 2^(n - 83 + 1) - (2 + 1),24,10
(2) * 3 * 11 * 2 * 2 * 2^n - 13 * 5 * 3229,24,10
(2) * 3 * 11 * 2 * 3 * 2^n - 13 * 5 * 1931,24,10
(2) * 3 * 11 * 2 * 3 * 2^n - 13 * 5 * 3257,24,10
(2) * 3 * 11 * 2 * 3 * 2^n - 13 * 5 * 5309,24,10
(2) * 3 * 11 * 2 * 7753 * 2^n - 13 * 5 * 9371,24,10
(2) * 3 * 11 * 2 * 7993 * 2^n - 13 * 5 * 5927,24,10
(2) * 3 * 11 * 2 * 2693 * 2^n - 13 * 5 * 3701,24,10
(2) * 3 * 11 * 2 * 3907 * 2^n - 13 * 5 * 4567,24,10
(2) * 3 * 11 * 2 * 6 * 2^n - 13 * 5 * 67,24,10
(2) * 3 * 11 * 2 * 127 * 2^n - 13 * 5 * 199,24,10
(2) * 3 * 11 * 2 * 137 * 2^n - 13 * 5 * 23,24,10
(2) * 3 * 11 * 2 * 109 * 7 * 2^n - 13 * 5 * 193 * 283,24,10
726 * 2^n - 1,24,10
915 * 2^n - 1,24,10
3184 * 2^n - 1,24,10
5 * 160899 * 2^n - 1,24,10
768915 * 5 * 2^n - 1,24,10
29919 * 5 * 2^n - 1,24,10
1106 * 2^n + 1,24,10
2709 * 2^n + 1,24,10
3474 * 2^n + 1,24,10
5271 * 2^n + 1,24,10
6846 * 2^n - 1,24,10
8193 * 2^n - 1,24,10
2^n + 509,24,10
6^n + 823,24,10
2^n + 2917 * 5,24,10
2^n + 8637 * 5,24,10
2^n + 9631 * 5,24,10
2^n + 12909 * 5,24,10
2^n + 13899 * 5,24,10
2^n + 13923 * 5,24,10
2^n * 428679 - 1,24,10
2^n * 339876 - 1,24,10
2^n * 631624 - 1,24,10
2^n * 628101 - 1,24,10
2^n * 45339 - 1,24,10
2^n * 394926 - 1,24,10
2^n * 115773 - 1,24,10
2^n * 968709 - 1,24,10
2^n * 262300 - 1,24,10
2^n * 444300 - 1,24,10
2^n * 72444 - 1,24,10
2^n * 531606 - 1,24,10
2^n * 904554 - 1,24,10
2^n * 77874 - 1,24,10
2^n * 57501 - 1,24,10
2^n * 8193 - 1,24,10
2^n * 915 - 1,24,10
2^n * 59745 - 1,24,10
2^n * 57291 - 1,24,10
2^n * 23191 - 1,24,10
2^n * 44355 - 1,24,10
2^n - 68605,24,10
2^n - 8805,24,10
2^n - 16831,24,10
2^n - 17961,24,10
2^n - 32605,24,10
2^n - 35049,24,10
2^n - 48609,24,10
2^n - 55389,24,10
2^n - 59979,24,10
2^n - 74595,24,10
2^n * 33 + 283,24,10
2^n * 33 + 497,24,10
2^n * 33 + 1031,24,10
2^n * 33 + 1085,24,10
2^n * 33 + 1967,24,10
2^n * 33 + 3257,24,10
2^n * 33 + 4507,24,10
2^n * 33 + 5257,24,10
3^n * 5 + 4 * 2^n + 30,24,10
2^n + 6675 * 5,23,10
6 * 7 * 2^n - 97 * 5,23,10
6 * 38 * 2^n - 25 * 5,23,10
6 * 9 * 2^n - 13 * 5,23,10
6 * 1 * 2^n - 77 * 5,23,10
6 * 4 * 2^n - 61 * 5,23,10
6 * 66 * 2^n - 61 * 5,23,10
6 * 37 * 2^n - 31 * 5,23,10
6 * 62 * 2^n - 23 * 5,23,10
6 * 2 * 2^n - 203 * 5,23,10
6 * 3 * 2^n - 289 * 5,23,10
6 * 11 * 2^n - 391 * 5,23,10
6 * 12 * 2^n - 391 * 5,23,10
6 * 12 * 2^n - 529 * 5,23,10
6 * 13 * 2^n - 25 * 5,23,10
6 * 13 * 2^n - 295 * 5,23,10
6 * 14 * 2^n - 781 * 5,23,10
6 * 14 * 2^n - 839 * 5,23,10
6 * 21 * 2^n - 229 * 5,23,10
6 * 24 * 2^n - 695 * 5,23,10
6 * 27 * 2^n - 833 * 5,23,10
6 * 28 * 2^n - 565 * 5,23,10
6 * 29 * 2^n - 209 * 5,23,10
6 * 31 * 2^n - 317 * 5,23,10
6 * 32 * 2^n - 829 * 5,23,10
6 * 36 * 2^n - 935 * 5,23,10
6 * 41 * 2^n - 763 * 5,23,10
6 * 42 * 2^n - 131 * 5,23,10
6 * 42 * 2^n - 341 * 5,23,10
6 * 44 * 2^n - 29 * 5,23,10
6 * 46 * 2^n - 457 * 5,23,10
6 * 48 * 2^n - 95 * 5,23,10
6 * 48 * 2^n - 263 * 5,23,10
6 * 53 * 2^n - 745 * 5,23,10
6 * 53 * 2^n - 965 * 5,23,10
6 * 56 * 2^n - 199 * 5,23,10
6 * 56 * 2^n - 925 * 5,23,10
6 * 56 * 2^n - 985 * 5,23,10
6 * 58 * 2^n - 679 * 5,23,10
6 * 63 * 2^n - 239 * 5,23,10
6 * 66 * 2^n - 1 * 5,23,10
6 * 68 * 2^n - 949 * 5,23,10
6 * 69 * 2^n - 893 * 5,23,10
6 * 77 * 2^n - 815 * 5,23,10
6 * 79 * 2^n - 101 * 5,23,10
6 * 79 * 2^n - 103 * 5,23,10
6 * 79 * 2^n - 133 * 5,23,10
6 * 79 * 2^n - 259 * 5,23,10
6 * 79 * 2^n - 511 * 5,23,10
6 * 82 * 2^n - 937 * 5,23,10
6 * 83 * 2^n - 115 * 5,23,10
6 * 83 * 2^n - 715 * 5,23,10
6 * 84 * 2^n - 377 * 5,23,10
6 * 86 * 2^n - 895 * 5,23,10
6 * 87 * 2^n - 407 * 5,23,10
6 * 88 * 2^n - 749 * 5,23,10
6 * 92 * 2^n - 539 * 5,23,10
6 * 96 * 2^n - 455 * 5,23,10
6 * 96 * 2^n - 485 * 5,23,10
6 * 97 * 2^n - 527 * 5,23,10
6 * 102 * 2^n - 481 * 5,23,10
6 * 102 * 2^n - 509 * 5,23,10
6 * 106 * 2^n - 773 * 5,23,10
6 * 106 * 2^n - 839 * 5,23,10
6 * 106 * 2^n - 895 * 5,23,10
6 * 108 * 2^n - 1 * 5,23,10
6 * 112 * 2^n - 97 * 5,23,10
6 * 113 * 2^n - 901 * 5,23,10
6 * 114 * 2^n - 637 * 5,23,10
6 * 117 * 2^n - 23 * 5,23,10
6 * 118 * 2^n - 163 * 5,23,10
6 * 118 * 2^n - 707 * 5,23,10
6 * 121 * 2^n - 419 * 5,23,10
6 * 123 * 2^n - 223 * 5,23,10
6 * 124 * 2^n - 371 * 5,23,10
6 * 126 * 2^n - 89 * 5,23,10
6 * 126 * 2^n - 131 * 5,23,10
6 * 126 * 2^n - 677 * 5,23,10
6 * 127 * 2^n - 817 * 5,23,10
6 * 128 * 2^n - 493 * 5,23,10
6 * 129 * 2^n - 905 * 5,23,10
6 * 133 * 2^n - 265 * 5,23,10
6 * 136 * 2^n - 343 * 5,23,10
6 * 136 * 2^n - 817 * 5,23,10
6 * 141 * 2^n - 535 * 5,23,10
6 * 143 * 2^n - 515 * 5,23,10
6 * 146 * 2^n - 325 * 5,23,10
6 * 147 * 2^n - 107 * 5,23,10
6 * 148 * 2^n - 299 * 5,23,10
6 * 148 * 2^n - 425 * 5,23,10
6 * 151 * 2^n - 269 * 5,23,10
6 * 152 * 2^n - 289 * 5,23,10
6 * 156 * 2^n - 497 * 5,23,10
6 * 158 * 2^n - 223 * 5,23,10
6 * 161 * 2^n - 673 * 5,23,10
6 * 163 * 2^n - 35 * 5,23,10
6 * 164 * 2^n - 617 * 5,23,10
6 * 168 * 2^n - 851 * 5,23,10
6 * 172 * 2^n - 101 * 5,23,10
6 * 173 * 2^n - 457 * 5,23,10
6 * 174 * 2^n - 359 * 5,23,10
6 * 174 * 2^n - 491 * 5,23,10
6 * 174 * 2^n - 709 * 5,23,10
6 * 178 * 2^n - 191 * 5,23,10
6 * 178 * 2^n - 847 * 5,23,10
6 * 187 * 2^n - 775 * 5,23,10
6 * 192 * 2^n - 103 * 5,23,10
6 * 194 * 2^n - 7 * 5,23,10
6 * 199 * 2^n - 991 * 5,23,10
6 * 201 * 2^n - 251 * 5,23,10
6 * 201 * 2^n - 967 * 5,23,10
6 * 202 * 2^n - 107 * 5,23,10
6 * 203 * 2^n - 85 * 5,23,10
6 * 204 * 2^n - 509 * 5,23,10
6 * 208 * 2^n - 295 * 5,23,10
6 * 211 * 2^n - 341 * 5,23,10
6 * 211 * 2^n - 437 * 5,23,10
6 * 211 * 2^n - 455 * 5,23,10
6 * 211 * 2^n - 983 * 5,23,10
6 * 212 * 2^n - 745 * 5,23,10
6 * 212 * 2^n - 965 * 5,23,10
6 * 214 * 2^n - 797 * 5,23,10
6 * 216 * 2^n - 827 * 5,23,10
6 * 217 * 2^n - 841 * 5,23,10
6 * 218 * 2^n - 791 * 5,23,10
6 * 222 * 2^n - 295 * 5,23,10
6 * 224 * 2^n - 373 * 5,23,10
6 * 227 * 2^n - 203 * 5,23,10
6 * 229 * 2^n - 343 * 5,23,10
6 * 234 * 2^n - 557 * 5,23,10
6 * 237 * 2^n - 613 * 5,23,10
6 * 237 * 2^n - 793 * 5,23,10
6 * 238 * 2^n - 743 * 5,23,10
6 * 238 * 2^n - 817 * 5,23,10
6 * 239 * 2^n - 895 * 5,23,10
6 * 243 * 2^n - 739 * 5,23,10
6 * 244 * 2^n - 863 * 5,23,10
6 * 247 * 2^n - 617 * 5,23,10
6 * 249 * 2^n - 845 * 5,23,10
2 * 3 * 16 * 2^n - 43 * 5,23,10
2 * 3 * 51 * 2^n - 97 * 5,23,10
2 * 3 * 68 * 2^n - 41 * 5,23,10
2 * 3 * 11 * 228 * 2^n - 13 * 5,23,10
9825 * 2^n + 1,23,10
3068961 * 5 * 2^n - 1,23,10
1270986 * 5 * 2^n - 1,23,10
4931571 * 5 * 2^n - 1,23,10
3852368 * 5 * 2^n - 1,23,10
(1 + 6) * 2^(n - 8 + 1) - (4 + 1),23,10
(1 + 6) * 2^(n - 10 + 1) - (4 + 1),23,10
(1 + 79) * 2^(n - 19 + 1) - (2 + 1),23,10
(2) * 3 * 11 * 2 * 2 * 2^n - 13 * 5 * 4157,23,10
(2) * 3 * 11 * 2 * 3 * 2^n - 13 * 5 * 233,23,10
(2) * 3 * 11 * 2 * 3 * 2^n - 13 * 5 * 4217,23,10
(2) * 3 * 11 * 2 * 9257 * 2^n - 13 * 5 * 2551,23,10
(2) * 3 * 11 * 2 * 343 * 2^n - 13 * 5 * 361,23,10
(2) * 3 * 11 * 2 * 6 * 2^n - 13 * 5 * 53,23,10
(2) * 3 * 11 * 2 * 6 * 2^n - 13 * 5 * 193,23,10
(2) * 3 * 11 * 2 * 8 * 2^n - 13 * 5 * 175,23,10
(2) * 3 * 11 * 2 * 12 * 2^n - 13 * 5 * 157,23,10
(2) * 3 * 11 * 2 * 17 * 2^n - 13 * 5 * 79,23,10
(2) * 3 * 11 * 2 * 59 * 2^n - 13 * 5 * 5,23,10
(2) * 3 * 11 * 2 * 97 * 2^n - 13 * 5 * 109,23,10
(2) * 3 * 11 * 2 * 109 * 2 * 2^n - 13 * 5 * 193 * 281,23,10
(2) * 3 * 11 * 2 * 109 * 3 * 2^n - 13 * 5 * 193 * 79,23,10
(2) * 3 * 11 * 2 * 109 * 7 * 2^n - 13 * 5 * 193 * 677,23,10
(2) * 3 * 11 * 2 * 109 * 29 * 2^n - 13 * 5 * 193 * 101,23,10
5 * 7 * 3^n + 2 * 43,23,10
286 * 2^n - 1,23,10
378 * 2^n - 1,23,10
1137 * 2^n - 1,23,10
1944 * 2^n - 1,23,10
2170 * 2^n - 1,23,10
2379 * 2^n - 1,23,10
2821 * 2^n - 1,23,10
2838 * 2^n - 1,23,10
3981 * 2^n - 1,23,10
4569 * 2^n - 1,23,10
4686 * 2^n - 1,23,10
7314 * 2^n - 1,23,10
8265 * 2^n - 1,23,10
8554 * 2^n - 1,23,10
8841 * 2^n - 1,23,10
2^n + 2901 * 5,23,10
2^n + 8841 * 5,23,10
2^n + 9873 * 5,23,10
2^n + 11409 * 5,23,10
2^n + 12981 * 5,23,10
2^n + 13317 * 5,23,10
2^n + 13521 * 5,23,10
2^n + 15147 * 5,23,10
2^n * 530964 - 1,23,10
2^n * 1137 - 1,23,10
2^n * 27945 - 1,23,10
2^n * 289929 - 1,23,10
2^n * 75960 - 1,23,10
2^n * 317359 - 1,23,10
2^n * 785196 - 1,23,10
2^n * 534429 - 1,23,10
2^n * 64695 - 1,23,10
2^n * 73645 - 1,23,10
2^n * 61857 - 1,23,10
2^n * 8554 - 1,23,10
2^n * 28965 - 1,23,10
2^n * 12736 - 1,23,10
2^n * 83370 - 1,23,10
2^n * 63210 - 1,23,10
2^n - 29109,23,10
2^n - 95931,23,10
2^n - 1951,23,10
2^n - 4381,23,10
2^n - 5005,23,10
2^n - 5151,23,10
2^n - 23425,23,10
2^n - 25129,23,10
2^n - 24741,23,10
2^n - 42111,23,10
2^n - 45769,23,10
2^n - 63909,23,10
2^n - 73485,23,10
2^n - 74541,23,10
2^n * 33 + 47,23,10
2^n * 33 + 67,23,10
2^n * 33 + 383,23,10
2^n * 33 + 1973,23,10
2^n * 33 + 2413,23,10
2^n * 33 + 3703,23,10
2^n * 33 + 4385,23,10
2^n * 33 + 4583,23,10
2^n * 33 + 5315,23,10
3^n * 8 + 6 * 2^n + 5,23,10
3^n * 9 + 27 * 2^n + 20,23,10
3^n * 11 + 21 * 2^n + 26,23,10
3^n * 13 + 26 * 2^n + 12,23,10
3^n * 14 + 27 * 2^n + 7,23,10
3^n * 23 + 24 * 2^n + 14,23,10
3^n * 4 + 48 * 2^n - 1,23,10
8^n + 165,23,10
2^n + 7707 * 5,22,10
2^n + 3979 * 5,22,10
2^n + 3273 * 5,22,10
2^n + 3115 * 5,22,10
2^n + 2257 * 5,22,10
2^n + 1131 * 5,22,10
2 * 3 * 1 * 2^n - 95 * 5,22,10
6 * 89 * 2^n - 79 * 5,22,10
6 * 29 * 2^n - 53 * 5,22,10
6 * 8 * 2^n - 559 * 5,22,10
6 * 17 * 2^n - 575 * 5,22,10
6 * 18 * 2^n - 733 * 5,22,10
6 * 21 * 2^n - 529 * 5,22,10
6 * 34 * 2^n - 665 * 5,22,10
6 * 34 * 2^n - 869 * 5,22,10
6 * 38 * 2^n - 149 * 5,22,10
6 * 39 * 2^n - 467 * 5,22,10
6 * 41 * 2^n - 175 * 5,22,10
6 * 47 * 2^n - 7 * 5,22,10
6 * 47 * 2^n - 475 * 5,22,10
6 * 49 * 2^n - 299 * 5,22,10
6 * 58 * 2^n - 889 * 5,22,10
6 * 61 * 2^n - 191 * 5,22,10
6 * 66 * 2^n - 149 * 5,22,10
6 * 69 * 2^n - 611 * 5,22,10
6 * 71 * 2^n - 593 * 5,22,10
6 * 72 * 2^n - 325 * 5,22,10
6 * 74 * 2^n - 229 * 5,22,10
6 * 74 * 2^n - 847 * 5,22,10
6 * 76 * 2^n - 781 * 5,22,10
6 * 81 * 2^n - 719 * 5,22,10
6 * 83 * 2^n - 241 * 5,22,10
6 * 84 * 2^n - 631 * 5,22,10
6 * 86 * 2^n - 889 * 5,22,10
6 * 89 * 2^n - 155 * 5,22,10
6 * 89 * 2^n - 695 * 5,22,10
6 * 92 * 2^n - 865 * 5,22,10
6 * 96 * 2^n - 671 * 5,22,10
6 * 97 * 2^n - 101 * 5,22,10
6 * 101 * 2^n - 221 * 5,22,10
6 * 101 * 2^n - 641 * 5,22,10
6 * 103 * 2^n - 877 * 5,22,10
6 * 112 * 2^n - 233 * 5,22,10
6 * 113 * 2^n - 521 * 5,22,10
6 * 123 * 2^n - 377 * 5,22,10
6 * 131 * 2^n - 7 * 5,22,10
6 * 132 * 2^n - 871 * 5,22,10
6 * 133 * 2^n - 521 * 5,22,10
6 * 134 * 2^n - 547 * 5,22,10
6 * 134 * 2^n - 581 * 5,22,10
6 * 134 * 2^n - 641 * 5,22,10
6 * 137 * 2^n - 553 * 5,22,10
6 * 138 * 2^n - 443 * 5,22,10
6 * 142 * 2^n - 995 * 5,22,10
6 * 144 * 2^n - 493 * 5,22,10
6 * 147 * 2^n - 523 * 5,22,10
6 * 148 * 2^n - 775 * 5,22,10
6 * 154 * 2^n - 761 * 5,22,10
6 * 156 * 2^n - 227 * 5,22,10
6 * 156 * 2^n - 467 * 5,22,10
6 * 157 * 2^n - 635 * 5,22,10
6 * 158 * 2^n - 635 * 5,22,10
6 * 158 * 2^n - 959 * 5,22,10
6 * 161 * 2^n - 799 * 5,22,10
6 * 163 * 2^n - 253 * 5,22,10
6 * 163 * 2^n - 899 * 5,22,10
6 * 168 * 2^n - 517 * 5,22,10
6 * 168 * 2^n - 611 * 5,22,10
6 * 171 * 2^n - 781 * 5,22,10
6 * 172 * 2^n - 685 * 5,22,10
6 * 173 * 2^n - 247 * 5,22,10
6 * 173 * 2^n - 851 * 5,22,10
6 * 174 * 2^n - 485 * 5,22,10
6 * 176 * 2^n - 29 * 5,22,10
6 * 178 * 2^n - 823 * 5,22,10
6 * 179 * 2^n - 317 * 5,22,10
6 * 179 * 2^n - 433 * 5,22,10
6 * 179 * 2^n - 805 * 5,22,10
6 * 181 * 2^n - 695 * 5,22,10
6 * 181 * 2^n - 919 * 5,22,10
6 * 183 * 2^n - 467 * 5,22,10
6 * 191 * 2^n - 313 * 5,22,10
6 * 193 * 2^n - 565 * 5,22,10
6 * 196 * 2^n - 407 * 5,22,10
6 * 196 * 2^n - 503 * 5,22,10
6 * 203 * 2^n - 733 * 5,22,10
6 * 209 * 2^n - 875 * 5,22,10
6 * 209 * 2^n - 911 * 5,22,10
6 * 211 * 2^n - 511 * 5,22,10
6 * 213 * 2^n - 655 * 5,22,10
6 * 214 * 2^n - 101 * 5,22,10
6 * 216 * 2^n - 287 * 5,22,10
6 * 216 * 2^n - 931 * 5,22,10
6 * 216 * 2^n - 977 * 5,22,10
6 * 218 * 2^n - 511 * 5,22,10
6 * 221 * 2^n - 973 * 5,22,10
6 * 222 * 2^n - 839 * 5,22,10
6 * 223 * 2^n - 487 * 5,22,10
6 * 229 * 2^n - 359 * 5,22,10
6 * 229 * 2^n - 893 * 5,22,10
6 * 232 * 2^n - 997 * 5,22,10
6 * 234 * 2^n - 37 * 5,22,10
6 * 237 * 2^n - 655 * 5,22,10
6 * 238 * 2^n - 509 * 5,22,10
6 * 238 * 2^n - 529 * 5,22,10
6 * 241 * 2^n - 227 * 5,22,10
6 * 242 * 2^n - 983 * 5,22,10
6 * 244 * 2^n - 541 * 5,22,10
6 * 248 * 2^n - 763 * 5,22,10
6 * 251 * 2^n - 77 * 5,22,10
6187575 * 5 * 2^n - 1,22,10
6049575 * 5 * 2^n - 1,22,10
2282295 * 5 * 2^n - 1,22,10
2547414 * 5 * 2^n - 1,22,10
8657052 * 5 * 2^n + 1,22,10
47 * 2^(n - 37) - 79,22,10
(1 + 79) * 2^(n - 79 + 1) - (2 + 1),22,10
(2) * 3 * 11 * 2 * 2 * 2^n - 13 * 5 * 349,22,10
(2) * 3 * 11 * 2 * 2 * 2^n - 13 * 5 * 863,22,10
(2) * 3 * 11 * 2 * 2 * 2^n - 13 * 5 * 5011,22,10
(2) * 3 * 11 * 2 * 3 * 2^n - 13 * 5 * 1193,22,10
(2) * 3 * 11 * 2 * 9923 * 2^n - 13 * 5 * 6361,22,10
(2) * 3 * 11 * 2 * 2297 * 2^n - 13 * 5 * 6257,22,10
(2) * 3 * 11 * 2 * 103 * 2^n - 13 * 5 * 313,22,10
(2) * 3 * 11 * 2 * 2 * 2^n - 13 * 5 * 95,22,10
(2) * 3 * 11 * 2 * 2 * 2^n - 13 * 5 * 13,22,10
(2) * 3 * 11 * 2 * 19 * 2^n - 13 * 5 * 71,22,10
(2) * 3 * 11 * 2 * 31 * 2^n - 13 * 5 * 107,22,10
(2) * 3 * 11 * 2 * 59 * 2^n - 13 * 5 * 37,22,10
(2) * 3 * 11 * 2 * 157 * 2^n - 13 * 5 * 163,22,10
2 * 3 * 1 * 2^n - 109 * 5,22,10
5 * 29 * 3^n + 2 * 67,22,10
264 * 2^n - 1,22,10
510 * 2^n - 1,22,10
3051 * 2^n - 1,22,10
5 * 9438093 * 2^n - 1,22,10
5 * 6779895 * 2^n - 1,22,10
699080 * 5 * 2^n - 1,22,10
3726 * 2^n + 1,22,10
6024 * 2^n + 1,22,10
6936 * 2^n - 1,22,10
9126 * 2^n - 1,22,10
2^n + 455,22,10
2^n + 91 * 5,22,10
2^n + 249 * 5,22,10
2^n + 6145 * 5,22,10
2^n + 10465 * 5,22,10
2^n + 12493 * 5,22,10
2^n + 12825 * 5,22,10
2^n + 13305 * 5,22,10
2^n + 14319 * 5,22,10
2^n + 14593 * 5,22,10
2^n + 105 * n * 5,22,10
2^n + 972417 * n * 5,22,10
3^n + 286 * n * 5,22,10
2^n * 203776 - 1,22,10
2^n * 552699 - 1,22,10
2^n * 116250 - 1,22,10
2^n * 752805 - 1,22,10
2^n * 435289 - 1,22,10
2^n * 91749 - 1,22,10
2^n * 323211 - 1,22,10
2^n * 199926 - 1,22,10
2^n * 915675 - 1,22,10
2^n * 56280 - 1,22,10
2^n * 35364 - 1,22,10
2^n * 277740 - 1,22,10
2^n * 558715 - 1,22,10
2^n * 210825 - 1,22,10
2^n * 857079 - 1,22,10
2^n * 181146 - 1,22,10
2^n * 637629 - 1,22,10
2^n * 74031 - 1,22,10
2^n * 18381 - 1,22,10
2^n * 14335 - 1,22,10
2^n * 82411 - 1,22,10
2^n * 19305 - 1,22,10
2^n * 80206 - 1,22,10
2^n * 6936 - 1,22,10
2^n * 91239 - 1,22,10
2^n - 86085,22,10
2^n - 8809,22,10
2^n - 20349,22,10
2^n - 29155,22,10
2^n - 32829,22,10
2^n - 44779,22,10
2^n - 47481,22,10
2^n - 49539,22,10
2^n - 56215,22,10
2^n - 57429,22,10
2^n - 59211,22,10
2^n - 68761,22,10
2^n - 69711,22,10
2^n - 5 * 19539,22,10
2^n - 5 * 73781,22,10
2^n * 33 + 2777,22,10
2^n * 33 + 4597,22,10
2^n * 33 + 5113,22,10
3^n * 2 + 15 * 2^n + 25,22,10
3^n * 3 + 3 * 2^n + 2,22,10
3^n * 4 + 21 * 2^n + 7,22,10
3^n * 11 + 6 * 2^n + 14,22,10
3^n * 18 + 1 * 2^n + 15,22,10
3^n * 26 + 3 * 2^n + 25,22,10
3^n * 28 + 3 * 2^n + 7,22,10
2^n + 4093 * 5,21,10
2^n + 4155 * 5,21,10
2^n + 2113 * 5,21,10
2^n + 943 * 5,21,10
846 * 2^n + 1,21,10
471 * 2^n + 1,21,10
6 * 78 * 2^n - 5 * 5,21,10
6 * 3 * 2^n - 569 * 5,21,10
6 * 9 * 2^n - 673 * 5,21,10
6 * 12 * 2^n - 403 * 5,21,10
6 * 12 * 2^n - 415 * 5,21,10
6 * 19 * 2^n - 55 * 5,21,10
6 * 22 * 2^n - 725 * 5,21,10
6 * 23 * 2^n - 341 * 5,21,10
6 * 26 * 2^n - 211 * 5,21,10
6 * 29 * 2^n - 185 * 5,21,10
6 * 29 * 2^n - 755 * 5,21,10
6 * 31 * 2^n - 119 * 5,21,10
6 * 32 * 2^n - 91 * 5,21,10
6 * 32 * 2^n - 583 * 5,21,10
6 * 33 * 2^n - 827 * 5,21,10
6 * 34 * 2^n - 401 * 5,21,10
6 * 34 * 2^n - 953 * 5,21,10
6 * 36 * 2^n - 329 * 5,21,10
6 * 37 * 2^n - 871 * 5,21,10
6 * 39 * 2^n - 499 * 5,21,10
6 * 47 * 2^n - 35 * 5,21,10
6 * 48 * 2^n - 197 * 5,21,10
6 * 49 * 2^n - 415 * 5,21,10
6 * 56 * 2^n - 193 * 5,21,10
6 * 56 * 2^n - 461 * 5,21,10
6 * 56 * 2^n - 727 * 5,21,10
6 * 58 * 2^n - 299 * 5,21,10
6 * 61 * 2^n - 263 * 5,21,10
6 * 62 * 2^n - 311 * 5,21,10
6 * 63 * 2^n - 575 * 5,21,10
6 * 66 * 2^n - 131 * 5,21,10
6 * 66 * 2^n - 313 * 5,21,10
6 * 67 * 2^n - 265 * 5,21,10
6 * 67 * 2^n - 941 * 5,21,10
6 * 68 * 2^n - 263 * 5,21,10
6 * 71 * 2^n - 635 * 5,21,10
6 * 76 * 2^n - 605 * 5,21,10
6 * 77 * 2^n - 205 * 5,21,10
6 * 82 * 2^n - 181 * 5,21,10
6 * 82 * 2^n - 701 * 5,21,10
6 * 82 * 2^n - 725 * 5,21,10
6 * 84 * 2^n - 899 * 5,21,10
6 * 86 * 2^n - 587 * 5,21,10
6 * 88 * 2^n - 281 * 5,21,10
6 * 88 * 2^n - 409 * 5,21,10
6 * 92 * 2^n - 139 * 5,21,10
6 * 92 * 2^n - 319 * 5,21,10
6 * 94 * 2^n - 295 * 5,21,10
6 * 96 * 2^n - 821 * 5,21,10
6 * 101 * 2^n - 511 * 5,21,10
6 * 103 * 2^n - 95 * 5,21,10
6 * 108 * 2^n - 191 * 5,21,10
6 * 109 * 2^n - 871 * 5,21,10
6 * 112 * 2^n - 229 * 5,21,10
6 * 112 * 2^n - 277 * 5,21,10
6 * 118 * 2^n - 961 * 5,21,10
6 * 119 * 2^n - 977 * 5,21,10
6 * 123 * 2^n - 559 * 5,21,10
6 * 124 * 2^n - 223 * 5,21,10
6 * 124 * 2^n - 331 * 5,21,10
6 * 124 * 2^n - 721 * 5,21,10
6 * 128 * 2^n - 47 * 5,21,10
6 * 131 * 2^n - 251 * 5,21,10
6 * 138 * 2^n - 191 * 5,21,10
6 * 138 * 2^n - 203 * 5,21,10
6 * 138 * 2^n - 335 * 5,21,10
6 * 144 * 2^n - 61 * 5,21,10
6 * 149 * 2^n - 257 * 5,21,10
6 * 149 * 2^n - 941 * 5,21,10
6 * 156 * 2^n - 365 * 5,21,10
6 * 157 * 2^n - 19 * 5,21,10
6 * 157 * 2^n - 29 * 5,21,10
6 * 161 * 2^n - 697 * 5,21,10
6 * 163 * 2^n - 811 * 5,21,10
6 * 163 * 2^n - 931 * 5,21,10
6 * 164 * 2^n - 71 * 5,21,10
6 * 168 * 2^n - 865 * 5,21,10
6 * 169 * 2^n - 73 * 5,21,10
6 * 171 * 2^n - 661 * 5,21,10
6 * 172 * 2^n - 595 * 5,21,10
6 * 174 * 2^n - 623 * 5,21,10
6 * 181 * 2^n - 325 * 5,21,10
6 * 183 * 2^n - 235 * 5,21,10
6 * 183 * 2^n - 797 * 5,21,10
6 * 183 * 2^n - 839 * 5,21,10
6 * 191 * 2^n - 869 * 5,21,10
6 * 193 * 2^n - 383 * 5,21,10
6 * 194 * 2^n - 155 * 5,21,10
6 * 196 * 2^n - 205 * 5,21,10
6 * 196 * 2^n - 901 * 5,21,10
6 * 199 * 2^n - 571 * 5,21,10
6 * 201 * 2^n - 211 * 5,21,10
6 * 201 * 2^n - 995 * 5,21,10
6 * 207 * 2^n - 727 * 5,21,10
6 * 209 * 2^n - 577 * 5,21,10
6 * 216 * 2^n - 793 * 5,21,10
6 * 221 * 2^n - 779 * 5,21,10
6 * 222 * 2^n - 77 * 5,21,10
6 * 222 * 2^n - 895 * 5,21,10
6 * 223 * 2^n - 319 * 5,21,10
6 * 228 * 2^n - 265 * 5,21,10
6 * 228 * 2^n - 749 * 5,21,10
6 * 232 * 2^n - 473 * 5,21,10
6 * 236 * 2^n - 611 * 5,21,10
6 * 238 * 2^n - 397 * 5,21,10
6 * 239 * 2^n - 587 * 5,21,10
6 * 241 * 2^n - 191 * 5,21,10
6 * 247 * 2^n - 467 * 5,21,10
2 * 3 * 36 * 2^n - 95 * 5,21,10
2 * 3 * 11 * 262 * 2^n - 13 * 5,21,10
6171 * 2^n + 1,21,10
4274753 * 5 * 2^n - 1,21,10
574735 * 5 * 2^n + 1,21,10
6919909 * 5 * 2^n + 1,21,10
47 * 2^(n - 43) - 79,21,10
(1 + 31) * 2^(n - 23 + 1) - (2 + 1),21,10
(1 + 31) * 2^(n - 53 + 1) - (2 + 1),21,10
(2) * 3 * 11 * 2 * 2 * 2^n - 13 * 5 * 2347,21,10
(2) * 3 * 11 * 2 * 3 * 2^n - 13 * 5 * 3593,21,10
(2) * 3 * 11 * 2 * 3 * 2^n - 13 * 5 * 9109,21,10
(2) * 3 * 11 * 2 * 5171 * 2^n - 13 * 5 * 9227,21,10
(2) * 3 * 11 * 2 * 5981 * 2^n - 13 * 5 * 9643,21,10
(2) * 3 * 11 * 2 * 4229 * 2^n - 13 * 5 * 4091,21,10
(2) * 3 * 11 * 2 * 228 * 2^n - 13 * 5 * 47,21,10
(2) * 3 * 11 * 2 * 6 * 2^n - 13 * 5 * 305,21,10
(2) * 3 * 11 * 2 * 7 * 2^n - 13 * 5 * 151,21,10
(2) * 3 * 11 * 2 * 43 * 2^n - 13 * 5 * 17,21,10
2 * 3 * 1 * 2^n - 221 * 5,21,10
(2) * 3 * 11 * 2 * 109 * 19 * 2^n - 13 * 5 * 193 * 97,21,10
5 * 19 * 3^n + 2 * 23,21,10
5 * 19 * 3^n + 2 * 26,21,10
5 * 45 * 3^n + 2 * 19,21,10
1785 * 2^n - 1,21,10
2224 * 2^n - 1,21,10
2271 * 2^n - 1,21,10
2959 * 2^n - 1,21,10
2985 * 2^n - 1,21,10
2844 * 2^n + 1,21,10
3719 * 2^n + 1,21,10
4391 * 2^n + 1,21,10
8119 * 2^n - 1,21,10
8314 * 2^n - 1,21,10
10191 * 2^n - 1,21,10
10305 * 2^n - 1,21,10
10968 * 2^n - 1,21,10
1 + 4^n + 66,21,10
2^n + 101,21,10
3^n + 430,21,10
4^n + 67,21,10
2^n + 3793 * 5,21,10
2^n + 5185 * 5,21,10
2^n + 9691 * 5,21,10
2^n + 12229 * 5,21,10
2^n + 12619 * 5,21,10
2^n + 13101 * 5,21,10
2^n + 13975 * 5,21,10
2^n + 13983 * 5,21,10
2^n + 14241 * 5,21,10
2^n + 14361 * 5,21,10
2^n + 15663 * 5,21,10
2^n + 16141 * 5,21,10
2^n + 651255 * n * 5,21,10
2^n * 753765 - 1,21,10
2^n * 974230 - 1,21,10
2^n * 485560 - 1,21,10
2^n * 196636 - 1,21,10
2^n * 508110 - 1,21,10
2^n * 75171 - 1,21,10
2^n * 273801 - 1,21,10
2^n * 237886 - 1,21,10
2^n * 672465 - 1,21,10
2^n * 95689 - 1,21,10
2^n * 70959 - 1,21,10
2^n * 38281 - 1,21,10
2^n * 16519 - 1,21,10
2^n * 2985 - 1,21,10
2^n * 83110 - 1,21,10
2^n * 79854 - 1,21,10
2^n * 34051 - 1,21,10
2^n * 30471 - 1,21,10
2^n * 17785 - 1,21,10
2^n * 26040 - 1,21,10
2^n - 40249,21,10
2^n - 74941,21,10
2^n - 76285,21,10
2^n - 82621,21,10
2^n - 83265,21,10
2^n - 96255,21,10
2^n - 2049,21,10
2^n - 1119,21,10
2^n - 5949,21,10
2^n - 5691,21,10
2^n - 13419,21,10
2^n - 15141,21,10
2^n - 18241,21,10
2^n - 19341,21,10
2^n - 25675,21,10
2^n - 35841,21,10
2^n - 37345,21,10
2^n - 41551,21,10
2^n - 42189,21,10
2^n - 54531,21,10
2^n - 59125,21,10
2^n - 70689,21,10
2^n - 71655,21,10
2^n * 33 + 167,21,10
2^n * 33 + 3787,21,10
2^n * 33 + 5935,21,10
2^n * 33 + 6433,21,10
3^n * 8 + 30 * 2^n + 5,21,10
3^n * 16 + 13 * 2^n + 27,21,10
3^n * 29 + 13 * 2^n + 24,21,10
3^n * 18 + 42 * 2^n - 1,21,10
2^n * 364969 - 1,20,10
2^n * 226656 - 1,20,10
2^n * 346204 - 1,20,10
2^n * 180544 - 1,20,10
2^n * 647880 - 1,20,10
2^n * 691564 - 1,20,10
2^n * 49720 - 1,20,10
2^n * 902331 - 1,20,10
2^n * 50791 - 1,20,10
2^n * 35556 - 1,20,10
2^n * 61491 - 1,20,10
2^n * 23826 - 1,20,10
2^n * 83331 - 1,20,10
2^n * 46836 - 1,20,10
2^n - 96529,20,10
2^n - 649,20,10
2^n - 4525,20,10
2^n - 12661,20,10
2^n - 18469,20,10
2^n - 24001,20,10
2^n - 27231,20,10
2^n - 27105,20,10
2^n - 29601,20,10
2^n - 43099,20,10
2^n - 51579,20,10
2^n - 52629,20,10
2^n - 60115,20,10
2^n - 69909,20,10
2^n - 71391,20,10
2^n - 5 * 40247,20,10
2^n * 33 + 4493,20,10
3^n * 1 + 18 * 2^n + 2,20,10
3^n * 1 + 24 * 2^n + 8,20,10
3^n * 4 + 27 * 2^n + 23,20,10
3^n * 7 + 29 * 2^n + 28,20,10
3^n * 23 + 12 * 2^n + 16,20,10
3^n * 29 + 12 * 2^n + 28,20,10
3^n * 24 + 99 * 2^n - 1,20,10
2 * 3 * 19 * 2^n - 11 * 5,53,9
(2) * 3 * 11 * 2 * 53 * 2^n - 13 * 5 * 37,51,9
2 * 3 * 68 * 2^n - 91 * 5,50,9
2^n + 111 * 5,50,9
2^n + 6825 * 5,49,9
2 * 3 * 66 * 2^n - 29 * 5,49,9
2 * 3 * 11 * 134 * 2^n - 13 * 5,49,9
2^n + 69 * 5,49,9
2 * 3 * 51 * 2^n - 19 * 5,47,9
2 * 3 * 93 * 2^n - 55 * 5,47,9
2 * 3 * 11 * 239 * 2^n - 13 * 5,47,9
2^n + 6405 * 5,47,9
2^n + 4611 * 5,46,9
2 * 3 * 12 * 2^n - 11 * 5,46,9
2 * 3 * 58 * 2^n - 35 * 5,46,9
2 * 3 * 66 * 2^n - 71 * 5,46,9
2^n + 15483 * 5,46,9
2 * 3 * 24 * 2^n - 11 * 5,45,9
2 * 3 * 28 * 2^n - 53 * 5,45,9
2 * 3 * 56 * 2^n - 53 * 5,45,9
2 * 3 * 11 * 107 * 2^n - 13 * 5,45,9
(2) * 3 * 11 * 2 * 11 * 2^n - 13 * 5 * 29,45,9
2 * 3 * 18 * 2^n - 31 * 5,44,9
2 * 3 * 21 * 2^n - 61 * 5,44,9
2 * 3 * 22 * 2^n - 49 * 5,44,9
2 * 3 * 51 * 2^n - 73 * 5,44,9
2 * 3 * 52 * 2^n - 23 * 5,44,9
2 * 3 * 67 * 2^n - 89 * 5,44,9
2 * 3 * 68 * 2^n - 67 * 5,44,9
2 * 3 * 76 * 2^n - 65 * 5,44,9
2 * 3 * 79 * 2^n - 55 * 5,44,9
2 * 3 * 91 * 2^n - 11 * 5,44,9
2 * 3 * 97 * 2^n - 79 * 5,44,9
(2) * 3 * 11 * 2 * 3 * 2^n - 13 * 5 * 1693,44,9
(2) * 3 * 11 * 2 * 86 * 2^n - 13 * 5 * 193,44,9
(2) * 3 * 11 * 2 * 73 * 2^n - 13 * 5 * 97,44,9
6 * 7 * 2^n - 1 * 5,44,9
2 * 3 * 16 * 2^n - 55 * 5,43,9
2 * 3 * 88 * 2^n - 17 * 5,43,9
(2) * 3 * 11 * 2 * 2 * 2^n - 13 * 5 * 127,43,9
(2) * 3 * 11 * 2 * 167 * 2^n - 13 * 5 * 31,43,9
6 * 19 * 2^n - 11 * 5,42,9
2 * 3 * 28 * 2^n - 17 * 5,42,9
2 * 3 * 33 * 2^n - 7 * 5,42,9
2 * 3 * 42 * 2^n - 11 * 5,42,9
2 * 3 * 44 * 2^n - 89 * 5,42,9
2 * 3 * 49 * 2^n - 29 * 5,42,9
2 * 3 * 99 * 2^n - 47 * 5,42,9
(2) * 3 * 11 * 2 * 3 * 2^n - 13 * 5 * 17,42,9
2^n - 18315,42,9
2 * 3 * 54 * 2^n - 85 * 5,41,9
2 * 3 * 56 * 2^n - 17 * 5,41,9
2 * 3 * 59 * 2^n - 37 * 5,41,9
2 * 3 * 66 * 2^n - 7 * 5,41,9
2 * 3 * 99 * 2^n - 85 * 5,41,9
(2) * 3 * 11 * 2 * 3 * 2^n - 13 * 5 * 175,41,9
(2) * 3 * 11 * 2 * 8 * 2^n - 13 * 5 * 127,41,9
(2) * 3 * 11 * 2 * 12 * 2^n - 13 * 5 * 175,41,9
(2) * 3 * 11 * 2 * 89 * 2^n - 13 * 5 * 139,41,9
2^n + 8517 * 5,41,9
2^n + 6033 * 5,40,9
2^n + 5589 * 5,40,9
2^n + 1617 * 5,40,9
6 * 36 * 2^n - 143 * 5,40,9
6 * 144 * 2^n - 143 * 5,40,9
6 * 228 * 2^n - 563 * 5,40,9
2 * 3 * 37 * 2^n - 59 * 5,40,9
2 * 3 * 39 * 2^n - 1 * 5,40,9
2 * 3 * 46 * 2^n - 13 * 5,40,9
2 * 3 * 53 * 2^n - 73 * 5,40,9
2 * 3 * 91 * 2^n - 79 * 5,40,9
2 * 3 * 96 * 2^n - 25 * 5,40,9
2 * 3 * 19 * 36 * 2^n - 25 * 5,40,9
(2) * 3 * 11 * 2 * 2 * 2^n - 13 * 5 * 8731,40,9
(2) * 3 * 11 * 2 * 1063 * 2^n - 13 * 5 * 6481,40,9
(2) * 3 * 11 * 2 * 2677 * 2^n - 13 * 5 * 1039,40,9
(2) * 3 * 11 * 2 * 6 * 2^n - 13 * 5 * 241,40,9
(2) * 3 * 11 * 2 * 12 * 2^n - 13 * 5 * 241,40,9
(2) * 3 * 11 * 2 * 67 * 2^n - 13 * 5 * 151,40,9
(2) * 3 * 11 * 2 * 149 * 2^n - 13 * 5 * 193,40,9
2^n + 11739 * 5,40,9
2^n - 62985,40,9
2^n + 1767 * 5,39,9
2^n + 621 * 5,39,9
6 * 47 * 2^n - 583 * 5,39,9
6 * 77 * 2^n - 323 * 5,39,9
6 * 94 * 2^n - 245 * 5,39,9
6 * 117 * 2^n - 193 * 5,39,9
6 * 117 * 2^n - 847 * 5,39,9
6 * 119 * 2^n - 155 * 5,39,9
6 * 182 * 2^n - 869 * 5,39,9
6 * 184 * 2^n - 689 * 5,39,9
2 * 3 * 2 * 2^n - 31 * 5,39,9
2 * 3 * 12 * 2^n - 23 * 5,39,9
2 * 3 * 24 * 2^n - 79 * 5,39,9
2 * 3 * 71 * 2^n - 41 * 5,39,9
2 * 3 * 11 * 106 * 2^n - 13 * 5,39,9
2 * 3 * 11 * 212 * 2^n - 13 * 5,39,9
(2) * 3 * 11 * 2 * 2 * 2^n - 13 * 5 * 155,39,9
(2) * 3 * 11 * 2 * 4 * 2^n - 13 * 5 * 155,39,9
(2) * 3 * 11 * 2 * 16 * 2^n - 13 * 5 * 155,39,9
(2) * 3 * 11 * 2 * 3 * 2^n - 13 * 5 * 173,39,9
(2) * 3 * 11 * 2 * 7 * 2^n - 13 * 5 * 163,39,9
(2) * 3 * 11 * 2 * 47 * 2^n - 13 * 5 * 101,39,9
(2) * 3 * 11 * 2 * 73 * 2^n - 13 * 5 * 181,39,9
(2) * 3 * 11 * 2 * 103 * 2^n - 13 * 5 * 83,39,9
(2) * 3 * 11 * 2 * 109 * 2^n - 13 * 5 * 29,39,9
(2) * 3 * 11 * 2 * 193 * 2^n - 13 * 5 * 7,39,9
2^n + 12123 * 5,39,9
2^n + 15333 * 5,39,9
2^n + 4959 * 5,38,9
2^n + 1749 * 5,38,9
6 * 22 * 2^n - 17 * 5,38,9
6 * 23 * 2^n - 689 * 5,38,9
6 * 73 * 2^n - 85 * 5,38,9
6 * 253 * 2^n - 503 * 5,38,9
2 * 3 * 39 * 2^n - 17 * 5,38,9
2 * 3 * 44 * 2^n - 97 * 5,38,9
2 * 3 * 53 * 2^n - 61 * 5,38,9
2 * 3 * 63 * 2^n - 85 * 5,38,9
2 * 3 * 71 * 2^n - 61 * 5,38,9
2 * 3 * 11 * 32543 * 2^n - 25 * 5,38,9
(2) * 3 * 11 * 2 * 41 * 2^n - 13 * 5 * 19,38,9
(2) * 3 * 11 * 2 * 53 * 2^n - 13 * 5 * 151,38,9
(2) * 3 * 11 * 2 * 113 * 2^n - 13 * 5 * 29,38,9
(2) * 3 * 11 * 2 * 131 * 2^n - 13 * 5 * 7,38,9
2^n + 153 * 5,38,9
2^n * 33 + 1195,38,9
2^n + 8025 * 5,37,9
2^n + 4203 * 5,37,9
2^n + 699 * 5,37,9
6 * 77 * 2^n - 65 * 5,37,9
6 * 1 * 2^n - 979 * 5,37,9
6 * 11 * 2^n - 251 * 5,37,9
6 * 39 * 2^n - 77 * 5,37,9
6 * 64 * 2^n - 979 * 5,37,9
6 * 68 * 2^n - 403 * 5,37,9
6 * 77 * 2^n - 887 * 5,37,9
6 * 91 * 2^n - 527 * 5,37,9
6 * 103 * 2^n - 935 * 5,37,9
6 * 113 * 2^n - 185 * 5,37,9
6 * 128 * 2^n - 979 * 5,37,9
6 * 133 * 2^n - 671 * 5,37,9
6 * 138 * 2^n - 547 * 5,37,9
6 * 154 * 2^n - 367 * 5,37,9
6 * 154 * 2^n - 527 * 5,37,9
6 * 154 * 2^n - 887 * 5,37,9
6 * 163 * 2^n - 223 * 5,37,9
6 * 186 * 2^n - 481 * 5,37,9
6 * 236 * 2^n - 95 * 5,37,9
2 * 3 * 12 * 2^n - 7 * 5,37,9
2 * 3 * 26 * 2^n - 85 * 5,37,9
2 * 3 * 28 * 2^n - 41 * 5,37,9
2 * 3 * 28 * 2^n - 65 * 5,37,9
2 * 3 * 39 * 2^n - 89 * 5,37,9
2 * 3 * 49 * 2^n - 55 * 5,37,9
2 * 3 * 57 * 2^n - 23 * 5,37,9
2 * 3 * 68 * 2^n - 71 * 5,37,9
2 * 3 * 71 * 2^n - 31 * 5,37,9
2 * 3 * 78 * 2^n - 17 * 5,37,9
2 * 3 * 78 * 2^n - 59 * 5,37,9
2 * 3 * 79 * 2^n - 19 * 5,37,9
2 * 3 * 81 * 2^n - 55 * 5,37,9
2 * 3 * 92 * 2^n - 77 * 5,37,9
2 * 3 * 96 * 2^n - 35 * 5,37,9
2 * 3 * 99 * 2^n - 5 * 5,37,9
2 * 3 * 11 * 49462 * 2^n - 25 * 5,37,9
(2) * 3 * 11 * 2 * 4957 * 2^n - 13 * 5 * 1031,37,9
(2) * 3 * 11 * 2 * 157 * 2^n - 13 * 5 * 2371,37,9
(2) * 3 * 11 * 2 * 283 * 2^n - 13 * 5 * 131,37,9
(2) * 3 * 11 * 2 * 21 * 2^n - 13 * 5 * 95,37,9
(2) * 3 * 11 * 2 * 6 * 2^n - 13 * 5 * 215,37,9
(2) * 3 * 11 * 2 * 8 * 2^n - 13 * 5 * 389,37,9
(2) * 3 * 11 * 2 * 9 * 2^n - 13 * 5 * 373,37,9
(2) * 3 * 11 * 2 * 14 * 2^n - 13 * 5 * 59,37,9
(2) * 3 * 11 * 2 * 7 * 2^n - 13 * 5 * 197,37,9
(2) * 3 * 11 * 2 * 47 * 2^n - 13 * 5 * 157,37,9
(2) * 3 * 11 * 2 * 67 * 2^n - 13 * 5 * 191,37,9
(2) * 3 * 11 * 2 * 71 * 2^n - 13 * 5 * 29,37,9
(2) * 3 * 11 * 2 * 167 * 2^n - 13 * 5 * 41,37,9
2 * 3 * 1 * 2^n - 581 * 5,37,9
(2) * 3 * 11 * 2 * 109 * 17 * 2^n - 13 * 5 * 193 * 383,37,9
6 * 3 * 2^n - 7 * 5,37,9
6 * 2 * 2^n - 7 * 5,37,9
630 * 2^n - 1,37,9
1260 * 2^n - 1,37,9
7749 * 2^n - 1,37,9
2^n + 4773 * 5,37,9
2^n + 9681 * 5,37,9
2^n + 13293 * 5,37,9
2^n + 15777 * 5,37,9
2^n - 17955,37,9
2^n * 33 + 3505,37,9
2^n + 5529 * 5,36,9
2^n + 4731 * 5,36,9
6 * 37 * 2^n - 77 * 5,36,9
6 * 88 * 2^n - 17 * 5,36,9
6 * 26 * 2^n - 11 * 5,36,9
6 * 7 * 2^n - 253 * 5,36,9
6 * 11 * 2^n - 161 * 5,36,9
6 * 16 * 2^n - 913 * 5,36,9
6 * 22 * 2^n - 161 * 5,36,9
6 * 28 * 2^n - 253 * 5,36,9
6 * 32 * 2^n - 913 * 5,36,9
6 * 38 * 2^n - 595 * 5,36,9
6 * 41 * 2^n - 869 * 5,36,9
6 * 42 * 2^n - 605 * 5,36,9
6 * 56 * 2^n - 253 * 5,36,9
6 * 56 * 2^n - 451 * 5,36,9
6 * 57 * 2^n - 349 * 5,36,9
6 * 57 * 2^n - 467 * 5,36,9
6 * 62 * 2^n - 361 * 5,36,9
6 * 88 * 2^n - 287 * 5,36,9
6 * 119 * 2^n - 223 * 5,36,9
6 * 128 * 2^n - 377 * 5,36,9
6 * 143 * 2^n - 205 * 5,36,9
6 * 143 * 2^n - 575 * 5,36,9
6 * 143 * 2^n - 679 * 5,36,9
6 * 149 * 2^n - 97 * 5,36,9
6 * 154 * 2^n - 61 * 5,36,9
6 * 154 * 2^n - 947 * 5,36,9
6 * 176 * 2^n - 161 * 5,36,9
6 * 209 * 2^n - 491 * 5,36,9
6 * 216 * 2^n - 25 * 5,36,9
6 * 227 * 2^n - 275 * 5,36,9
6 * 234 * 2^n - 421 * 5,36,9
2 * 3 * 17 * 2^n - 77 * 5,36,9
2 * 3 * 24 * 2^n - 7 * 5,36,9
2 * 3 * 24 * 2^n - 65 * 5,36,9
2 * 3 * 29 * 2^n - 55 * 5,36,9
2 * 3 * 37 * 2^n - 91 * 5,36,9
2 * 3 * 53 * 2^n - 97 * 5,36,9
2 * 3 * 54 * 2^n - 1 * 5,36,9
2 * 3 * 66 * 2^n - 65 * 5,36,9
2 * 3 * 71 * 2^n - 13 * 5,36,9
2 * 3 * 73 * 2^n - 29 * 5,36,9
7181700 * 5 * 2^n - 1,36,9
(2) * 3 * 11 * 2 * 53 * 2^n - 13 * 5 * 95,36,9
(2) * 3 * 11 * 2 * 8 * 2^n - 13 * 5 * 35,36,9
(2) * 3 * 11 * 2 * 9 * 2^n - 13 * 5 * 91,36,9
(2) * 3 * 11 * 2 * 14 * 2^n - 13 * 5 * 163,36,9
(2) * 3 * 11 * 2 * 16 * 2^n - 13 * 5 * 221,36,9
(2) * 3 * 11 * 2 * 23 * 2^n - 13 * 5 * 107,36,9
(2) * 3 * 11 * 2 * 43 * 2^n - 13 * 5 * 107,36,9
(2) * 3 * 11 * 2 * 101 * 2^n - 13 * 5 * 17,36,9
(2) * 3 * 11 * 2 * 103 * 2^n - 13 * 5 * 139,36,9
(2) * 3 * 11 * 2 * 113 * 2^n - 13 * 5 * 197,36,9
5 * 37 * 3^n + 2 * 77,36,9
2250 * 2^n - 1,36,9
9000 * 2^n - 1,36,9
2^n + 369 * 5,36,9
2^n + 8757 * 5,36,9
2^n + 10275 * 5,36,9
2^n + 10407 * 5,36,9
2^n + 13761 * 5,36,9
2^n + 14157 * 5,36,9
2^n + 15231 * 5,36,9
2^n + 15861 * 5,36,9
2^n + 16149 * 5,36,9
2^n * 33 + 955,36,9
2^n * 33 + 4885,36,9
2^n + 7017 * 5,35,9
2^n + 4725 * 5,35,9
2^n + 3153 * 5,35,9
2^n + 3051 * 5,35,9
6 * 91 * 2^n - 1 * 5,35,9
6 * 16 * 2^n - 377 * 5,35,9
6 * 44 * 2^n - 287 * 5,35,9
6 * 78 * 2^n - 409 * 5,35,9
6 * 81 * 2^n - 299 * 5,35,9
6 * 87 * 2^n - 193 * 5,35,9
6 * 114 * 2^n - 535 * 5,35,9
6 * 116 * 2^n - 829 * 5,35,9
6 * 117 * 2^n - 445 * 5,35,9
6 * 122 * 2^n - 613 * 5,35,9
6 * 123 * 2^n - 605 * 5,35,9
6 * 131 * 2^n - 553 * 5,35,9
6 * 141 * 2^n - 145 * 5,35,9
6 * 143 * 2^n - 365 * 5,35,9
6 * 152 * 2^n - 947 * 5,35,9
6 * 161 * 2^n - 629 * 5,35,9
6 * 162 * 2^n - 299 * 5,35,9
6 * 173 * 2^n - 121 * 5,35,9
6 * 182 * 2^n - 851 * 5,35,9
6 * 183 * 2^n - 335 * 5,35,9
6 * 184 * 2^n - 185 * 5,35,9
6 * 184 * 2^n - 223 * 5,35,9
6 * 186 * 2^n - 209 * 5,35,9
6 * 196 * 2^n - 821 * 5,35,9
6 * 213 * 2^n - 427 * 5,35,9
6 * 221 * 2^n - 475 * 5,35,9
6 * 237 * 2^n - 337 * 5,35,9
6 * 241 * 2^n - 67 * 5,35,9
6 * 248 * 2^n - 289 * 5,35,9
6 * 252 * 2^n - 851 * 5,35,9
2 * 3 * 18 * 2^n - 49 * 5,35,9
2 * 3 * 31 * 2^n - 11 * 5,35,9
2 * 3 * 62 * 2^n - 95 * 5,35,9
2 * 3 * 64 * 2^n - 7 * 5,35,9
2 * 3 * 72 * 2^n - 49 * 5,35,9
2 * 3 * 77 * 2^n - 29 * 5,35,9
2 * 3 * 83 * 2^n - 1 * 5,35,9
2 * 3 * 83 * 2^n - 67 * 5,35,9
2 * 3 * 83 * 2^n - 91 * 5,35,9
2 * 3 * 87 * 2^n - 65 * 5,35,9
2 * 3 * 91 * 2^n - 89 * 5,35,9
2 * 3 * 94 * 2^n - 91 * 5,35,9
2 * 3 * 96 * 2^n - 7 * 5,35,9
2 * 3 * 96 * 2^n - 91 * 5,35,9
(2) * 3 * 11 * 2 * 2 * 2^n - 13 * 5 * 373,35,9
(2) * 3 * 11 * 2 * 3 * 2^n - 13 * 5 * 5981,35,9
(2) * 3 * 11 * 2 * 2399 * 2^n - 13 * 5 * 8111,35,9
(2) * 3 * 11 * 2 * 1949 * 2^n - 13 * 5 * 3541,35,9
(2) * 3 * 11 * 2 * 294 * 2^n - 13 * 5 * 367,35,9
(2) * 3 * 11 * 2 * 1 * 2^n - 13 * 5 * 263,35,9
(2) * 3 * 11 * 2 * 1 * 2^n - 13 * 5 * 359,35,9
(2) * 3 * 11 * 2 * 3 * 2^n - 13 * 5 * 61,35,9
(2) * 3 * 11 * 2 * 31 * 2^n - 13 * 5 * 101,35,9
(2) * 3 * 11 * 2 * 31 * 2^n - 13 * 5 * 103,35,9
(2) * 3 * 11 * 2 * 59 * 2^n - 13 * 5 * 7,35,9
(2) * 3 * 11 * 2 * 113 * 2^n - 13 * 5 * 193,35,9
(2) * 3 * 11 * 2 * 179 * 2^n - 13 * 5 * 29,35,9
(2) * 3 * 11 * 2 * 191 * 2^n - 13 * 5 * 53,35,9
5 * 7 * 3^n + 2 * 26,35,9
949452 * 5 * 2^n - 1,35,9
2^n + 75 * 5,35,9
2^n + 273 * 5,35,9
2^n + 339 * 5,35,9
2^n * 225525 - 1,35,9
2^n * 69915 - 1,35,9
2^n * 262821 - 1,35,9
2^n * 25665 - 1,35,9
2^n - 5 * 20553,35,9
2^n * 33 + 1655,35,9
2^n * 33 + 4525,35,9
2^n * 33 + 5659,35,9
2^n + 5505 * 5,34,9
2^n + 5031 * 5,34,9
2^n + 3843 * 5,34,9
2^n + 2127 * 5,34,9
2^n + 1371 * 5,34,9
6 * 53 * 2^n - 17 * 5,34,9
6 * 69 * 2^n - 11 * 5,34,9
6 * 8 * 2^n - 713 * 5,34,9
6 * 19 * 2^n - 947 * 5,34,9
6 * 21 * 2^n - 425 * 5,34,9
6 * 29 * 2^n - 35 * 5,34,9
6 * 38 * 2^n - 233 * 5,34,9
6 * 38 * 2^n - 673 * 5,34,9
6 * 52 * 2^n - 469 * 5,34,9
6 * 54 * 2^n - 823 * 5,34,9
6 * 61 * 2^n - 53 * 5,34,9
6 * 73 * 2^n - 259 * 5,34,9
6 * 77 * 2^n - 211 * 5,34,9
6 * 92 * 2^n - 35 * 5,34,9
6 * 91 * 2^n - 323 * 5,34,9
6 * 92 * 2^n - 119 * 5,34,9
6 * 97 * 2^n - 667 * 5,34,9
6 * 98 * 2^n - 673 * 5,34,9
6 * 103 * 2^n - 989 * 5,34,9
6 * 113 * 2^n - 283 * 5,34,9
6 * 119 * 2^n - 353 * 5,34,9
6 * 124 * 2^n - 289 * 5,34,9
6 * 124 * 2^n - 379 * 5,34,9
6 * 133 * 2^n - 661 * 5,34,9
6 * 137 * 2^n - 539 * 5,34,9
6 * 141 * 2^n - 661 * 5,34,9
6 * 143 * 2^n - 133 * 5,34,9
6 * 143 * 2^n - 613 * 5,34,9
6 * 149 * 2^n - 143 * 5,34,9
6 * 152 * 2^n - 673 * 5,34,9
6 * 158 * 2^n - 833 * 5,34,9
6 * 171 * 2^n - 65 * 5,34,9
6 * 182 * 2^n - 1 * 5,34,9
6 * 182 * 2^n - 493 * 5,34,9
6 * 183 * 2^n - 551 * 5,34,9
6 * 194 * 2^n - 667 * 5,34,9
6 * 196 * 2^n - 853 * 5,34,9
6 * 203 * 2^n - 557 * 5,34,9
6 * 203 * 2^n - 649 * 5,34,9
6 * 209 * 2^n - 841 * 5,34,9
6 * 217 * 2^n - 199 * 5,34,9
6 * 218 * 2^n - 475 * 5,34,9
6 * 226 * 2^n - 689 * 5,34,9
6 * 233 * 2^n - 637 * 5,34,9
6 * 238 * 2^n - 353 * 5,34,9
6 * 241 * 2^n - 263 * 5,34,9
6 * 253 * 2^n - 439 * 5,34,9
6 * 253 * 2^n - 479 * 5,34,9
2 * 3 * 12 * 2^n - 85 * 5,34,9
2 * 3 * 24 * 2^n - 85 * 5,34,9
2 * 3 * 27 * 2^n - 43 * 5,34,9
2 * 3 * 38 * 2^n - 85 * 5,34,9
2 * 3 * 54 * 2^n - 13 * 5,34,9
2 * 3 * 54 * 2^n - 49 * 5,34,9
2 * 3 * 59 * 2^n - 7 * 5,34,9
2 * 3 * 63 * 2^n - 97 * 5,34,9
2 * 3 * 67 * 2^n - 11 * 5,34,9
2 * 3 * 67 * 2^n - 97 * 5,34,9
2 * 3 * 74 * 2^n - 17 * 5,34,9
2 * 3 * 76 * 2^n - 85 * 5,34,9
2 * 3 * 79 * 2^n - 97 * 5,34,9
2 * 3 * 81 * 2^n - 73 * 5,34,9
2 * 3 * 86 * 2^n - 13 * 5,34,9
2 * 3 * 92 * 2^n - 19 * 5,34,9
2 * 3 * 96 * 2^n - 85 * 5,34,9
2 * 3 * 11 * 53123 * 2^n - 25 * 5,34,9
2 * 3 * 11 * 17041 * 2^n - 25 * 5,34,9
2 * 3 * 11 * 69496 * 2^n - 25 * 5,34,9
2 * 3 * 11 * 123 * 2^n - 13 * 5,34,9
2 * 3 * 11 * 144 * 2^n - 13 * 5,34,9
2 * 3 * 11 * 148 * 2^n - 13 * 5,34,9
796350 * 5 * 2^n - 1,34,9
8697825 * 5 * 2^n + 1,34,9
(2) * 3 * 11 * 2 * 9941 * 2^n - 13 * 5 * 6869,34,9
(2) * 3 * 11 * 2 * 1283 * 2^n - 13 * 5 * 2179,34,9
(2) * 3 * 11 * 2 * 6781 * 2^n - 13 * 5 * 6067,34,9
(2) * 3 * 11 * 2 * 249 * 2^n - 13 * 5 * 7,34,9
(2) * 3 * 11 * 2 * 1 * 2^n - 13 * 5 * 67,34,9
(2) * 3 * 11 * 2 * 14 * 2^n - 13 * 5 * 391,34,9
(2) * 3 * 11 * 2 * 31 * 2^n - 13 * 5 * 181,34,9
(2) * 3 * 11 * 2 * 53 * 2^n - 13 * 5 * 191,34,9
(2) * 3 * 11 * 2 * 101 * 2^n - 13 * 5 * 167,34,9
(2) * 3 * 11 * 2 * 109 * 2^n - 13 * 5 * 37,34,9
(2) * 3 * 11 * 2 * 191 * 2^n - 13 * 5 * 197,34,9
2 * 3 * 1 * 2^n - 173 * 5,34,9
(2) * 3 * 11 * 2 * 109 * 17 * 2^n - 13 * 5 * 193 * 643,34,9
(2) * 3 * 11 * 2 * 109 * 19 * 2^n - 13 * 5 * 193 * 103,34,9
(2) * 3 * 11 * 2 * 109 * 29 * 2^n - 13 * 5 * 193 * 487,34,9
2^n + 261,34,9
2^n + 6201 * 5,34,9
2^n + 10617 * 5,34,9
2^n + 11865 * 5,34,9
2^n + 14577 * 5,34,9
2^n + 16335 * 5,34,9
2^n * 657930 - 1,34,9
2^n * 96060 - 1,34,9
2^n - 92235,34,9
2^n - 14895,34,9
2^n - 28215,34,9
2^n - 30705,34,9
2^n - 37575,34,9
2^n - 58569,34,9
2^n * 33 + 5185,34,9
2^n * 33 + 6235,34,9
2^n + 5235 * 5,33,9
6 * 61 * 2^n - 43 * 5,33,9
6 * 72 * 2^n - 31 * 5,33,9
6 * 11 * 2^n - 73 * 5,33,9
6 * 13 * 2^n - 133 * 5,33,9
6 * 27 * 2^n - 121 * 5,33,9
6 * 29 * 2^n - 509 * 5,33,9
6 * 34 * 2^n - 175 * 5,33,9
6 * 41 * 2^n - 253 * 5,33,9
6 * 42 * 2^n - 859 * 5,33,9
6 * 44 * 2^n - 755 * 5,33,9
6 * 58 * 2^n - 509 * 5,33,9
6 * 66 * 2^n - 277 * 5,33,9
6 * 66 * 2^n - 911 * 5,33,9
6 * 69 * 2^n - 653 * 5,33,9
6 * 71 * 2^n - 475 * 5,33,9
6 * 82 * 2^n - 253 * 5,33,9
6 * 84 * 2^n - 859 * 5,33,9
6 * 93 * 2^n - 691 * 5,33,9
6 * 94 * 2^n - 161 * 5,33,9
6 * 97 * 2^n - 361 * 5,33,9
6 * 101 * 2^n - 65 * 5,33,9
6 * 102 * 2^n - 587 * 5,33,9
6 * 116 * 2^n - 35 * 5,33,9
6 * 117 * 2^n - 301 * 5,33,9
6 * 118 * 2^n - 737 * 5,33,9
6 * 119 * 2^n - 275 * 5,33,9
6 * 122 * 2^n - 149 * 5,33,9
6 * 128 * 2^n - 619 * 5,33,9
6 * 132 * 2^n - 613 * 5,33,9
6 * 134 * 2^n - 559 * 5,33,9
6 * 143 * 2^n - 337 * 5,33,9
6 * 147 * 2^n - 461 * 5,33,9
6 * 162 * 2^n - 241 * 5,33,9
6 * 169 * 2^n - 131 * 5,33,9
6 * 173 * 2^n - 841 * 5,33,9
6 * 183 * 2^n - 187 * 5,33,9
6 * 198 * 2^n - 229 * 5,33,9
6 * 198 * 2^n - 395 * 5,33,9
6 * 203 * 2^n - 911 * 5,33,9
6 * 204 * 2^n - 455 * 5,33,9
6 * 221 * 2^n - 355 * 5,33,9
6 * 224 * 2^n - 919 * 5,33,9
6 * 228 * 2^n - 985 * 5,33,9
6 * 234 * 2^n - 749 * 5,33,9
6 * 236 * 2^n - 737 * 5,33,9
6 * 244 * 2^n - 379 * 5,33,9
6 * 247 * 2^n - 367 * 5,33,9
6 * 253 * 2^n - 41 * 5,33,9
6 * 253 * 2^n - 335 * 5,33,9
2 * 3 * 3 * 2^n - 77 * 5,33,9
2 * 3 * 13 * 2^n - 53 * 5,33,9
2 * 3 * 16 * 2^n - 73 * 5,33,9
2 * 3 * 68 * 2^n - 29 * 5,33,9
2 * 3 * 77 * 2^n - 95 * 5,33,9
2 * 3 * 82 * 2^n - 49 * 5,33,9
2 * 3 * 99 * 2^n - 7 * 5,33,9
2 * 3 * 19 * 93 * 2^n - 25 * 5,33,9
324 * 2^n + 1,33,9
(2) * 3 * 11 * 2 * 2 * 2^n - 13 * 5 * 1471,33,9
(2) * 3 * 11 * 2 * 3 * 2^n - 13 * 5 * 1741,33,9
(2) * 3 * 11 * 2 * 7039 * 2^n - 13 * 5 * 151,33,9
(2) * 3 * 11 * 2 * 5003 * 2^n - 13 * 5 * 3853,33,9
(2) * 3 * 11 * 2 * 2137 * 2^n - 13 * 5 * 7949,33,9
(2) * 3 * 11 * 2 * 2 * 2^n - 13 * 5 * 371,33,9
(2) * 3 * 11 * 2 * 6 * 2^n - 13 * 5 * 91,33,9
(2) * 3 * 11 * 2 * 6 * 2^n - 13 * 5 * 245,33,9
(2) * 3 * 11 * 2 * 7 * 2^n - 13 * 5 * 115,33,9
(2) * 3 * 11 * 2 * 8 * 2^n - 13 * 5 * 7,33,9
(2) * 3 * 11 * 2 * 8 * 2^n - 13 * 5 * 23,33,9
(2) * 3 * 11 * 2 * 8 * 2^n - 13 * 5 * 43,33,9
(2) * 3 * 11 * 2 * 8 * 2^n - 13 * 5 * 205,33,9
(2) * 3 * 11 * 2 * 12 * 2^n - 13 * 5 * 371,33,9
(2) * 3 * 11 * 2 * 17 * 2^n - 13 * 5 * 91,33,9
(2) * 3 * 11 * 2 * 17 * 2^n - 13 * 5 * 133,33,9
(2) * 3 * 11 * 2 * 19 * 2^n - 13 * 5 * 73,33,9
(2) * 3 * 11 * 2 * 37 * 2^n - 13 * 5 * 107,33,9
(2) * 3 * 11 * 2 * 43 * 2^n - 13 * 5 * 37,33,9
(2) * 3 * 11 * 2 * 59 * 2^n - 13 * 5 * 13,33,9
(2) * 3 * 11 * 2 * 127 * 2^n - 13 * 5 * 137,33,9
(2) * 3 * 11 * 2 * 131 * 2^n - 13 * 5 * 101,33,9
(2) * 3 * 11 * 2 * 139 * 2^n - 13 * 5 * 89,33,9
(2) * 3 * 11 * 2 * 157 * 2^n - 13 * 5 * 103,33,9
(2) * 3 * 11 * 2 * 167 * 2^n - 13 * 5 * 103,33,9
(2) * 3 * 11 * 2 * 193 * 2^n - 13 * 5 * 29,33,9
(2) * 3 * 11 * 2 * 197 * 2^n - 13 * 5 * 71,33,9
(2) * 3 * 11 * 2 * 199 * 2^n - 13 * 5 * 157,33,9
592929 * 5 * 2^n - 1,33,9
2^n + 81,33,9
2^n + 765,33,9
2^n + 951 * 5,33,9
2^n + 7203 * 5,33,9
2^n + 8211 * 5,33,9
2^n + 9099 * 5,33,9
2^n + 9483 * 5,33,9
2^n + 12663 * 5,33,9
2^n * 375450 - 1,33,9
2^n * 69030 - 1,33,9
2^n * 58890 - 1,33,9
2^n - 5955,33,9
2^n - 27795,33,9
2^n - 38505,33,9
2^n - 57195,33,9
2^n * 33 + 1235,33,9
2^n * 33 + 2905,33,9
2^n * 33 + 5999,33,9
2^n + 5355 * 5,32,9
2^n + 4335 * 5,32,9
2^n + 2211 * 5,32,9
2^n + 2217 * 5,32,9
6 * 34 * 2^n - 43 * 5,32,9
6 * 47 * 2^n - 77 * 5,32,9
6 * 26 * 2^n - 85 * 5,32,9
6 * 34 * 2^n - 65 * 5,32,9
6 * 46 * 2^n - 13 * 5,32,9
6 * 83 * 2^n - 71 * 5,32,9
6 * 99 * 2^n - 83 * 5,32,9
6 * 7 * 2^n - 107 * 5,32,9
6 * 7 * 2^n - 655 * 5,32,9
6 * 7 * 2^n - 869 * 5,32,9
6 * 23 * 2^n - 517 * 5,32,9
6 * 28 * 2^n - 107 * 5,32,9
6 * 28 * 2^n - 655 * 5,32,9
6 * 33 * 2^n - 197 * 5,32,9
6 * 39 * 2^n - 535 * 5,32,9
6 * 41 * 2^n - 611 * 5,32,9
6 * 43 * 2^n - 143 * 5,32,9
6 * 46 * 2^n - 775 * 5,32,9
6 * 47 * 2^n - 71 * 5,32,9
6 * 52 * 2^n - 275 * 5,32,9
6 * 56 * 2^n - 655 * 5,32,9
6 * 58 * 2^n - 265 * 5,32,9
6 * 61 * 2^n - 205 * 5,32,9
6 * 62 * 2^n - 169 * 5,32,9
6 * 63 * 2^n - 773 * 5,32,9
6 * 78 * 2^n - 49 * 5,32,9
6 * 79 * 2^n - 17 * 5,32,9
6 * 77 * 2^n - 307 * 5,32,9
6 * 77 * 2^n - 377 * 5,32,9
6 * 78 * 2^n - 545 * 5,32,9
6 * 82 * 2^n - 611 * 5,32,9
6 * 84 * 2^n - 209 * 5,32,9
6 * 88 * 2^n - 791 * 5,32,9
6 * 92 * 2^n - 647 * 5,32,9
6 * 94 * 2^n - 221 * 5,32,9
6 * 94 * 2^n - 823 * 5,32,9
6 * 96 * 2^n - 137 * 5,32,9
6 * 99 * 2^n - 391 * 5,32,9
6 * 104 * 2^n - 721 * 5,32,9
6 * 116 * 2^n - 265 * 5,32,9
6 * 116 * 2^n - 763 * 5,32,9
6 * 117 * 2^n - 323 * 5,32,9
6 * 117 * 2^n - 581 * 5,32,9
6 * 133 * 2^n - 319 * 5,32,9
6 * 141 * 2^n - 89 * 5,32,9
6 * 141 * 2^n - 259 * 5,32,9
6 * 142 * 2^n - 77 * 5,32,9
6 * 143 * 2^n - 779 * 5,32,9
6 * 147 * 2^n - 583 * 5,32,9
6 * 149 * 2^n - 703 * 5,32,9
6 * 153 * 2^n - 329 * 5,32,9
6 * 154 * 2^n - 197 * 5,32,9
6 * 154 * 2^n - 923 * 5,32,9
6 * 158 * 2^n - 383 * 5,32,9
6 * 158 * 2^n - 671 * 5,32,9
6 * 161 * 2^n - 449 * 5,32,9
6 * 162 * 2^n - 787 * 5,32,9
6 * 164 * 2^n - 217 * 5,32,9
6 * 168 * 2^n - 95 * 5,32,9
6 * 169 * 2^n - 553 * 5,32,9
6 * 171 * 2^n - 275 * 5,32,9
6 * 177 * 2^n - 77 * 5,32,9
6 * 184 * 2^n - 803 * 5,32,9
6 * 186 * 2^n - 133 * 5,32,9
6 * 187 * 2^n - 991 * 5,32,9
6 * 189 * 2^n - 935 * 5,32,9
6 * 196 * 2^n - 653 * 5,32,9
6 * 197 * 2^n - 377 * 5,32,9
6 * 201 * 2^n - 953 * 5,32,9
6 * 208 * 2^n - 721 * 5,32,9
6 * 209 * 2^n - 623 * 5,32,9
6 * 219 * 2^n - 215 * 5,32,9
6 * 221 * 2^n - 467 * 5,32,9
6 * 221 * 2^n - 661 * 5,32,9
6 * 223 * 2^n - 169 * 5,32,9
6 * 226 * 2^n - 497 * 5,32,9
6 * 234 * 2^n - 323 * 5,32,9
6 * 244 * 2^n - 43 * 5,32,9
6 * 247 * 2^n - 713 * 5,32,9
6 * 249 * 2^n - 209 * 5,32,9
6 * 249 * 2^n - 433 * 5,32,9
6 * 249 * 2^n - 805 * 5,32,9
6 * 253 * 2^n - 283 * 5,32,9
2 * 3 * 14 * 2^n - 95 * 5,32,9
2 * 3 * 21 * 2^n - 31 * 5,32,9
2 * 3 * 28 * 2^n - 83 * 5,32,9
2 * 3 * 29 * 2^n - 83 * 5,32,9
2 * 3 * 31 * 2^n - 43 * 5,32,9
2 * 3 * 43 * 2^n - 7 * 5,32,9
2 * 3 * 91 * 2^n - 85 * 5,32,9
2 * 3 * 99 * 2^n - 49 * 5,32,9
2 * 3 * 11 * 112 * 2^n - 13 * 5,32,9
2 * 3 * 11 * 304 * 2^n - 13 * 5,32,9
7945494 * 5 * 2^n - 1,32,9
(2) * 3 * 11 * 2 * 3 * 2^n - 13 * 5 * 1321,32,9
(2) * 3 * 11 * 2 * 9419 * 2^n - 13 * 5 * 9473,32,9
(2) * 3 * 11 * 2 * 6869 * 2^n - 13 * 5 * 6959,32,9
(2) * 3 * 11 * 2 * 6 * 2^n - 13 * 5 * 161,32,9
(2) * 3 * 11 * 2 * 6 * 2^n - 13 * 5 * 251,32,9
(2) * 3 * 11 * 2 * 14 * 2^n - 13 * 5 * 131,32,9
(2) * 3 * 11 * 2 * 14 * 2^n - 13 * 5 * 265,32,9
(2) * 3 * 11 * 2 * 17 * 2^n - 13 * 5 * 83,32,9
(2) * 3 * 11 * 2 * 61 * 2^n - 13 * 5 * 7,32,9
(2) * 3 * 11 * 2 * 61 * 2^n - 13 * 5 * 31,32,9
(2) * 3 * 11 * 2 * 113 * 2^n - 13 * 5 * 23,32,9
(2) * 3 * 11 * 2 * 109 * 31 * 2^n - 13 * 5 * 193 * 167,32,9
1431 * 2^n - 1,32,9
9075 * 2^n - 1,32,9
2^n + 1467 * 5,32,9
2^n + 9063 * 5,32,9
2^n + 12537 * 5,32,9
2^n + 14493 * 5,32,9
2^n * 347910 - 1,32,9
2^n * 713235 - 1,32,9
2^n * 93765 - 1,32,9
2^n * 38835 - 1,32,9
2^n - 6369,32,9
2^n - 15231,32,9
2^n - 50085,32,9
2^n - 60735,32,9
2^n - 63825,32,9
2^n * 33 + 3485,32,9
2^n + 7503 * 5,31,9
2^n + 7329 * 5,31,9
2^n + 5397 * 5,31,9
2^n + 3993 * 5,31,9
2^n + 3531 * 5,31,9
2^n + 2925 * 5,31,9
2^n + 2427 * 5,31,9
6 * 16 * 2^n - 5 * 5,31,9
6 * 92 * 2^n - 13 * 5,31,9
6 * 78 * 2^n - 41 * 5,31,9
6 * 79 * 2^n - 55 * 5,31,9
6 * 3 * 2^n - 319 * 5,31,9
6 * 7 * 2^n - 125 * 5,31,9
6 * 7 * 2^n - 779 * 5,31,9
6 * 7 * 2^n - 863 * 5,31,9
6 * 11 * 2^n - 175 * 5,31,9
6 * 16 * 2^n - 847 * 5,31,9
6 * 17 * 2^n - 121 * 5,31,9
6 * 17 * 2^n - 583 * 5,31,9
6 * 18 * 2^n - 929 * 5,31,9
6 * 21 * 2^n - 869 * 5,31,9
6 * 23 * 2^n - 577 * 5,31,9
6 * 24 * 2^n - 319 * 5,31,9
6 * 26 * 2^n - 779 * 5,31,9
6 * 29 * 2^n - 257 * 5,31,9
6 * 29 * 2^n - 637 * 5,31,9
6 * 33 * 2^n - 295 * 5,31,9
6 * 34 * 2^n - 805 * 5,31,9
6 * 39 * 2^n - 391 * 5,31,9
6 * 41 * 2^n - 217 * 5,31,9
6 * 44 * 2^n - 943 * 5,31,9
6 * 46 * 2^n - 523 * 5,31,9
6 * 49 * 2^n - 403 * 5,31,9
6 * 51 * 2^n - 433 * 5,31,9
6 * 57 * 2^n - 671 * 5,31,9
6 * 58 * 2^n - 539 * 5,31,9
6 * 63 * 2^n - 17 * 5,31,9
6 * 63 * 2^n - 193 * 5,31,9
6 * 64 * 2^n - 847 * 5,31,9
6 * 67 * 2^n - 385 * 5,31,9
6 * 71 * 2^n - 469 * 5,31,9
6 * 73 * 2^n - 599 * 5,31,9
6 * 78 * 2^n - 451 * 5,31,9
6 * 81 * 2^n - 413 * 5,31,9
6 * 81 * 2^n - 469 * 5,31,9
6 * 83 * 2^n - 221 * 5,31,9
6 * 84 * 2^n - 869 * 5,31,9
6 * 88 * 2^n - 523 * 5,31,9
6 * 89 * 2^n - 805 * 5,31,9
6 * 91 * 2^n - 127 * 5,31,9
6 * 91 * 2^n - 191 * 5,31,9
6 * 92 * 2^n - 143 * 5,31,9
6 * 92 * 2^n - 985 * 5,31,9
6 * 96 * 2^n - 121 * 5,31,9
6 * 98 * 2^n - 649 * 5,31,9
6 * 101 * 2^n - 197 * 5,31,9
6 * 102 * 2^n - 451 * 5,31,9
6 * 102 * 2^n - 479 * 5,31,9
6 * 102 * 2^n - 643 * 5,31,9
6 * 106 * 2^n - 187 * 5,31,9
6 * 107 * 2^n - 203 * 5,31,9
6 * 112 * 2^n - 391 * 5,31,9
6 * 113 * 2^n - 433 * 5,31,9
6 * 114 * 2^n - 671 * 5,31,9
6 * 118 * 2^n - 473 * 5,31,9
6 * 121 * 2^n - 535 * 5,31,9
6 * 126 * 2^n - 251 * 5,31,9
6 * 133 * 2^n - 607 * 5,31,9
6 * 134 * 2^n - 41 * 5,31,9
6 * 134 * 2^n - 139 * 5,31,9
6 * 136 * 2^n - 65 * 5,31,9
6 * 136 * 2^n - 91 * 5,31,9
6 * 136 * 2^n - 121 * 5,31,9
6 * 136 * 2^n - 847 * 5,31,9
6 * 143 * 2^n - 149 * 5,31,9
6 * 143 * 2^n - 599 * 5,31,9
6 * 143 * 2^n - 631 * 5,31,9
6 * 146 * 2^n - 599 * 5,31,9
6 * 152 * 2^n - 641 * 5,31,9
6 * 154 * 2^n - 37 * 5,31,9
6 * 156 * 2^n - 451 * 5,31,9
6 * 157 * 2^n - 721 * 5,31,9
6 * 159 * 2^n - 263 * 5,31,9
6 * 161 * 2^n - 995 * 5,31,9
6 * 162 * 2^n - 413 * 5,31,9
6 * 166 * 2^n - 221 * 5,31,9
6 * 167 * 2^n - 715 * 5,31,9
6 * 171 * 2^n - 107 * 5,31,9
6 * 176 * 2^n - 497 * 5,31,9
6 * 176 * 2^n - 523 * 5,31,9
6 * 176 * 2^n - 731 * 5,31,9
6 * 177 * 2^n - 761 * 5,31,9
6 * 181 * 2^n - 221 * 5,31,9
6 * 187 * 2^n - 149 * 5,31,9
6 * 187 * 2^n - 659 * 5,31,9
6 * 188 * 2^n - 275 * 5,31,9
6 * 188 * 2^n - 527 * 5,31,9
6 * 189 * 2^n - 689 * 5,31,9
6 * 192 * 2^n - 319 * 5,31,9
6 * 196 * 2^n - 359 * 5,31,9
6 * 196 * 2^n - 649 * 5,31,9
6 * 214 * 2^n - 13 * 5,31,9
6 * 214 * 2^n - 479 * 5,31,9
6 * 217 * 2^n - 235 * 5,31,9
6 * 221 * 2^n - 671 * 5,31,9
6 * 226 * 2^n - 385 * 5,31,9
6 * 226 * 2^n - 433 * 5,31,9
6 * 231 * 2^n - 565 * 5,31,9
6 * 231 * 2^n - 731 * 5,31,9
6 * 232 * 2^n - 937 * 5,31,9
6 * 233 * 2^n - 209 * 5,31,9
6 * 236 * 2^n - 473 * 5,31,9
6 * 238 * 2^n - 113 * 5,31,9
6 * 238 * 2^n - 197 * 5,31,9
6 * 241 * 2^n - 569 * 5,31,9
6 * 242 * 2^n - 629 * 5,31,9
6 * 244 * 2^n - 851 * 5,31,9
6 * 246 * 2^n - 397 * 5,31,9
6 * 247 * 2^n - 215 * 5,31,9
6 * 248 * 2^n - 511 * 5,31,9
6 * 249 * 2^n - 89 * 5,31,9
6 * 252 * 2^n - 193 * 5,31,9
6 * 252 * 2^n - 733 * 5,31,9
2 * 3 * 13 * 2^n - 31 * 5,31,9
2 * 3 * 14 * 2^n - 55 * 5,31,9
2 * 3 * 18 * 2^n - 19 * 5,31,9
2 * 3 * 18 * 2^n - 47 * 5,31,9
2 * 3 * 41 * 2^n - 71 * 5,31,9
2 * 3 * 44 * 2^n - 95 * 5,31,9
2 * 3 * 62 * 2^n - 1 * 5,31,9
2 * 3 * 72 * 2^n - 47 * 5,31,9
2 * 3 * 73 * 2^n - 23 * 5,31,9
2 * 3 * 84 * 2^n - 31 * 5,31,9
2 * 3 * 84 * 2^n - 89 * 5,31,9
2 * 3 * 98 * 2^n - 53 * 5,31,9
2 * 3 * 11 * 78777 * 2^n - 25 * 5,31,9
1349631 * 5 * 2^n + 1,31,9
(2) * 3 * 11 * 2 * 2 * 2^n - 13 * 5 * 1423,31,9
(2) * 3 * 11 * 2 * 2 * 2^n - 13 * 5 * 2671,31,9
(2) * 3 * 11 * 2 * 2 * 2^n - 13 * 5 * 2767,31,9
(2) * 3 * 11 * 2 * 2 * 2^n - 13 * 5 * 6007,31,9
(2) * 3 * 11 * 2 * 2 * 2^n - 13 * 5 * 6203,31,9
(2) * 3 * 11 * 2 * 2 * 2^n - 13 * 5 * 8087,31,9
(2) * 3 * 11 * 2 * 2 * 2^n - 13 * 5 * 9349,31,9
(2) * 3 * 11 * 2 * 3 * 2^n - 13 * 5 * 2161,31,9
(2) * 3 * 11 * 2 * 3 * 2^n - 13 * 5 * 4679,31,9
(2) * 3 * 11 * 2 * 3 * 2^n - 13 * 5 * 6079,31,9
(2) * 3 * 11 * 2 * 6571 * 2^n - 13 * 5 * 7789,31,9
(2) * 3 * 11 * 2 * 248 * 2^n - 13 * 5 * 91,31,9
(2) * 3 * 11 * 2 * 1 * 2^n - 13 * 5 * 137,31,9
(2) * 3 * 11 * 2 * 7 * 2^n - 13 * 5 * 85,31,9
(2) * 3 * 11 * 2 * 8 * 2^n - 13 * 5 * 247,31,9
(2) * 3 * 11 * 2 * 9 * 2^n - 13 * 5 * 71,31,9
(2) * 3 * 11 * 2 * 16 * 2^n - 13 * 5 * 247,31,9
(2) * 3 * 11 * 2 * 7 * 2^n - 13 * 5 * 19,31,9
(2) * 3 * 11 * 2 * 7 * 2^n - 13 * 5 * 137,31,9
(2) * 3 * 11 * 2 * 7 * 2^n - 13 * 5 * 149,31,9
(2) * 3 * 11 * 2 * 11 * 2^n - 13 * 5 * 163,31,9
(2) * 3 * 11 * 2 * 19 * 2^n - 13 * 5 * 173,31,9
(2) * 3 * 11 * 2 * 29 * 2^n - 13 * 5 * 53,31,9
(2) * 3 * 11 * 2 * 79 * 2^n - 13 * 5 * 53,31,9
(2) * 3 * 11 * 2 * 97 * 2^n - 13 * 5 * 59,31,9
(2) * 3 * 11 * 2 * 101 * 2^n - 13 * 5 * 83,31,9
(2) * 3 * 11 * 2 * 131 * 2^n - 13 * 5 * 79,31,9
(2) * 3 * 11 * 2 * 151 * 2^n - 13 * 5 * 17,31,9
(2) * 3 * 11 * 2 * 151 * 2^n - 13 * 5 * 127,31,9
(2) * 3 * 11 * 2 * 197 * 2^n - 13 * 5 * 43,31,9
2 * 3 * 1 * 2^n - 209 * 5,31,9
(2) * 3 * 11 * 2 * 109 * 23 * 2^n - 13 * 5 * 193 * 487,31,9
5 * 11 * 3^n + 2 * 4,31,9
5 * 13 * 3^n + 2 * 11,31,9
5 * 39 * 3^n + 2 * 11,31,9
5 * 49 * 3^n + 2 * 46,31,9
1044 * 2^n + 1,31,9
3825 * 2^n - 1,31,9
2^n + 4539 * 5,31,9
2^n + 11427 * 5,31,9
2^n + 11613 * 5,31,9
2^n + 11823 * 5,31,9
2^n + 12591 * 5,31,9
2^n + 14691 * 5,31,9
2^n + 14859 * 5,31,9
2^n * 383220 - 1,31,9
2^n * 914325 - 1,31,9
2^n * 249480 - 1,31,9
2^n * 93075 - 1,31,9
2^n * 91530 - 1,31,9
2^n - 465,31,9
2^n - 29865,31,9
2^n - 44955,31,9
2^n - 58695,31,9
2^n * 33 + 745,31,9
2^n * 33 + 5059,31,9
2^n * 33 + 5795,31,9
2^n + 7125 * 5,30,9
2^n + 6915 * 5,30,9
2^n + 5661 * 5,30,9
2^n + 5271 * 5,30,9
2^n + 4077 * 5,30,9
2^n + 2379 * 5,30,9
2^n + 1785 * 5,30,9
2^n + 1197 * 5,30,9
6 * 23 * 2^n - 19 * 5,30,9
6 * 14 * 2^n - 79 * 5,30,9
6 * 48 * 2^n - 25 * 5,30,9
6 * 6 * 2^n - 11 * 5,30,9
6 * 3 * 2^n - 85 * 5,30,9
6 * 3 * 2^n - 259 * 5,30,9
6 * 7 * 2^n - 515 * 5,30,9
6 * 9 * 2^n - 283 * 5,30,9
6 * 12 * 2^n - 211 * 5,30,9
6 * 14 * 2^n - 391 * 5,30,9
6 * 14 * 2^n - 841 * 5,30,9
6 * 21 * 2^n - 319 * 5,30,9
6 * 22 * 2^n - 595 * 5,30,9
6 * 24 * 2^n - 71 * 5,30,9
6 * 24 * 2^n - 211 * 5,30,9
6 * 26 * 2^n - 119 * 5,30,9
6 * 28 * 2^n - 391 * 5,30,9
6 * 28 * 2^n - 841 * 5,30,9
6 * 32 * 2^n - 397 * 5,30,9
6 * 33 * 2^n - 91 * 5,30,9
6 * 34 * 2^n - 827 * 5,30,9
6 * 39 * 2^n - 437 * 5,30,9
6 * 41 * 2^n - 133 * 5,30,9
6 * 42 * 2^n - 157 * 5,30,9
6 * 42 * 2^n - 319 * 5,30,9
6 * 43 * 2^n - 979 * 5,30,9
6 * 48 * 2^n - 211 * 5,30,9
6 * 49 * 2^n - 517 * 5,30,9
6 * 58 * 2^n - 419 * 5,30,9
6 * 59 * 2^n - 473 * 5,30,9
6 * 61 * 2^n - 977 * 5,30,9
6 * 62 * 2^n - 875 * 5,30,9
6 * 66 * 2^n - 337 * 5,30,9
6 * 66 * 2^n - 631 * 5,30,9
6 * 69 * 2^n - 725 * 5,30,9
6 * 72 * 2^n - 649 * 5,30,9
6 * 79 * 2^n - 19 * 5,30,9
6 * 74 * 2^n - 727 * 5,30,9
6 * 76 * 2^n - 421 * 5,30,9
6 * 77 * 2^n - 415 * 5,30,9
6 * 77 * 2^n - 653 * 5,30,9
6 * 78 * 2^n - 251 * 5,30,9
6 * 94 * 2^n - 29 * 5,30,9
6 * 96 * 2^n - 85 * 5,30,9
6 * 96 * 2^n - 71 * 5,30,9
6 * 84 * 2^n - 319 * 5,30,9
6 * 88 * 2^n - 595 * 5,30,9
6 * 89 * 2^n - 799 * 5,30,9
6 * 89 * 2^n - 991 * 5,30,9
6 * 97 * 2^n - 253 * 5,30,9
6 * 98 * 2^n - 517 * 5,30,9
6 * 101 * 2^n - 683 * 5,30,9
6 * 104 * 2^n - 193 * 5,30,9
6 * 107 * 2^n - 157 * 5,30,9
6 * 109 * 2^n - 47 * 5,30,9
6 * 109 * 2^n - 931 * 5,30,9
6 * 111 * 2^n - 505 * 5,30,9
6 * 112 * 2^n - 79 * 5,30,9
6 * 112 * 2^n - 341 * 5,30,9
6 * 113 * 2^n - 355 * 5,30,9
6 * 114 * 2^n - 433 * 5,30,9
6 * 117 * 2^n - 889 * 5,30,9
6 * 118 * 2^n - 445 * 5,30,9
6 * 121 * 2^n - 139 * 5,30,9
6 * 121 * 2^n - 857 * 5,30,9
6 * 126 * 2^n - 275 * 5,30,9
6 * 126 * 2^n - 443 * 5,30,9
6 * 126 * 2^n - 475 * 5,30,9
6 * 129 * 2^n - 275 * 5,30,9
6 * 129 * 2^n - 793 * 5,30,9
6 * 131 * 2^n - 791 * 5,30,9
6 * 139 * 2^n - 841 * 5,30,9
6 * 141 * 2^n - 353 * 5,30,9
6 * 141 * 2^n - 455 * 5,30,9
6 * 141 * 2^n - 875 * 5,30,9
6 * 142 * 2^n - 143 * 5,30,9
6 * 144 * 2^n - 649 * 5,30,9
6 * 146 * 2^n - 305 * 5,30,9
6 * 148 * 2^n - 245 * 5,30,9
6 * 149 * 2^n - 41 * 5,30,9
6 * 149 * 2^n - 245 * 5,30,9
6 * 149 * 2^n - 521 * 5,30,9
6 * 154 * 2^n - 521 * 5,30,9
6 * 154 * 2^n - 635 * 5,30,9
6 * 154 * 2^n - 863 * 5,30,9
6 * 156 * 2^n - 245 * 5,30,9
6 * 156 * 2^n - 251 * 5,30,9
6 * 159 * 2^n - 25 * 5,30,9
6 * 163 * 2^n - 671 * 5,30,9
6 * 163 * 2^n - 769 * 5,30,9
6 * 167 * 2^n - 137 * 5,30,9
6 * 168 * 2^n - 181 * 5,30,9
6 * 168 * 2^n - 277 * 5,30,9
6 * 169 * 2^n - 173 * 5,30,9
6 * 171 * 2^n - 427 * 5,30,9
6 * 177 * 2^n - 47 * 5,30,9
6 * 177 * 2^n - 803 * 5,30,9
6 * 178 * 2^n - 589 * 5,30,9
6 * 178 * 2^n - 799 * 5,30,9
6 * 178 * 2^n - 991 * 5,30,9
6 * 181 * 2^n - 281 * 5,30,9
6 * 182 * 2^n - 251 * 5,30,9
6 * 182 * 2^n - 605 * 5,30,9
6 * 182 * 2^n - 703 * 5,30,9
6 * 182 * 2^n - 901 * 5,30,9
6 * 184 * 2^n - 83 * 5,30,9
6 * 187 * 2^n - 131 * 5,30,9
6 * 187 * 2^n - 515 * 5,30,9
6 * 189 * 2^n - 89 * 5,30,9
6 * 193 * 2^n - 535 * 5,30,9
6 * 194 * 2^n - 253 * 5,30,9
6 * 197 * 2^n - 103 * 5,30,9
6 * 199 * 2^n - 589 * 5,30,9
6 * 203 * 2^n - 143 * 5,30,9
6 * 207 * 2^n - 791 * 5,30,9
6 * 208 * 2^n - 445 * 5,30,9
6 * 214 * 2^n - 671 * 5,30,9
6 * 219 * 2^n - 209 * 5,30,9
6 * 221 * 2^n - 521 * 5,30,9
6 * 221 * 2^n - 773 * 5,30,9
6 * 222 * 2^n - 247 * 5,30,9
6 * 227 * 2^n - 877 * 5,30,9
6 * 228 * 2^n - 433 * 5,30,9
6 * 231 * 2^n - 599 * 5,30,9
6 * 231 * 2^n - 611 * 5,30,9
6 * 234 * 2^n - 49 * 5,30,9
6 * 234 * 2^n - 457 * 5,30,9
6 * 236 * 2^n - 935 * 5,30,9
6 * 237 * 2^n - 401 * 5,30,9
6 * 238 * 2^n - 947 * 5,30,9
6 * 242 * 2^n - 5 * 5,30,9
6 * 242 * 2^n - 73 * 5,30,9
6 * 242 * 2^n - 455 * 5,30,9
6 * 247 * 2^n - 755 * 5,30,9
6 * 248 * 2^n - 457 * 5,30,9
6 * 248 * 2^n - 875 * 5,30,9
6 * 252 * 2^n - 215 * 5,30,9
2 * 3 * 3 * 2^n - 13 * 5,30,9
2 * 3 * 4 * 2^n - 77 * 5,30,9
2 * 3 * 8 * 2^n - 47 * 5,30,9
2 * 3 * 12 * 2^n - 29 * 5,30,9
2 * 3 * 12 * 2^n - 55 * 5,30,9
2 * 3 * 18 * 2^n - 7 * 5,30,9
2 * 3 * 21 * 2^n - 67 * 5,30,9
2 * 3 * 24 * 2^n - 29 * 5,30,9
2 * 3 * 27 * 2^n - 65 * 5,30,9
2 * 3 * 29 * 2^n - 11 * 5,30,9
2 * 3 * 68 * 2^n - 23 * 5,30,9
2 * 3 * 81 * 2^n - 83 * 5,30,9
2 * 3 * 11 * 213 * 2^n - 13 * 5,30,9
3012144 * 5 * 2^n - 1,30,9
8547132 * 5 * 2^n + 1,30,9
(2) * 3 * 11 * 2 * 2 * 2^n - 13 * 5 * 421,30,9
(2) * 3 * 11 * 2 * 2 * 2^n - 13 * 5 * 2549,30,9
(2) * 3 * 11 * 2 * 3 * 2^n - 13 * 5 * 2729,30,9
(2) * 3 * 11 * 2 * 5531 * 2^n - 13 * 5 * 5189,30,9
(2) * 3 * 11 * 2 * 3041 * 2^n - 13 * 5 * 5563,30,9
(2) * 3 * 11 * 2 * 9127 * 2^n - 13 * 5 * 1627,30,9
(2) * 3 * 11 * 2 * 5261 * 2^n - 13 * 5 * 3767,30,9
(2) * 3 * 11 * 2 * 7393 * 2^n - 13 * 5 * 4951,30,9
(2) * 3 * 11 * 2 * 2111 * 2^n - 13 * 5 * 8971,30,9
(2) * 3 * 11 * 2 * 4649 * 2^n - 13 * 5 * 3557,30,9
(2) * 3 * 11 * 2 * 9 * 2^n - 13 * 5 * 245,30,9
(2) * 3 * 11 * 2 * 11 * 2^n - 13 * 5 * 217,30,9
(2) * 3 * 11 * 2 * 12 * 2^n - 13 * 5 * 217,30,9
(2) * 3 * 11 * 2 * 14 * 2^n - 13 * 5 * 95,30,9
(2) * 3 * 11 * 2 * 2 * 2^n - 13 * 5 * 103,30,9
(2) * 3 * 11 * 2 * 3 * 2^n - 13 * 5 * 97,30,9
(2) * 3 * 11 * 2 * 19 * 2^n - 13 * 5 * 181,30,9
(2) * 3 * 11 * 2 * 43 * 2^n - 13 * 5 * 59,30,9
(2) * 3 * 11 * 2 * 47 * 2^n - 13 * 5 * 127,30,9
(2) * 3 * 11 * 2 * 101 * 2^n - 13 * 5 * 7,30,9
(2) * 3 * 11 * 2 * 103 * 2^n - 13 * 5 * 59,30,9
(2) * 3 * 11 * 2 * 163 * 2^n - 13 * 5 * 7,30,9
(2) * 3 * 11 * 2 * 193 * 2^n - 13 * 5 * 127,30,9
2 * 3 * 1 * 2^n - 133 * 5,30,9
2 * 3 * 1 * 2^n - 139 * 5,30,9
6 * 39663 * 2^n - 67259 * 5,30,9
(2) * 3 * 11 * 2 * 109 * 2 * 2^n - 13 * 5 * 193 * 23,30,9
(2) * 3 * 11 * 2 * 109 * 11 * 2^n - 13 * 5 * 193 * 389,30,9
(2) * 3 * 11 * 2 * 109 * 19 * 2^n - 13 * 5 * 193 * 727,30,9
(2) * 3 * 11 * 2 * 109 * 31 * 2^n - 13 * 5 * 193 * 241,30,9
5 * 23 * 3^n + 2 * 98,30,9
5 * 2891211 * 2^n - 1,30,9
3705 * 2^n + 1,30,9
3^n + 280,30,9
2^n + 45 * 5,30,9
2^n + 945 * 5,30,9
2^n + 8925 * 5,30,9
2^n + 9051 * 5,30,9
2^n + 9471 * 5,30,9
2^n + 10959 * 5,30,9
2^n + 11241 * 5,30,9
2^n + 13755 * 5,30,9
2^n + 14223 * 5,30,9
2^n + 15939 * 5,30,9
4^n - 3 * 39,30,9
4^n - 9 * 13,30,9
4^n - 13 * 9,30,9
4^n - 39 * 3,30,9
2^n * 726288 - 1,30,9
2^n * 722760 - 1,30,9
2^n * 139650 - 1,30,9
2^n * 33180 - 1,30,9
2^n * 494910 - 1,30,9
2^n * 43146 - 1,30,9
2^n * 11220 - 1,30,9
2^n * 33459 - 1,30,9
2^n * 83541 - 1,30,9
2^n * 46710 - 1,30,9
2^n - 20859,30,9
2^n - 10671,30,9
2^n - 47295,30,9
2^n - 64665,30,9
2^n * 33 + 17,30,9
2^n * 33 + 97,30,9
2^n * 33 + 797,30,9
2^n * 33 + 2245,30,9
2^n * 33 + 2579,30,9
2^n * 33 + 4205,30,9
2^n * 33 + 6047,30,9
3^n * 1 + 8 * 2^n + 18,30,9
3^n * 2 + 10 * 2^n + 15,30,9
2^n + 7635 * 5,29,9
2^n + 531 * 5,29,9
141 * 2^n + 1,29,9
6 * 83 * 2^n - 85 * 5,29,9
6 * 79 * 2^n - 91 * 5,29,9
6 * 22 * 2^n - 89 * 5,29,9
6 * 32 * 2^n - 49 * 5,29,9
6 * 63 * 2^n - 85 * 5,29,9
6 * 88 * 2^n - 89 * 5,29,9
6 * 57 * 2^n - 91 * 5,29,9
6 * 61 * 2^n - 23 * 5,29,9
6 * 17 * 2^n - 883 * 5,29,9
6 * 18 * 2^n - 377 * 5,29,9
6 * 18 * 2^n - 943 * 5,29,9
6 * 19 * 2^n - 253 * 5,29,9
6 * 19 * 2^n - 847 * 5,29,9
6 * 26 * 2^n - 301 * 5,29,9
6 * 26 * 2^n - 385 * 5,29,9
6 * 28 * 2^n - 227 * 5,29,9
6 * 28 * 2^n - 383 * 5,29,9
6 * 29 * 2^n - 161 * 5,29,9
6 * 33 * 2^n - 431 * 5,29,9
6 * 33 * 2^n - 697 * 5,29,9
6 * 36 * 2^n - 707 * 5,29,9
6 * 39 * 2^n - 979 * 5,29,9
6 * 44 * 2^n - 467 * 5,29,9
6 * 44 * 2^n - 817 * 5,29,9
6 * 49 * 2^n - 515 * 5,29,9
6 * 51 * 2^n - 41 * 5,29,9
6 * 57 * 2^n - 241 * 5,29,9
6 * 58 * 2^n - 161 * 5,29,9
6 * 58 * 2^n - 349 * 5,29,9
6 * 59 * 2^n - 109 * 5,29,9
6 * 62 * 2^n - 127 * 5,29,9
6 * 62 * 2^n - 625 * 5,29,9
6 * 66 * 2^n - 107 * 5,29,9
6 * 67 * 2^n - 131 * 5,29,9
6 * 67 * 2^n - 329 * 5,29,9
6 * 73 * 2^n - 35 * 5,29,9
6 * 68 * 2^n - 385 * 5,29,9
6 * 71 * 2^n - 805 * 5,29,9
6 * 72 * 2^n - 377 * 5,29,9
6 * 72 * 2^n - 647 * 5,29,9
6 * 74 * 2^n - 581 * 5,29,9
6 * 74 * 2^n - 817 * 5,29,9
6 * 78 * 2^n - 329 * 5,29,9
6 * 87 * 2^n - 71 * 5,29,9
6 * 86 * 2^n - 521 * 5,29,9
6 * 87 * 2^n - 541 * 5,29,9
6 * 87 * 2^n - 641 * 5,29,9
6 * 88 * 2^n - 937 * 5,29,9
6 * 94 * 2^n - 233 * 5,29,9
6 * 98 * 2^n - 109 * 5,29,9
6 * 98 * 2^n - 121 * 5,29,9
6 * 98 * 2^n - 715 * 5,29,9
6 * 101 * 2^n - 133 * 5,29,9
6 * 101 * 2^n - 539 * 5,29,9
6 * 106 * 2^n - 517 * 5,29,9
6 * 106 * 2^n - 643 * 5,29,9
6 * 107 * 2^n - 437 * 5,29,9
6 * 107 * 2^n - 595 * 5,29,9
6 * 109 * 2^n - 55 * 5,29,9
6 * 109 * 2^n - 517 * 5,29,9
6 * 111 * 2^n - 473 * 5,29,9
6 * 112 * 2^n - 359 * 5,29,9
6 * 112 * 2^n - 383 * 5,29,9
6 * 113 * 2^n - 931 * 5,29,9
6 * 118 * 2^n - 109 * 5,29,9
6 * 118 * 2^n - 595 * 5,29,9
6 * 122 * 2^n - 401 * 5,29,9
6 * 127 * 2^n - 73 * 5,29,9
6 * 129 * 2^n - 751 * 5,29,9
6 * 132 * 2^n - 71 * 5,29,9
6 * 132 * 2^n - 245 * 5,29,9
6 * 134 * 2^n - 89 * 5,29,9
6 * 134 * 2^n - 481 * 5,29,9
6 * 136 * 2^n - 637 * 5,29,9
6 * 139 * 2^n - 721 * 5,29,9
6 * 139 * 2^n - 953 * 5,29,9
6 * 141 * 2^n - 647 * 5,29,9
6 * 142 * 2^n - 59 * 5,29,9
6 * 147 * 2^n - 305 * 5,29,9
6 * 151 * 2^n - 187 * 5,29,9
6 * 152 * 2^n - 295 * 5,29,9
6 * 153 * 2^n - 35 * 5,29,9
6 * 153 * 2^n - 571 * 5,29,9
6 * 156 * 2^n - 979 * 5,29,9
6 * 158 * 2^n - 19 * 5,29,9
6 * 159 * 2^n - 247 * 5,29,9
6 * 162 * 2^n - 517 * 5,29,9
6 * 167 * 2^n - 809 * 5,29,9
6 * 167 * 2^n - 833 * 5,29,9
6 * 169 * 2^n - 41 * 5,29,9
6 * 172 * 2^n - 173 * 5,29,9
6 * 172 * 2^n - 607 * 5,29,9
6 * 173 * 2^n - 883 * 5,29,9
6 * 174 * 2^n - 707 * 5,29,9
6 * 174 * 2^n - 821 * 5,29,9
6 * 176 * 2^n - 559 * 5,29,9
6 * 179 * 2^n - 257 * 5,29,9
6 * 179 * 2^n - 703 * 5,29,9
6 * 181 * 2^n - 581 * 5,29,9
6 * 182 * 2^n - 283 * 5,29,9
6 * 183 * 2^n - 131 * 5,29,9
6 * 183 * 2^n - 241 * 5,29,9
6 * 183 * 2^n - 787 * 5,29,9
6 * 187 * 2^n - 301 * 5,29,9
6 * 189 * 2^n - 323 * 5,29,9
6 * 191 * 2^n - 803 * 5,29,9
6 * 192 * 2^n - 25 * 5,29,9
6 * 194 * 2^n - 233 * 5,29,9
6 * 197 * 2^n - 647 * 5,29,9
6 * 201 * 2^n - 973 * 5,29,9
6 * 203 * 2^n - 799 * 5,29,9
6 * 207 * 2^n - 755 * 5,29,9
6 * 208 * 2^n - 977 * 5,29,9
6 * 211 * 2^n - 797 * 5,29,9
6 * 212 * 2^n - 437 * 5,29,9
6 * 212 * 2^n - 517 * 5,29,9
6 * 214 * 2^n - 595 * 5,29,9
6 * 217 * 2^n - 481 * 5,29,9
6 * 218 * 2^n - 517 * 5,29,9
6 * 218 * 2^n - 679 * 5,29,9
6 * 221 * 2^n - 389 * 5,29,9
6 * 223 * 2^n - 49 * 5,29,9
6 * 223 * 2^n - 935 * 5,29,9
6 * 224 * 2^n - 221 * 5,29,9
6 * 226 * 2^n - 931 * 5,29,9
6 * 228 * 2^n - 241 * 5,29,9
6 * 231 * 2^n - 673 * 5,29,9
6 * 232 * 2^n - 371 * 5,29,9
6 * 234 * 2^n - 305 * 5,29,9
6 * 234 * 2^n - 485 * 5,29,9
6 * 236 * 2^n - 487 * 5,29,9
6 * 238 * 2^n - 653 * 5,29,9
6 * 243 * 2^n - 151 * 5,29,9
6 * 243 * 2^n - 667 * 5,29,9
6 * 246 * 2^n - 437 * 5,29,9
6 * 246 * 2^n - 481 * 5,29,9
6 * 247 * 2^n - 229 * 5,29,9
6 * 248 * 2^n - 121 * 5,29,9
2 * 3 * 2 * 2^n - 59 * 5,29,9
2 * 3 * 3 * 2^n - 95 * 5,29,9
2 * 3 * 27 * 2^n - 95 * 5,29,9
2 * 3 * 36 * 2^n - 7 * 5,29,9
2 * 3 * 51 * 2^n - 89 * 5,29,9
2 * 3 * 59 * 2^n - 23 * 5,29,9
2 * 3 * 61 * 2^n - 1 * 5,29,9
2 * 3 * 74 * 2^n - 73 * 5,29,9
2 * 3 * 82 * 2^n - 61 * 5,29,9
2 * 3 * 84 * 2^n - 5 * 5,29,9
2 * 3 * 19 * 32 * 2^n - 25 * 5,29,9
2 * 3 * 11 * 136 * 2^n - 13 * 5,29,9
2 * 3 * 11 * 184 * 2^n - 13 * 5,29,9
2 * 3 * 11 * 211 * 2^n - 13 * 5,29,9
9697566 * 5 * 2^n - 1,29,9
132372 * 5 * 2^n - 1,29,9
(2) * 3 * 11 * 2 * 3 * 2^n - 13 * 5 * 1091,29,9
(2) * 3 * 11 * 2 * 3 * 2^n - 13 * 5 * 2243,29,9
(2) * 3 * 11 * 2 * 3 * 2^n - 13 * 5 * 3391,29,9
(2) * 3 * 11 * 2 * 8969 * 2^n - 13 * 5 * 3313,29,9
(2) * 3 * 11 * 2 * 5527 * 2^n - 13 * 5 * 739,29,9
(2) * 3 * 11 * 2 * 631 * 2^n - 13 * 5 * 6379,29,9
(2) * 3 * 11 * 2 * 2087 * 2^n - 13 * 5 * 9277,29,9
(2) * 3 * 11 * 2 * 2699 * 2^n - 13 * 5 * 3943,29,9
(2) * 3 * 11 * 2 * 2459 * 2^n - 13 * 5 * 3187,29,9
(2) * 3 * 11 * 2 * 388 * 2^n - 13 * 5 * 251,29,9
(2) * 3 * 11 * 2 * 57 * 2^n - 13 * 5 * 151,29,9
(2) * 3 * 11 * 2 * 8 * 2^n - 13 * 5 * 107,29,9
(2) * 3 * 11 * 2 * 9 * 2^n - 13 * 5 * 1,29,9
(2) * 3 * 11 * 2 * 14 * 2^n - 13 * 5 * 149,29,9
(2) * 3 * 11 * 2 * 16 * 2^n - 13 * 5 * 281,29,9
(2) * 3 * 11 * 2 * 17 * 2^n - 13 * 5 * 241,29,9
(2) * 3 * 11 * 2 * 113 * 2^n - 13 * 5 * 37,29,9
(2) * 3 * 11 * 2 * 149 * 2^n - 13 * 5 * 113,29,9
(2) * 3 * 11 * 2 * 199 * 2^n - 13 * 5 * 163,29,9
2 * 3 * 1 * 2^n - 349 * 5,29,9
(2) * 3 * 11 * 2 * 109 * 7 * 2^n - 13 * 5 * 193 * 773,29,9
(2) * 3 * 11 * 2 * 109 * 17 * 2^n - 13 * 5 * 193 * 47,29,9
5 * 1 * 3^n + 2 * 7,29,9
1791 * 2^n - 1,29,9
166146 * 5 * 2^n - 1,29,9
4005 * 2^n + 1,29,9
5940 * 2^n + 1,29,9
3975 * 2^n - 1,29,9
8280 * 2^n - 1,29,9
8865 * 2^n - 1,29,9
9441 * 2^n - 1,29,9
10594 * 2^n - 1,29,9
2^n + 225,29,9
2^n + 273,29,9
2^n + 3465 * 5,29,9
2^n + 8343 * 5,29,9
2^n + 10125 * 5,29,9
2^n + 14661 * 5,29,9
2^n + 14823 * 5,29,9
2^n + 15123 * 5,29,9
2^n * 814110 - 1,29,9
2^n * 22350 - 1,29,9
2^n * 602460 - 1,29,9
2^n * 9441 - 1,29,9
2^n * 33045 - 1,29,9
2^n * 65715 - 1,29,9
2^n * 24825 - 1,29,9
2^n * 83565 - 1,29,9
2^n - 9441,29,9
2^n - 26829,29,9
2^n - 45825,29,9
2^n - 51411,29,9
2^n - 56055,29,9
2^n - 63111,29,9
2^n * 33 + 565,29,9
2^n * 33 + 3625,29,9
2^n * 33 + 4585,29,9
2^n + 7509 * 5,28,9
2^n + 6969 * 5,28,9
2^n + 6333 * 5,28,9
2^n + 4179 * 5,28,9
2^n + 2985 * 5,28,9
6 * 7 * 2^n - 47 * 5,28,9
6 * 99 * 2^n - 47 * 5,28,9
6 * 27 * 2^n - 85 * 5,28,9
6 * 3 * 2^n - 589 * 5,28,9
6 * 7 * 2^n - 191 * 5,28,9
6 * 9 * 2^n - 115 * 5,28,9
6 * 11 * 2^n - 745 * 5,28,9
6 * 12 * 2^n - 7 * 5,28,9
6 * 11 * 2^n - 937 * 5,28,9
6 * 12 * 2^n - 589 * 5,28,9
6 * 13 * 2^n - 109 * 5,28,9
6 * 13 * 2^n - 331 * 5,28,9
6 * 18 * 2^n - 355 * 5,28,9
6 * 28 * 2^n - 137 * 5,28,9
6 * 29 * 2^n - 395 * 5,28,9
6 * 31 * 2^n - 205 * 5,28,9
6 * 31 * 2^n - 553 * 5,28,9
6 * 32 * 2^n - 133 * 5,28,9
6 * 32 * 2^n - 539 * 5,28,9
6 * 33 * 2^n - 119 * 5,28,9
6 * 33 * 2^n - 617 * 5,28,9
6 * 33 * 2^n - 683 * 5,28,9
6 * 33 * 2^n - 793 * 5,28,9
6 * 36 * 2^n - 371 * 5,28,9
6 * 37 * 2^n - 587 * 5,28,9
6 * 37 * 2^n - 755 * 5,28,9
6 * 39 * 2^n - 101 * 5,28,9
6 * 44 * 2^n - 299 * 5,28,9
6 * 48 * 2^n - 875 * 5,28,9
6 * 51 * 2^n - 185 * 5,28,9
6 * 52 * 2^n - 29 * 5,28,9
6 * 52 * 2^n - 253 * 5,28,9
6 * 52 * 2^n - 331 * 5,28,9
6 * 52 * 2^n - 415 * 5,28,9
6 * 57 * 2^n - 895 * 5,28,9
6 * 58 * 2^n - 535 * 5,28,9
6 * 59 * 2^n - 541 * 5,28,9
6 * 61 * 2^n - 779 * 5,28,9
6 * 62 * 2^n - 253 * 5,28,9
6 * 64 * 2^n - 745 * 5,28,9
6 * 67 * 2^n - 181 * 5,28,9
6 * 67 * 2^n - 847 * 5,28,9
6 * 68 * 2^n - 137 * 5,28,9
6 * 68 * 2^n - 749 * 5,28,9
6 * 71 * 2^n - 293 * 5,28,9
6 * 74 * 2^n - 833 * 5,28,9
6 * 77 * 2^n - 131 * 5,28,9
6 * 78 * 2^n - 595 * 5,28,9
6 * 79 * 2^n - 727 * 5,28,9
6 * 84 * 2^n - 11 * 5,28,9
6 * 83 * 2^n - 295 * 5,28,9
6 * 83 * 2^n - 473 * 5,28,9
6 * 84 * 2^n - 697 * 5,28,9
6 * 86 * 2^n - 629 * 5,28,9
6 * 87 * 2^n - 989 * 5,28,9
6 * 88 * 2^n - 299 * 5,28,9
6 * 88 * 2^n - 313 * 5,28,9
6 * 92 * 2^n - 325 * 5,28,9
6 * 93 * 2^n - 913 * 5,28,9
6 * 93 * 2^n - 979 * 5,28,9
6 * 94 * 2^n - 133 * 5,28,9
6 * 97 * 2^n - 319 * 5,28,9
6 * 98 * 2^n - 739 * 5,28,9
6 * 98 * 2^n - 775 * 5,28,9
6 * 99 * 2^n - 511 * 5,28,9
6 * 101 * 2^n - 779 * 5,28,9
6 * 103 * 2^n - 221 * 5,28,9
6 * 103 * 2^n - 485 * 5,28,9
6 * 103 * 2^n - 907 * 5,28,9
6 * 106 * 2^n - 229 * 5,28,9
6 * 106 * 2^n - 845 * 5,28,9
6 * 108 * 2^n - 767 * 5,28,9
6 * 109 * 2^n - 847 * 5,28,9
6 * 111 * 2^n - 263 * 5,28,9
6 * 112 * 2^n - 397 * 5,28,9
6 * 112 * 2^n - 709 * 5,28,9
6 * 113 * 2^n - 563 * 5,28,9
6 * 113 * 2^n - 727 * 5,28,9
6 * 116 * 2^n - 215 * 5,28,9
6 * 116 * 2^n - 229 * 5,28,9
6 * 118 * 2^n - 989 * 5,28,9
6 * 119 * 2^n - 73 * 5,28,9
6 * 119 * 2^n - 457 * 5,28,9
6 * 122 * 2^n - 221 * 5,28,9
6 * 122 * 2^n - 431 * 5,28,9
6 * 123 * 2^n - 763 * 5,28,9
6 * 124 * 2^n - 205 * 5,28,9
6 * 127 * 2^n - 209 * 5,28,9
6 * 127 * 2^n - 265 * 5,28,9
6 * 129 * 2^n - 217 * 5,28,9
6 * 131 * 2^n - 533 * 5,28,9
6 * 133 * 2^n - 689 * 5,28,9
6 * 137 * 2^n - 187 * 5,28,9
6 * 137 * 2^n - 839 * 5,28,9
6 * 138 * 2^n - 415 * 5,28,9
6 * 138 * 2^n - 751 * 5,28,9
6 * 139 * 2^n - 767 * 5,28,9
6 * 142 * 2^n - 397 * 5,28,9
6 * 143 * 2^n - 301 * 5,28,9
6 * 144 * 2^n - 115 * 5,28,9
6 * 144 * 2^n - 139 * 5,28,9
6 * 144 * 2^n - 209 * 5,28,9
6 * 144 * 2^n - 551 * 5,28,9
6 * 146 * 2^n - 239 * 5,28,9
6 * 148 * 2^n - 49 * 5,28,9
6 * 152 * 2^n - 721 * 5,28,9
6 * 154 * 2^n - 163 * 5,28,9
6 * 154 * 2^n - 587 * 5,28,9
6 * 156 * 2^n - 187 * 5,28,9
6 * 157 * 2^n - 949 * 5,28,9
6 * 158 * 2^n - 91 * 5,28,9
6 * 159 * 2^n - 365 * 5,28,9
6 * 159 * 2^n - 893 * 5,28,9
6 * 161 * 2^n - 323 * 5,28,9
6 * 161 * 2^n - 457 * 5,28,9
6 * 162 * 2^n - 203 * 5,28,9
6 * 168 * 2^n - 299 * 5,28,9
6 * 168 * 2^n - 415 * 5,28,9
6 * 169 * 2^n - 601 * 5,28,9
6 * 169 * 2^n - 629 * 5,28,9
6 * 171 * 2^n - 935 * 5,28,9
6 * 173 * 2^n - 49 * 5,28,9
6 * 173 * 2^n - 737 * 5,28,9
6 * 173 * 2^n - 935 * 5,28,9
6 * 174 * 2^n - 343 * 5,28,9
6 * 176 * 2^n - 167 * 5,28,9
6 * 176 * 2^n - 181 * 5,28,9
6 * 177 * 2^n - 427 * 5,28,9
6 * 177 * 2^n - 733 * 5,28,9
6 * 179 * 2^n - 479 * 5,28,9
6 * 182 * 2^n - 211 * 5,28,9
6 * 182 * 2^n - 529 * 5,28,9
6 * 186 * 2^n - 41 * 5,28,9
6 * 186 * 2^n - 647 * 5,28,9
6 * 187 * 2^n - 457 * 5,28,9
6 * 187 * 2^n - 533 * 5,28,9
6 * 188 * 2^n - 317 * 5,28,9
6 * 191 * 2^n - 677 * 5,28,9
6 * 192 * 2^n - 247 * 5,28,9
6 * 193 * 2^n - 125 * 5,28,9
6 * 193 * 2^n - 731 * 5,28,9
6 * 198 * 2^n - 511 * 5,28,9
6 * 198 * 2^n - 563 * 5,28,9
6 * 202 * 2^n - 779 * 5,28,9
6 * 206 * 2^n - 485 * 5,28,9
6 * 209 * 2^n - 79 * 5,28,9
6 * 209 * 2^n - 709 * 5,28,9
6 * 211 * 2^n - 955 * 5,28,9
6 * 212 * 2^n - 425 * 5,28,9
6 * 213 * 2^n - 221 * 5,28,9
6 * 213 * 2^n - 251 * 5,28,9
6 * 214 * 2^n - 115 * 5,28,9
6 * 217 * 2^n - 55 * 5,28,9
6 * 217 * 2^n - 949 * 5,28,9
6 * 219 * 2^n - 763 * 5,28,9
6 * 223 * 2^n - 403 * 5,28,9
6 * 223 * 2^n - 611 * 5,28,9
6 * 224 * 2^n - 13 * 5,28,9
6 * 224 * 2^n - 191 * 5,28,9
6 * 227 * 2^n - 43 * 5,28,9
6 * 228 * 2^n - 587 * 5,28,9
6 * 228 * 2^n - 761 * 5,28,9
6 * 229 * 2^n - 421 * 5,28,9
6 * 229 * 2^n - 505 * 5,28,9
6 * 231 * 2^n - 179 * 5,28,9
6 * 231 * 2^n - 373 * 5,28,9
6 * 232 * 2^n - 577 * 5,28,9
6 * 234 * 2^n - 7 * 5,28,9
6 * 236 * 2^n - 541 * 5,28,9
6 * 237 * 2^n - 275 * 5,28,9
6 * 238 * 2^n - 115 * 5,28,9
6 * 238 * 2^n - 349 * 5,28,9
6 * 238 * 2^n - 673 * 5,28,9
6 * 242 * 2^n - 269 * 5,28,9
6 * 242 * 2^n - 959 * 5,28,9
6 * 243 * 2^n - 53 * 5,28,9
6 * 243 * 2^n - 385 * 5,28,9
6 * 243 * 2^n - 611 * 5,28,9
6 * 246 * 2^n - 301 * 5,28,9
6 * 246 * 2^n - 787 * 5,28,9
6 * 247 * 2^n - 101 * 5,28,9
6 * 247 * 2^n - 929 * 5,28,9
6 * 247 * 2^n - 959 * 5,28,9
6 * 248 * 2^n - 553 * 5,28,9
6 * 253 * 2^n - 133 * 5,28,9
6 * 253 * 2^n - 343 * 5,28,9
2 * 3 * 4 * 2^n - 41 * 5,28,9
2 * 3 * 8 * 2^n - 41 * 5,28,9
2 * 3 * 36 * 2^n - 17 * 5,28,9
2 * 3 * 41 * 2^n - 47 * 5,28,9
2 * 3 * 58 * 2^n - 89 * 5,28,9
2 * 3 * 59 * 2^n - 47 * 5,28,9
2 * 3 * 68 * 2^n - 83 * 5,28,9
2 * 3 * 73 * 2^n - 91 * 5,28,9
2 * 3 * 76 * 2^n - 97 * 5,28,9
2 * 3 * 92 * 2^n - 29 * 5,28,9
249 * 2^n + 1,28,9
1359423 * 5 * 2^n - 1,28,9
1580052 * 5 * 2^n + 1,28,9
7015536 * 5 * 2^n + 1,28,9
(2) * 3 * 11 * 2 * 2 * 2^n - 13 * 5 * 6329,28,9
(2) * 3 * 11 * 2 * 2 * 2^n - 13 * 5 * 6547,28,9
(2) * 3 * 11 * 2 * 2 * 2^n - 13 * 5 * 9689,28,9
(2) * 3 * 11 * 2 * 3 * 2^n - 13 * 5 * 223,28,9
(2) * 3 * 11 * 2 * 6521 * 2^n - 13 * 5 * 9431,28,9
(2) * 3 * 11 * 2 * 167 * 2^n - 13 * 5 * 2089,28,9
(2) * 3 * 11 * 2 * 461 * 2^n - 13 * 5 * 6151,28,9
(2) * 3 * 11 * 2 * 3191 * 2^n - 13 * 5 * 9859,28,9
(2) * 3 * 11 * 2 * 5749 * 2^n - 13 * 5 * 6217,28,9
(2) * 3 * 11 * 2 * 7723 * 2^n - 13 * 5 * 2417,28,9
(2) * 3 * 11 * 2 * 187 * 2^n - 13 * 5 * 113,28,9
(2) * 3 * 11 * 2 * 2 * 2^n - 13 * 5 * 133,28,9
(2) * 3 * 11 * 2 * 6 * 2^n - 13 * 5 * 19,28,9
(2) * 3 * 11 * 2 * 14 * 2^n - 13 * 5 * 251,28,9
(2) * 3 * 11 * 2 * 17 * 2^n - 13 * 5 * 265,28,9
(2) * 3 * 11 * 2 * 109 * 3 * 2^n - 13 * 5 * 193 * 167,28,9
(2) * 3 * 11 * 2 * 109 * 37 * 2^n - 13 * 5 * 193 * 29,28,9
5 * 27 * 3^n + 2 * 19,28,9
5 * 57 * 3^n + 2 * 71,28,9
5 * 61 * 3^n + 2 * 86,28,9
2640 * 2^n - 1,28,9
5 * 3636978 * 2^n - 1,28,9
5 * 5672571 * 2^n - 1,28,9
1155 * 2^n + 1,28,9
1740 * 2^n + 1,28,9
2310 * 2^n + 1,28,9
3252 * 2^n + 1,28,9
4554 * 2^n + 1,28,9
5475 * 2^n + 1,28,9
5220 * 2^n - 1,28,9
5655 * 2^n - 1,28,9
9999 * 2^n - 1,28,9
4^n + 553,28,9
2^n + 333 * 5,28,9
2^n + 10953 * 5,28,9
2^n + 14769 * 5,28,9
2^n * 117855 - 1,28,9
2^n * 984375 - 1,28,9
2^n * 50676 - 1,28,9
2^n * 55614 - 1,28,9
2^n * 27075 - 1,28,9
2^n * 58569 - 1,28,9
2^n * 99120 - 1,28,9
2^n * 68379 - 1,28,9
2^n * 59850 - 1,28,9
2^n - 92907,28,9
2^n - 2691,28,9
2^n - 5481,28,9
2^n - 14325,28,9
2^n - 40635,28,9
2^n - 43935,28,9
2^n - 49005,28,9
2^n - 51765,28,9
2^n - 51021,28,9
2^n - 70119,28,9
2^n - 74325,28,9
2^n * 33 + (5),28,9
2^n * 33 + 5,28,9
2^n * 33 + 703,28,9
2^n * 33 + 1535,28,9
2^n * 33 + 2539,28,9
2^n * 33 + 3125,28,9
2^n * 33 + 5893,28,9
2^n * 33 + 5957,28,9
3^n * 4 + 27 * 2^n + 13,28,9
3^n * 12 + 4 * 2^n + 3,28,9
2^n + 8085 * 5,27,9
2^n + 6717 * 5,27,9
6 * 39 * 2^n - 55 * 5,27,9
6 * 81 * 2^n - 59 * 5,27,9
6 * 7 * 2^n - 67 * 5,27,9
6 * 34 * 2^n - 53 * 5,27,9
6 * 43 * 2^n - 61 * 5,27,9
6 * 97 * 2^n - 43 * 5,27,9
6 * 98 * 2^n - 23 * 5,27,9
6 * 94 * 2^n - 1 * 5,27,9
6 * 1 * 2^n - 133 * 5,27,9
6 * 1 * 2^n - 371 * 5,27,9
6 * 3 * 2^n - 385 * 5,27,9
6 * 4 * 2^n - 481 * 5,27,9
6 * 8 * 2^n - 139 * 5,27,9
6 * 11 * 2^n - 19 * 5,27,9
6 * 12 * 2^n - 23 * 5,27,9
6 * 12 * 2^n - 629 * 5,27,9
6 * 13 * 2^n - 79 * 5,27,9
6 * 13 * 2^n - 487 * 5,27,9
6 * 17 * 2^n - 989 * 5,27,9
6 * 18 * 2^n - 577 * 5,27,9
6 * 19 * 2^n - 275 * 5,27,9
6 * 22 * 2^n - 61 * 5,27,9
6 * 22 * 2^n - 227 * 5,27,9
6 * 24 * 2^n - 79 * 5,27,9
6 * 28 * 2^n - 331 * 5,27,9
6 * 29 * 2^n - 217 * 5,27,9
6 * 32 * 2^n - 301 * 5,27,9
6 * 32 * 2^n - 685 * 5,27,9
6 * 33 * 2^n - 95 * 5,27,9
6 * 34 * 2^n - 161 * 5,27,9
6 * 38 * 2^n - 79 * 5,27,9
6 * 39 * 2^n - 605 * 5,27,9
6 * 42 * 2^n - 251 * 5,27,9
6 * 43 * 2^n - 503 * 5,27,9
6 * 49 * 2^n - 677 * 5,27,9
6 * 49 * 2^n - 761 * 5,27,9
6 * 51 * 2^n - 181 * 5,27,9
6 * 51 * 2^n - 535 * 5,27,9
6 * 53 * 2^n - 133 * 5,27,9
6 * 56 * 2^n - 187 * 5,27,9
6 * 57 * 2^n - 161 * 5,27,9
6 * 58 * 2^n - 523 * 5,27,9
6 * 58 * 2^n - 553 * 5,27,9
6 * 59 * 2^n - 949 * 5,27,9
6 * 63 * 2^n - 157 * 5,27,9
6 * 66 * 2^n - 959 * 5,27,9
6 * 68 * 2^n - 989 * 5,27,9
6 * 69 * 2^n - 487 * 5,27,9
6 * 69 * 2^n - 533 * 5,27,9
6 * 69 * 2^n - 857 * 5,27,9
6 * 71 * 2^n - 605 * 5,27,9
6 * 74 * 2^n - 437 * 5,27,9
6 * 77 * 2^n - 277 * 5,27,9
6 * 77 * 2^n - 481 * 5,27,9
6 * 79 * 2^n - 209 * 5,27,9
6 * 83 * 2^n - 163 * 5,27,9
6 * 83 * 2^n - 407 * 5,27,9
6 * 84 * 2^n - 289 * 5,27,9
6 * 87 * 2^n - 583 * 5,27,9
6 * 88 * 2^n - 901 * 5,27,9
6 * 89 * 2^n - 181 * 5,27,9
6 * 91 * 2^n - 431 * 5,27,9
6 * 91 * 2^n - 649 * 5,27,9
6 * 91 * 2^n - 887 * 5,27,9
6 * 92 * 2^n - 497 * 5,27,9
6 * 92 * 2^n - 727 * 5,27,9
6 * 96 * 2^n - 629 * 5,27,9
6 * 98 * 2^n - 793 * 5,27,9
6 * 99 * 2^n - 931 * 5,27,9
6 * 99 * 2^n - 943 * 5,27,9
6 * 101 * 2^n - 71 * 5,27,9
6 * 102 * 2^n - 131 * 5,27,9
6 * 106 * 2^n - 97 * 5,27,9
6 * 106 * 2^n - 833 * 5,27,9
6 * 107 * 2^n - 731 * 5,27,9
6 * 109 * 2^n - 59 * 5,27,9
6 * 109 * 2^n - 97 * 5,27,9
6 * 109 * 2^n - 661 * 5,27,9
6 * 111 * 2^n - 833 * 5,27,9
6 * 114 * 2^n - 829 * 5,27,9
6 * 117 * 2^n - 209 * 5,27,9
6 * 118 * 2^n - 37 * 5,27,9
6 * 118 * 2^n - 191 * 5,27,9
6 * 118 * 2^n - 529 * 5,27,9
6 * 118 * 2^n - 715 * 5,27,9
6 * 119 * 2^n - 163 * 5,27,9
6 * 121 * 2^n - 439 * 5,27,9
6 * 121 * 2^n - 763 * 5,27,9
6 * 122 * 2^n - 665 * 5,27,9
6 * 122 * 2^n - 667 * 5,27,9
6 * 122 * 2^n - 799 * 5,27,9
6 * 123 * 2^n - 517 * 5,27,9
6 * 123 * 2^n - 619 * 5,27,9
6 * 126 * 2^n - 365 * 5,27,9
6 * 127 * 2^n - 329 * 5,27,9
6 * 128 * 2^n - 139 * 5,27,9
6 * 129 * 2^n - 935 * 5,27,9
6 * 131 * 2^n - 235 * 5,27,9
6 * 132 * 2^n - 893 * 5,27,9
6 * 133 * 2^n - 611 * 5,27,9
6 * 136 * 2^n - 161 * 5,27,9
6 * 138 * 2^n - 119 * 5,27,9
6 * 138 * 2^n - 877 * 5,27,9
6 * 141 * 2^n - 59 * 5,27,9
6 * 141 * 2^n - 511 * 5,27,9
6 * 142 * 2^n - 979 * 5,27,9
6 * 144 * 2^n - 131 * 5,27,9
6 * 146 * 2^n - 127 * 5,27,9
6 * 146 * 2^n - 991 * 5,27,9
6 * 147 * 2^n - 269 * 5,27,9
6 * 147 * 2^n - 467 * 5,27,9
6 * 147 * 2^n - 761 * 5,27,9
6 * 149 * 2^n - 889 * 5,27,9
6 * 152 * 2^n - 193 * 5,27,9
6 * 154 * 2^n - 397 * 5,27,9
6 * 154 * 2^n - 493 * 5,27,9
6 * 156 * 2^n - 605 * 5,27,9
6 * 156 * 2^n - 959 * 5,27,9
6 * 158 * 2^n - 649 * 5,27,9
6 * 164 * 2^n - 221 * 5,27,9
6 * 166 * 2^n - 263 * 5,27,9
6 * 166 * 2^n - 407 * 5,27,9
6 * 166 * 2^n - 683 * 5,27,9
6 * 171 * 2^n - 155 * 5,27,9
6 * 171 * 2^n - 421 * 5,27,9
6 * 171 * 2^n - 707 * 5,27,9
6 * 172 * 2^n - 503 * 5,27,9
6 * 172 * 2^n - 985 * 5,27,9
6 * 178 * 2^n - 361 * 5,27,9
6 * 179 * 2^n - 649 * 5,27,9
6 * 181 * 2^n - 35 * 5,27,9
6 * 182 * 2^n - 11 * 5,27,9
6 * 182 * 2^n - 269 * 5,27,9
6 * 182 * 2^n - 487 * 5,27,9
6 * 184 * 2^n - 509 * 5,27,9
6 * 186 * 2^n - 551 * 5,27,9
6 * 186 * 2^n - 685 * 5,27,9
6 * 187 * 2^n - 43 * 5,27,9
6 * 187 * 2^n - 233 * 5,27,9
6 * 192 * 2^n - 385 * 5,27,9
6 * 192 * 2^n - 499 * 5,27,9
6 * 198 * 2^n - 31 * 5,27,9
6 * 198 * 2^n - 581 * 5,27,9
6 * 198 * 2^n - 971 * 5,27,9
6 * 201 * 2^n - 899 * 5,27,9
6 * 201 * 2^n - 925 * 5,27,9
6 * 203 * 2^n - 929 * 5,27,9
6 * 204 * 2^n - 91 * 5,27,9
6 * 204 * 2^n - 325 * 5,27,9
6 * 208 * 2^n - 427 * 5,27,9
6 * 209 * 2^n - 329 * 5,27,9
6 * 209 * 2^n - 725 * 5,27,9
6 * 212 * 2^n - 133 * 5,27,9
6 * 217 * 2^n - 667 * 5,27,9
6 * 217 * 2^n - 983 * 5,27,9
6 * 219 * 2^n - 203 * 5,27,9
6 * 221 * 2^n - 665 * 5,27,9
6 * 221 * 2^n - 985 * 5,27,9
6 * 222 * 2^n - 911 * 5,27,9
6 * 223 * 2^n - 599 * 5,27,9
6 * 226 * 2^n - 937 * 5,27,9
6 * 227 * 2^n - 319 * 5,27,9
6 * 228 * 2^n - 479 * 5,27,9
6 * 228 * 2^n - 829 * 5,27,9
6 * 228 * 2^n - 973 * 5,27,9
6 * 231 * 2^n - 767 * 5,27,9
6 * 232 * 2^n - 353 * 5,27,9
6 * 233 * 2^n - 17 * 5,27,9
6 * 233 * 2^n - 103 * 5,27,9
6 * 233 * 2^n - 187 * 5,27,9
6 * 233 * 2^n - 307 * 5,27,9
6 * 233 * 2^n - 511 * 5,27,9
6 * 234 * 2^n - 371 * 5,27,9
6 * 234 * 2^n - 499 * 5,27,9
6 * 234 * 2^n - 989 * 5,27,9
6 * 237 * 2^n - 431 * 5,27,9
6 * 238 * 2^n - 919 * 5,27,9
6 * 238 * 2^n - 983 * 5,27,9
6 * 242 * 2^n - 439 * 5,27,9
6 * 244 * 2^n - 463 * 5,27,9
6 * 244 * 2^n - 781 * 5,27,9
6 * 244 * 2^n - 799 * 5,27,9
6 * 248 * 2^n - 427 * 5,27,9
6 * 248 * 2^n - 583 * 5,27,9
6 * 248 * 2^n - 995 * 5,27,9
6 * 249 * 2^n - 481 * 5,27,9
6 * 251 * 2^n - 575 * 5,27,9
6 * 252 * 2^n - 659 * 5,27,9
2 * 3 * 33 * 2^n - 67 * 5,27,9
2 * 3 * 53 * 2^n - 49 * 5,27,9
2 * 3 * 76 * 2^n - 1 * 5,27,9
2 * 3 * 260182 * 2^n - 25 * 5,27,9
9303042 * 5 * 2^n - 1,27,9
5727612 * 5 * 2^n - 1,27,9
(1 + 2) * 2^(n - 2 + 1) - (10 + 1),27,9
(1 + 2) * 2^(n - 8 + 1) - (10 + 1),27,9
(1 + 4) * 2^(n - 6 + 1) - (2 + 1),27,9
(1 + 5) * 2^(n - 3 + 1) - (10 + 1),27,9
(1 + 5) * 2^(n - 9 + 1) - (10 + 1),27,9
(2) * 3 * 11 * 2 * 2 * 2^n - 13 * 5 * 653,27,9
(2) * 3 * 11 * 2 * 2 * 2^n - 13 * 5 * 1783,27,9
(2) * 3 * 11 * 2 * 2 * 2^n - 13 * 5 * 4283,27,9
(2) * 3 * 11 * 2 * 2 * 2^n - 13 * 5 * 5279,27,9
(2) * 3 * 11 * 2 * 3 * 2^n - 13 * 5 * 2617,27,9
(2) * 3 * 11 * 2 * 2039 * 2^n - 13 * 5 * 487,27,9
(2) * 3 * 11 * 2 * 5531 * 2^n - 13 * 5 * 6791,27,9
(2) * 3 * 11 * 2 * 4049 * 2^n - 13 * 5 * 1571,27,9
(2) * 3 * 11 * 2 * 2617 * 2^n - 13 * 5 * 6317,27,9
(2) * 3 * 11 * 2 * 4129 * 2^n - 13 * 5 * 1427,27,9
(2) * 3 * 11 * 2 * 1777 * 2^n - 13 * 5 * 9631,27,9
(2) * 3 * 11 * 2 * 8237 * 2^n - 13 * 5 * 6971,27,9
(2) * 3 * 11 * 2 * 4159 * 2^n - 13 * 5 * 5779,27,9
(2) * 3 * 11 * 2 * 3637 * 2^n - 13 * 5 * 211,27,9
(2) * 3 * 11 * 2 * 5309 * 2^n - 13 * 5 * 8647,27,9
(2) * 3 * 11 * 2 * 3929 * 2^n - 13 * 5 * 6197,27,9
(2) * 3 * 11 * 2 * 3119 * 2^n - 13 * 5 * 6883,27,9
(2) * 3 * 11 * 2 * 3 * 2^n - 13 * 5 * 395,27,9
(2) * 3 * 11 * 2 * 4 * 2^n - 13 * 5 * 289,27,9
(2) * 3 * 11 * 2 * 9 * 2^n - 13 * 5 * 35,27,9
(2) * 3 * 11 * 2 * 16 * 2^n - 13 * 5 * 289,27,9
(2) * 3 * 11 * 2 * 16 * 2^n - 13 * 5 * 343,27,9
(2) * 3 * 11 * 2 * 17 * 2^n - 13 * 5 * 245,27,9
(2) * 3 * 11 * 2 * 7 * 2^n - 13 * 5 * 23,27,9
(2) * 3 * 11 * 2 * 23 * 2^n - 13 * 5 * 113,27,9
(2) * 3 * 11 * 2 * 31 * 2^n - 13 * 5 * 13,27,9
(2) * 3 * 11 * 2 * 43 * 2^n - 13 * 5 * 139,27,9
(2) * 3 * 11 * 2 * 47 * 2^n - 13 * 5 * 149,27,9
2 * 3 * 1 * 2^n - 229 * 5,27,9
(2) * 3 * 11 * 2 * 109 * 7 * 2^n - 13 * 5 * 193 * 17,27,9
(2) * 3 * 11 * 2 * 109 * 7 * 2^n - 13 * 5 * 193 * 907,27,9
(2) * 3 * 11 * 2 * 109 * 31 * 2^n - 13 * 5 * 193 * 719,27,9
5 * 13 * 3^n + 2 * 98,27,9
5 * 15 * 3^n + 2 * 2,27,9
5 * 39 * 3^n + 2 * 98,27,9
589416 * 5 * 2^n - 1,27,9
1911 * 2^n + 1,27,9
2415 * 2^n + 1,27,9
3822 * 2^n + 1,27,9
6525 * 2^n - 1,27,9
9810 * 2^n - 1,27,9
10050 * 2^n - 1,27,9
2^n + 4113 * 5,27,9
2^n + 8481 * 5,27,9
2^n + 8643 * 5,27,9
2^n + 9495 * 5,27,9
2^n + 10983 * 5,27,9
2^n + 11253 * 5,27,9
2^n + 13215 * 5,27,9
2^n + 13737 * 5,27,9
2^n + 15321 * 5,27,9
2^n + 15363 * 5,27,9
2^n * 624225 - 1,27,9
2^n * 952878 - 1,27,9
2^n * 29910 - 1,27,9
2^n * 19710 - 1,27,9
2^n * 61890 - 1,27,9
2^n * 21945 - 1,27,9
2^n * 19515 - 1,27,9
2^n * 16890 - 1,27,9
2^n * 26775 - 1,27,9
2^n * 39996 - 1,27,9
2^n * 50280 - 1,27,9
2^n - 61659,27,9
2^n - 84705,27,9
2^n - 7185,27,9
2^n - 9051,27,9
2^n - 16455,27,9
2^n - 17391,27,9
2^n - 17715,27,9
2^n - 23919,27,9
2^n - 48879,27,9
2^n - 58299,27,9
2^n - 64095,27,9
2^n * 33 + 3785,27,9
2^n * 33 + 4955,27,9
2^n * 33 + 6097,27,9
3^n * 12 + 10 * 2^n + 15,27,9
3^n * 10 + 15 * 2^n - 1,27,9
2^n + 7831 * 5,26,9
2^n + 7629 * 5,26,9
2^n + 7365 * 5,26,9
2^n + 6315 * 5,26,9
2^n + 6369 * 5,26,9
2^n + 5997 * 5,26,9
2^n + 5169 * 5,26,9
2^n + 4695 * 5,26,9
2^n + 3717 * 5,26,9
330 * 2^n + 1,26,9
165 * 2^n + 1,26,9
270 * 2^n + 1,26,9
126 * 2^n + 1,26,9
6 * 27 * 2^n - 35 * 5,26,9
6 * 67 * 2^n - 19 * 5,26,9
6 * 86 * 2^n - 41 * 5,26,9
6 * 46 * 2^n - 91 * 5,26,9
6 * 47 * 2^n - 85 * 5,26,9
6 * 2 * 2^n - 707 * 5,26,9
6 * 6 * 2^n - 473 * 5,26,9
6 * 7 * 2^n - 641 * 5,26,9
6 * 7 * 2^n - 899 * 5,26,9
6 * 9 * 2^n - 607 * 5,26,9
6 * 11 * 2^n - 395 * 5,26,9
6 * 14 * 2^n - 65 * 5,26,9
6 * 16 * 2^n - 349 * 5,26,9
6 * 17 * 2^n - 37 * 5,26,9
6 * 19 * 2^n - 113 * 5,26,9
6 * 19 * 2^n - 137 * 5,26,9
6 * 19 * 2^n - 473 * 5,26,9
6 * 21 * 2^n - 143 * 5,26,9
6 * 24 * 2^n - 365 * 5,26,9
6 * 24 * 2^n - 499 * 5,26,9
6 * 24 * 2^n - 851 * 5,26,9
6 * 26 * 2^n - 805 * 5,26,9
6 * 27 * 2^n - 701 * 5,26,9
6 * 31 * 2^n - 697 * 5,26,9
6 * 32 * 2^n - 227 * 5,26,9
6 * 32 * 2^n - 707 * 5,26,9
6 * 33 * 2^n - 541 * 5,26,9
6 * 34 * 2^n - 275 * 5,26,9
6 * 34 * 2^n - 319 * 5,26,9
6 * 34 * 2^n - 695 * 5,26,9
6 * 36 * 2^n - 73 * 5,26,9
6 * 37 * 2^n - 293 * 5,26,9
6 * 38 * 2^n - 809 * 5,26,9
6 * 39 * 2^n - 713 * 5,26,9
6 * 42 * 2^n - 61 * 5,26,9
6 * 42 * 2^n - 143 * 5,26,9
6 * 42 * 2^n - 241 * 5,26,9
6 * 47 * 2^n - 721 * 5,26,9
6 * 48 * 2^n - 35 * 5,26,9
6 * 51 * 2^n - 413 * 5,26,9
6 * 52 * 2^n - 785 * 5,26,9
6 * 52 * 2^n - 827 * 5,26,9
6 * 54 * 2^n - 119 * 5,26,9
6 * 54 * 2^n - 239 * 5,26,9
6 * 56 * 2^n - 65 * 5,26,9
6 * 56 * 2^n - 871 * 5,26,9
6 * 58 * 2^n - 833 * 5,26,9
6 * 59 * 2^n - 131 * 5,26,9
6 * 61 * 2^n - 343 * 5,26,9
6 * 62 * 2^n - 247 * 5,26,9
6 * 63 * 2^n - 145 * 5,26,9
6 * 63 * 2^n - 229 * 5,26,9
6 * 63 * 2^n - 737 * 5,26,9
6 * 63 * 2^n - 803 * 5,26,9
6 * 64 * 2^n - 349 * 5,26,9
6 * 66 * 2^n - 155 * 5,26,9
6 * 67 * 2^n - 287 * 5,26,9
6 * 69 * 2^n - 541 * 5,26,9
6 * 73 * 2^n - 403 * 5,26,9
6 * 73 * 2^n - 883 * 5,26,9
6 * 74 * 2^n - 119 * 5,26,9
6 * 74 * 2^n - 455 * 5,26,9
6 * 76 * 2^n - 113 * 5,26,9
6 * 77 * 2^n - 193 * 5,26,9
6 * 77 * 2^n - 479 * 5,26,9
6 * 77 * 2^n - 643 * 5,26,9
6 * 78 * 2^n - 601 * 5,26,9
6 * 79 * 2^n - 377 * 5,26,9
6 * 81 * 2^n - 257 * 5,26,9
6 * 81 * 2^n - 311 * 5,26,9
6 * 88 * 2^n - 47 * 5,26,9
6 * 91 * 2^n - 17 * 5,26,9
6 * 84 * 2^n - 655 * 5,26,9
6 * 87 * 2^n - 235 * 5,26,9
6 * 87 * 2^n - 245 * 5,26,9
6 * 87 * 2^n - 533 * 5,26,9
6 * 91 * 2^n - 319 * 5,26,9
6 * 92 * 2^n - 611 * 5,26,9
6 * 94 * 2^n - 463 * 5,26,9
6 * 96 * 2^n - 473 * 5,26,9
6 * 96 * 2^n - 499 * 5,26,9
6 * 97 * 2^n - 421 * 5,26,9
6 * 98 * 2^n - 163 * 5,26,9
6 * 102 * 2^n - 19 * 5,26,9
6 * 102 * 2^n - 497 * 5,26,9
6 * 102 * 2^n - 703 * 5,26,9
6 * 103 * 2^n - 547 * 5,26,9
6 * 104 * 2^n - 277 * 5,26,9
6 * 106 * 2^n - 343 * 5,26,9
6 * 107 * 2^n - 703 * 5,26,9
6 * 108 * 2^n - 725 * 5,26,9
6 * 108 * 2^n - 737 * 5,26,9
6 * 109 * 2^n - 395 * 5,26,9
6 * 111 * 2^n - 721 * 5,26,9
6 * 112 * 2^n - 871 * 5,26,9
6 * 112 * 2^n - 899 * 5,26,9
6 * 114 * 2^n - 203 * 5,26,9
6 * 116 * 2^n - 91 * 5,26,9
6 * 116 * 2^n - 391 * 5,26,9
6 * 117 * 2^n - 701 * 5,26,9
6 * 118 * 2^n - 227 * 5,26,9
6 * 118 * 2^n - 781 * 5,26,9
6 * 119 * 2^n - 451 * 5,26,9
6 * 121 * 2^n - 173 * 5,26,9
6 * 121 * 2^n - 299 * 5,26,9
6 * 122 * 2^n - 65 * 5,26,9
6 * 122 * 2^n - 281 * 5,26,9
6 * 122 * 2^n - 371 * 5,26,9
6 * 122 * 2^n - 737 * 5,26,9
6 * 122 * 2^n - 925 * 5,26,9
6 * 122 * 2^n - 931 * 5,26,9
6 * 123 * 2^n - 275 * 5,26,9
6 * 124 * 2^n - 697 * 5,26,9
6 * 126 * 2^n - 95 * 5,26,9
6 * 126 * 2^n - 803 * 5,26,9
6 * 128 * 2^n - 551 * 5,26,9
6 * 131 * 2^n - 253 * 5,26,9
6 * 136 * 2^n - 275 * 5,26,9
6 * 137 * 2^n - 931 * 5,26,9
6 * 138 * 2^n - 295 * 5,26,9
6 * 138 * 2^n - 737 * 5,26,9
6 * 138 * 2^n - 767 * 5,26,9
6 * 138 * 2^n - 979 * 5,26,9
6 * 139 * 2^n - 317 * 5,26,9
6 * 139 * 2^n - 613 * 5,26,9
6 * 142 * 2^n - 559 * 5,26,9
6 * 143 * 2^n - 361 * 5,26,9
6 * 143 * 2^n - 865 * 5,26,9
6 * 146 * 2^n - 277 * 5,26,9
6 * 147 * 2^n - 293 * 5,26,9
6 * 148 * 2^n - 661 * 5,26,9
6 * 152 * 2^n - 415 * 5,26,9
6 * 153 * 2^n - 193 * 5,26,9
6 * 153 * 2^n - 575 * 5,26,9
6 * 154 * 2^n - 29 * 5,26,9
6 * 154 * 2^n - 83 * 5,26,9
6 * 154 * 2^n - 193 * 5,26,9
6 * 154 * 2^n - 335 * 5,26,9
6 * 156 * 2^n - 601 * 5,26,9
6 * 157 * 2^n - 805 * 5,26,9
6 * 159 * 2^n - 161 * 5,26,9
6 * 159 * 2^n - 343 * 5,26,9
6 * 159 * 2^n - 799 * 5,26,9
6 * 161 * 2^n - 29 * 5,26,9
6 * 161 * 2^n - 187 * 5,26,9
6 * 161 * 2^n - 421 * 5,26,9
6 * 161 * 2^n - 785 * 5,26,9
6 * 162 * 2^n - 125 * 5,26,9
6 * 162 * 2^n - 245 * 5,26,9
6 * 162 * 2^n - 265 * 5,26,9
6 * 162 * 2^n - 733 * 5,26,9
6 * 164 * 2^n - 791 * 5,26,9
6 * 166 * 2^n - 79 * 5,26,9
6 * 166 * 2^n - 793 * 5,26,9
6 * 167 * 2^n - 67 * 5,26,9
6 * 167 * 2^n - 389 * 5,26,9
6 * 167 * 2^n - 485 * 5,26,9
6 * 167 * 2^n - 533 * 5,26,9
6 * 171 * 2^n - 653 * 5,26,9
6 * 171 * 2^n - 791 * 5,26,9
6 * 173 * 2^n - 961 * 5,26,9
6 * 174 * 2^n - 37 * 5,26,9
6 * 174 * 2^n - 95 * 5,26,9
6 * 176 * 2^n - 733 * 5,26,9
6 * 177 * 2^n - 593 * 5,26,9
6 * 178 * 2^n - 197 * 5,26,9
6 * 178 * 2^n - 295 * 5,26,9
6 * 178 * 2^n - 317 * 5,26,9
6 * 179 * 2^n - 161 * 5,26,9
6 * 181 * 2^n - 667 * 5,26,9
6 * 182 * 2^n - 797 * 5,26,9
6 * 183 * 2^n - 955 * 5,26,9
6 * 184 * 2^n - 839 * 5,26,9
6 * 188 * 2^n - 371 * 5,26,9
6 * 189 * 2^n - 775 * 5,26,9
6 * 191 * 2^n - 265 * 5,26,9
6 * 191 * 2^n - 287 * 5,26,9
6 * 193 * 2^n - 91 * 5,26,9
6 * 193 * 2^n - 943 * 5,26,9
6 * 194 * 2^n - 779 * 5,26,9
6 * 197 * 2^n - 713 * 5,26,9
6 * 197 * 2^n - 733 * 5,26,9
6 * 198 * 2^n - 13 * 5,26,9
6 * 198 * 2^n - 829 * 5,26,9
6 * 199 * 2^n - 343 * 5,26,9
6 * 199 * 2^n - 835 * 5,26,9
6 * 199 * 2^n - 893 * 5,26,9
6 * 201 * 2^n - 263 * 5,26,9
6 * 201 * 2^n - 317 * 5,26,9
6 * 203 * 2^n - 775 * 5,26,9
6 * 204 * 2^n - 559 * 5,26,9
6 * 206 * 2^n - 91 * 5,26,9
6 * 206 * 2^n - 275 * 5,26,9
6 * 206 * 2^n - 487 * 5,26,9
6 * 207 * 2^n - 745 * 5,26,9
6 * 208 * 2^n - 827 * 5,26,9
6 * 209 * 2^n - 373 * 5,26,9
6 * 209 * 2^n - 757 * 5,26,9
6 * 213 * 2^n - 329 * 5,26,9
6 * 213 * 2^n - 403 * 5,26,9
6 * 214 * 2^n - 73 * 5,26,9
6 * 214 * 2^n - 287 * 5,26,9
6 * 214 * 2^n - 355 * 5,26,9
6 * 216 * 2^n - 995 * 5,26,9
6 * 217 * 2^n - 145 * 5,26,9
6 * 217 * 2^n - 547 * 5,26,9
6 * 217 * 2^n - 755 * 5,26,9
6 * 218 * 2^n - 419 * 5,26,9
6 * 218 * 2^n - 671 * 5,26,9
6 * 219 * 2^n - 973 * 5,26,9
6 * 221 * 2^n - 551 * 5,26,9
6 * 222 * 2^n - 529 * 5,26,9
6 * 224 * 2^n - 173 * 5,26,9
6 * 226 * 2^n - 391 * 5,26,9
6 * 226 * 2^n - 859 * 5,26,9
6 * 227 * 2^n - 7 * 5,26,9
6 * 227 * 2^n - 961 * 5,26,9
6 * 231 * 2^n - 823 * 5,26,9
6 * 231 * 2^n - 985 * 5,26,9
6 * 232 * 2^n - 31 * 5,26,9
6 * 233 * 2^n - 91 * 5,26,9
6 * 233 * 2^n - 157 * 5,26,9
6 * 234 * 2^n - 407 * 5,26,9
6 * 234 * 2^n - 569 * 5,26,9
6 * 236 * 2^n - 301 * 5,26,9
6 * 236 * 2^n - 781 * 5,26,9
6 * 236 * 2^n - 877 * 5,26,9
6 * 237 * 2^n - 835 * 5,26,9
6 * 238 * 2^n - 445 * 5,26,9
6 * 238 * 2^n - 863 * 5,26,9
6 * 239 * 2^n - 719 * 5,26,9
6 * 241 * 2^n - 337 * 5,26,9
6 * 241 * 2^n - 611 * 5,26,9
6 * 241 * 2^n - 865 * 5,26,9
6 * 241 * 2^n - 925 * 5,26,9
6 * 242 * 2^n - 31 * 5,26,9
6 * 242 * 2^n - 173 * 5,26,9
6 * 242 * 2^n - 485 * 5,26,9
6 * 242 * 2^n - 971 * 5,26,9
6 * 243 * 2^n - 875 * 5,26,9
6 * 244 * 2^n - 343 * 5,26,9
6 * 246 * 2^n - 91 * 5,26,9
6 * 246 * 2^n - 493 * 5,26,9
6 * 247 * 2^n - 55 * 5,26,9
6 * 247 * 2^n - 73 * 5,26,9
6 * 247 * 2^n - 803 * 5,26,9
6 * 251 * 2^n - 539 * 5,26,9
6 * 252 * 2^n - 737 * 5,26,9
6 * 252 * 2^n - 845 * 5,26,9
2 * 3 * 23 * 2^n - 73 * 5,26,9
2 * 3 * 24 * 2^n - 1 * 5,26,9
2 * 3 * 24 * 2^n - 37 * 5,26,9
2 * 3 * 34 * 2^n - 13 * 5,26,9
2 * 3 * 41 * 2^n - 73 * 5,26,9
2 * 3 * 51 * 2^n - 71 * 5,26,9
2 * 3 * 62 * 2^n - 37 * 5,26,9
2 * 3 * 11 * 13824 * 2^n - 25 * 5,26,9
7368648 * 5 * 2^n - 1,26,9
1071501 * 5 * 2^n - 1,26,9
(1 + 4) * 2^(n - 1 + 1) - (8 + 1),26,9
(1 + 4) * 2^(n - 3 + 1) - (8 + 1),26,9
(1 + 9) * 2^(n - 1 + 1) - (2 + 1),26,9
(1 + 9) * 2^(n - 2 + 1) - (8 + 1),26,9
(1 + 9) * 2^(n - 4 + 1) - (2 + 1),26,9
(1 + 9) * 2^(n - 4 + 1) - (8 + 1),26,9
(2) * 3 * 11 * 2 * 3 * 2^n - 13 * 5 * 2011,26,9
(2) * 3 * 11 * 2 * 4261 * 2^n - 13 * 5 * 8923,26,9
(2) * 3 * 11 * 2 * 7229 * 2^n - 13 * 5 * 5843,26,9
(2) * 3 * 11 * 2 * 9859 * 2^n - 13 * 5 * 1741,26,9
(2) * 3 * 11 * 2 * 4423 * 2^n - 13 * 5 * 3671,26,9
(2) * 3 * 11 * 2 * 2371 * 2^n - 13 * 5 * 9511,26,9
(2) * 3 * 11 * 2 * 5483 * 2^n - 13 * 5 * 9767,26,9
(2) * 3 * 11 * 2 * 1901 * 2^n - 13 * 5 * 6263,26,9
(2) * 3 * 11 * 2 * 2 * 2^n - 13 * 5 * 391,26,9
(2) * 3 * 11 * 2 * 6 * 2^n - 13 * 5 * 49,26,9
(2) * 3 * 11 * 2 * 9 * 2^n - 13 * 5 * 47,26,9
(2) * 3 * 11 * 2 * 14 * 2^n - 13 * 5 * 221,26,9
(2) * 3 * 11 * 2 * 16 * 2^n - 13 * 5 * 391,26,9
(2) * 3 * 11 * 2 * 17 * 2^n - 13 * 5 * 25,26,9
(2) * 3 * 11 * 2 * 19 * 2^n - 13 * 5 * 5,26,9
(2) * 3 * 11 * 2 * 19 * 2^n - 13 * 5 * 47,26,9
(2) * 3 * 11 * 2 * 37 * 2^n - 13 * 5 * 167,26,9
(2) * 3 * 11 * 2 * 41 * 2^n - 13 * 5 * 83,26,9
(2) * 3 * 11 * 2 * 67 * 2^n - 13 * 5 * 109,26,9
(2) * 3 * 11 * 2 * 113 * 2^n - 13 * 5 * 71,26,9
2 * 3 * 1 * 2^n - 535 * 5,26,9
5 * 17 * 3^n + 2 * 26,26,9
5 * 33 * 3^n + 2 * 68,26,9
5 * 35 * 3^n + 2 * 92,26,9
825078 * 5 * 2^n - 1,26,9
2856 * 2^n + 1,26,9
4035 * 2^n - 1,26,9
5841 * 2^n - 1,26,9
8679 * 2^n - 1,26,9
8790 * 2^n - 1,26,9
2^n + 3237 * 5,26,9
2^n + 4737 * 5,26,9
2^n - 6345,26,9
2^n + 9057 * 5,26,9
2^n + 11175 * 5,26,9
2^n + 11361 * 5,26,9
2^n + 12153 * 5,26,9
2^n + 13311 * 5,26,9
2^n + 15531 * 5,26,9
2^n * 357006 - 1,26,9
2^n * 597855 - 1,26,9
2^n * 492450 - 1,26,9
2^n * 89445 - 1,26,9
2^n * 83811 - 1,26,9
2^n * 63661 - 1,26,9
2^n * 42615 - 1,26,9
2^n * 33654 - 1,26,9
2^n - 1959,26,9
2^n - 4599,26,9
2^n - 15651,26,9
2^n - 23631,26,9
2^n - 25485,26,9
2^n - 34653,26,9
2^n - 39315,26,9
2^n - 39051,26,9
2^n - 58371,26,9
2^n - 65379,26,9
2^n - 66555,26,9
2^n - 74259,26,9
2^n - 5 * 94425,26,9
2^n * 33 + 299,26,9
2^n * 33 + 1643,26,9
2^n * 33 + 1757,26,9
2^n * 33 + 1847,26,9
2^n * 33 + 5645,26,9
2^n * 33 + 5927,26,9
2^n * 33 + 5945,26,9
3^n * 21 + 4 * 2^n + 18,26,9
3^n * 27 + 9 * 2^n + 8,26,9
2^n + 5865 * 5,25,9
2^n + 4971 * 5,25,9
2^n + 4311 * 5,25,9
690 * 2^n + 1,25,9
6 * 62 * 2^n - 67 * 5,25,9
6 * 82 * 2^n - 49 * 5,25,9
6 * 43 * 2^n - 13 * 5,25,9
6 * 41 * 2^n - 53 * 5,25,9
6 * 17 * 2^n - 25 * 5,25,9
6 * 4 * 2^n - 791 * 5,25,9
6 * 4 * 2^n - 901 * 5,25,9
6 * 7 * 2^n - 815 * 5,25,9
6 * 9 * 2^n - 805 * 5,25,9
6 * 11 * 2^n - 899 * 5,25,9
6 * 14 * 2^n - 251 * 5,25,9
6 * 17 * 2^n - 109 * 5,25,9
6 * 17 * 2^n - 485 * 5,25,9
6 * 17 * 2^n - 487 * 5,25,9
6 * 17 * 2^n - 737 * 5,25,9
6 * 19 * 2^n - 949 * 5,25,9
6 * 22 * 2^n - 179 * 5,25,9
6 * 22 * 2^n - 185 * 5,25,9
6 * 22 * 2^n - 259 * 5,25,9
6 * 22 * 2^n - 899 * 5,25,9
6 * 23 * 2^n - 217 * 5,25,9
6 * 24 * 2^n - 739 * 5,25,9
6 * 27 * 2^n - 347 * 5,25,9
6 * 31 * 2^n - 151 * 5,25,9
6 * 31 * 2^n - 161 * 5,25,9
6 * 32 * 2^n - 187 * 5,25,9
6 * 33 * 2^n - 127 * 5,25,9
6 * 36 * 2^n - 293 * 5,25,9
6 * 36 * 2^n - 997 * 5,25,9
6 * 37 * 2^n - 319 * 5,25,9
6 * 38 * 2^n - 287 * 5,25,9
6 * 38 * 2^n - 935 * 5,25,9
6 * 41 * 2^n - 301 * 5,25,9
6 * 44 * 2^n - 481 * 5,25,9
6 * 49 * 2^n - 463 * 5,25,9
6 * 51 * 2^n - 157 * 5,25,9
6 * 52 * 2^n - 155 * 5,25,9
6 * 61 * 2^n - 1 * 5,25,9
6 * 56 * 2^n - 143 * 5,25,9
6 * 56 * 2^n - 467 * 5,25,9
6 * 56 * 2^n - 815 * 5,25,9
6 * 58 * 2^n - 803 * 5,25,9
6 * 59 * 2^n - 721 * 5,25,9
6 * 61 * 2^n - 517 * 5,25,9
6 * 62 * 2^n - 203 * 5,25,9
6 * 62 * 2^n - 281 * 5,25,9
6 * 63 * 2^n - 121 * 5,25,9
6 * 63 * 2^n - 223 * 5,25,9
6 * 63 * 2^n - 271 * 5,25,9
6 * 63 * 2^n - 503 * 5,25,9
6 * 63 * 2^n - 587 * 5,25,9
6 * 63 * 2^n - 911 * 5,25,9
6 * 64 * 2^n - 419 * 5,25,9
6 * 64 * 2^n - 629 * 5,25,9
6 * 67 * 2^n - 773 * 5,25,9
6 * 68 * 2^n - 277 * 5,25,9
6 * 68 * 2^n - 445 * 5,25,9
6 * 72 * 2^n - 145 * 5,25,9
6 * 72 * 2^n - 175 * 5,25,9
6 * 72 * 2^n - 187 * 5,25,9
6 * 74 * 2^n - 133 * 5,25,9
6 * 74 * 2^n - 241 * 5,25,9
6 * 76 * 2^n - 109 * 5,25,9
6 * 77 * 2^n - 181 * 5,25,9
6 * 77 * 2^n - 185 * 5,25,9
6 * 77 * 2^n - 215 * 5,25,9
6 * 77 * 2^n - 991 * 5,25,9
6 * 78 * 2^n - 341 * 5,25,9
6 * 78 * 2^n - 439 * 5,25,9
6 * 78 * 2^n - 787 * 5,25,9
6 * 79 * 2^n - 119 * 5,25,9
6 * 81 * 2^n - 125 * 5,25,9
6 * 81 * 2^n - 703 * 5,25,9
6 * 82 * 2^n - 281 * 5,25,9
6 * 82 * 2^n - 749 * 5,25,9
6 * 82 * 2^n - 875 * 5,25,9
6 * 82 * 2^n - 893 * 5,25,9
6 * 83 * 2^n - 137 * 5,25,9
6 * 83 * 2^n - 575 * 5,25,9
6 * 83 * 2^n - 697 * 5,25,9
6 * 84 * 2^n - 397 * 5,25,9
6 * 86 * 2^n - 175 * 5,25,9
6 * 86 * 2^n - 383 * 5,25,9
6 * 86 * 2^n - 551 * 5,25,9
6 * 86 * 2^n - 733 * 5,25,9
6 * 86 * 2^n - 787 * 5,25,9
6 * 87 * 2^n - 679 * 5,25,9
6 * 87 * 2^n - 823 * 5,25,9
6 * 88 * 2^n - 179 * 5,25,9
6 * 91 * 2^n - 697 * 5,25,9
6 * 92 * 2^n - 217 * 5,25,9
6 * 92 * 2^n - 503 * 5,25,9
6 * 93 * 2^n - 511 * 5,25,9
6 * 93 * 2^n - 623 * 5,25,9
6 * 94 * 2^n - 949 * 5,25,9
6 * 98 * 2^n - 295 * 5,25,9
6 * 98 * 2^n - 671 * 5,25,9
6 * 99 * 2^n - 293 * 5,25,9
6 * 99 * 2^n - 461 * 5,25,9
6 * 101 * 2^n - 415 * 5,25,9
6 * 101 * 2^n - 599 * 5,25,9
6 * 102 * 2^n - 157 * 5,25,9
6 * 102 * 2^n - 175 * 5,25,9
6 * 102 * 2^n - 875 * 5,25,9
6 * 103 * 2^n - 77 * 5,25,9
6 * 104 * 2^n - 67 * 5,25,9
6 * 104 * 2^n - 725 * 5,25,9
6 * 106 * 2^n - 997 * 5,25,9
6 * 107 * 2^n - 143 * 5,25,9
6 * 107 * 2^n - 367 * 5,25,9
6 * 116 * 2^n - 199 * 5,25,9
6 * 116 * 2^n - 383 * 5,25,9
6 * 116 * 2^n - 455 * 5,25,9
6 * 117 * 2^n - 119 * 5,25,9
6 * 117 * 2^n - 319 * 5,25,9
6 * 119 * 2^n - 11 * 5,25,9
6 * 119 * 2^n - 767 * 5,25,9
6 * 121 * 2^n - 929 * 5,25,9
6 * 124 * 2^n - 365 * 5,25,9
6 * 126 * 2^n - 25 * 5,25,9
6 * 126 * 2^n - 271 * 5,25,9
6 * 126 * 2^n - 299 * 5,25,9
6 * 126 * 2^n - 901 * 5,25,9
6 * 128 * 2^n - 409 * 5,25,9
6 * 131 * 2^n - 289 * 5,25,9
6 * 131 * 2^n - 427 * 5,25,9
6 * 132 * 2^n - 127 * 5,25,9
6 * 132 * 2^n - 193 * 5,25,9
6 * 134 * 2^n - 917 * 5,25,9
6 * 136 * 2^n - 973 * 5,25,9
6 * 138 * 2^n - 823 * 5,25,9
6 * 139 * 2^n - 763 * 5,25,9
6 * 142 * 2^n - 287 * 5,25,9
6 * 142 * 2^n - 607 * 5,25,9
6 * 142 * 2^n - 763 * 5,25,9
6 * 142 * 2^n - 971 * 5,25,9
6 * 143 * 2^n - 343 * 5,25,9
6 * 143 * 2^n - 641 * 5,25,9
6 * 144 * 2^n - 215 * 5,25,9
6 * 144 * 2^n - 455 * 5,25,9
6 * 146 * 2^n - 287 * 5,25,9
6 * 148 * 2^n - 413 * 5,25,9
6 * 149 * 2^n - 343 * 5,25,9
6 * 149 * 2^n - 803 * 5,25,9
6 * 151 * 2^n - 35 * 5,25,9
6 * 151 * 2^n - 89 * 5,25,9
6 * 153 * 2^n - 91 * 5,25,9
6 * 153 * 2^n - 133 * 5,25,9
6 * 153 * 2^n - 781 * 5,25,9
6 * 154 * 2^n - 317 * 5,25,9
6 * 154 * 2^n - 925 * 5,25,9
6 * 154 * 2^n - 983 * 5,25,9
6 * 156 * 2^n - 761 * 5,25,9
6 * 156 * 2^n - 857 * 5,25,9
6 * 158 * 2^n - 587 * 5,25,9
6 * 159 * 2^n - 767 * 5,25,9
6 * 161 * 2^n - 311 * 5,25,9
6 * 161 * 2^n - 515 * 5,25,9
6 * 163 * 2^n - 283 * 5,25,9
6 * 163 * 2^n - 299 * 5,25,9
6 * 163 * 2^n - 427 * 5,25,9
6 * 164 * 2^n - 511 * 5,25,9
6 * 166 * 2^n - 145 * 5,25,9
6 * 166 * 2^n - 457 * 5,25,9
6 * 166 * 2^n - 487 * 5,25,9
6 * 168 * 2^n - 545 * 5,25,9
6 * 169 * 2^n - 7 * 5,25,9
6 * 169 * 2^n - 787 * 5,25,9
6 * 171 * 2^n - 697 * 5,25,9
6 * 172 * 2^n - 139 * 5,25,9
6 * 172 * 2^n - 299 * 5,25,9
6 * 172 * 2^n - 727 * 5,25,9
6 * 173 * 2^n - 977 * 5,25,9
6 * 174 * 2^n - 947 * 5,25,9
6 * 176 * 2^n - 185 * 5,25,9
6 * 176 * 2^n - 965 * 5,25,9
6 * 178 * 2^n - 211 * 5,25,9
6 * 178 * 2^n - 673 * 5,25,9
6 * 182 * 2^n - 17 * 5,25,9
6 * 182 * 2^n - 617 * 5,25,9
6 * 184 * 2^n - 371 * 5,25,9
6 * 186 * 2^n - 89 * 5,25,9
6 * 186 * 2^n - 511 * 5,25,9
6 * 187 * 2^n - 665 * 5,25,9
6 * 188 * 2^n - 617 * 5,25,9
6 * 189 * 2^n - 167 * 5,25,9
6 * 189 * 2^n - 617 * 5,25,9
6 * 189 * 2^n - 671 * 5,25,9
6 * 191 * 2^n - 41 * 5,25,9
6 * 191 * 2^n - 209 * 5,25,9
6 * 192 * 2^n - 445 * 5,25,9
6 * 193 * 2^n - 187 * 5,25,9
6 * 193 * 2^n - 395 * 5,25,9
6 * 194 * 2^n - 359 * 5,25,9
6 * 194 * 2^n - 389 * 5,25,9
6 * 194 * 2^n - 427 * 5,25,9
6 * 196 * 2^n - 193 * 5,25,9
6 * 196 * 2^n - 851 * 5,25,9
6 * 197 * 2^n - 259 * 5,25,9
6 * 197 * 2^n - 307 * 5,25,9
6 * 198 * 2^n - 161 * 5,25,9
6 * 198 * 2^n - 523 * 5,25,9
6 * 199 * 2^n - 373 * 5,25,9
6 * 199 * 2^n - 529 * 5,25,9
6 * 201 * 2^n - 127 * 5,25,9
6 * 201 * 2^n - 167 * 5,25,9
6 * 202 * 2^n - 431 * 5,25,9
6 * 202 * 2^n - 557 * 5,25,9
6 * 203 * 2^n - 121 * 5,25,9
6 * 203 * 2^n - 313 * 5,25,9
6 * 203 * 2^n - 355 * 5,25,9
6 * 204 * 2^n - 713 * 5,25,9
6 * 207 * 2^n - 761 * 5,25,9
6 * 207 * 2^n - 985 * 5,25,9
6 * 208 * 2^n - 155 * 5,25,9
6 * 208 * 2^n - 743 * 5,25,9
6 * 209 * 2^n - 221 * 5,25,9
6 * 209 * 2^n - 659 * 5,25,9
6 * 209 * 2^n - 889 * 5,25,9
6 * 211 * 2^n - 101 * 5,25,9
6 * 213 * 2^n - 665 * 5,25,9
6 * 213 * 2^n - 841 * 5,25,9
6 * 213 * 2^n - 869 * 5,25,9
6 * 214 * 2^n - 391 * 5,25,9
6 * 217 * 2^n - 971 * 5,25,9
6 * 218 * 2^n - 503 * 5,25,9
6 * 218 * 2^n - 565 * 5,25,9
6 * 219 * 2^n - 703 * 5,25,9
6 * 221 * 2^n - 19 * 5,25,9
6 * 221 * 2^n - 563 * 5,25,9
6 * 222 * 2^n - 497 * 5,25,9
6 * 224 * 2^n - 979 * 5,25,9
6 * 226 * 2^n - 77 * 5,25,9
6 * 226 * 2^n - 419 * 5,25,9
6 * 227 * 2^n - 421 * 5,25,9
6 * 227 * 2^n - 667 * 5,25,9
6 * 228 * 2^n - 377 * 5,25,9
6 * 228 * 2^n - 509 * 5,25,9
6 * 228 * 2^n - 689 * 5,25,9
6 * 229 * 2^n - 85 * 5,25,9
6 * 231 * 2^n - 439 * 5,25,9
6 * 231 * 2^n - 533 * 5,25,9
6 * 233 * 2^n - 125 * 5,25,9
6 * 233 * 2^n - 283 * 5,25,9
6 * 233 * 2^n - 595 * 5,25,9
6 * 233 * 2^n - 647 * 5,25,9
6 * 234 * 2^n - 343 * 5,25,9
6 * 236 * 2^n - 377 * 5,25,9
6 * 236 * 2^n - 379 * 5,25,9
6 * 238 * 2^n - 29 * 5,25,9
6 * 239 * 2^n - 931 * 5,25,9
6 * 241 * 2^n - 911 * 5,25,9
6 * 247 * 2^n - 383 * 5,25,9
6 * 248 * 2^n - 443 * 5,25,9
6 * 248 * 2^n - 935 * 5,25,9
6 * 249 * 2^n - 493 * 5,25,9
6 * 251 * 2^n - 43 * 5,25,9
6 * 251 * 2^n - 541 * 5,25,9
6 * 251 * 2^n - 947 * 5,25,9
6 * 252 * 2^n - 149 * 5,25,9
6 * 252 * 2^n - 901 * 5,25,9
2 * 3 * 23 * 2^n - 61 * 5,25,9
2 * 3 * 28 * 2^n - 85 * 5,25,9
2 * 3 * 33 * 2^n - 85 * 5,25,9
2 * 3 * 69 * 2^n - 49 * 5,25,9
2 * 3 * 72 * 2^n - 77 * 5,25,9
2 * 3 * 73 * 2^n - 97 * 5,25,9
2 * 3 * 81 * 2^n - 79 * 5,25,9
2 * 3 * 86 * 2^n - 85 * 5,25,9
840 * 2^n + 1,25,9
5614251 * 5 * 2^n + 1,25,9
47 * 2^(n - 17) - 79,25,9
(1 + 19) * 2^(n - 2 + 1) - (2 + 1),25,9
(1 + 19) * 2^(n - 23 + 1) - (2 + 1),25,9
(2) * 3 * 11 * 2 * 2 * 2^n - 13 * 5 * 9151,25,9
(2) * 3 * 11 * 2 * 3 * 2^n - 13 * 5 * 5077,25,9
(2) * 3 * 11 * 2 * 7573 * 2^n - 13 * 5 * 1427,25,9
(2) * 3 * 11 * 2 * 79 * 2^n - 13 * 5 * 9067,25,9
(2) * 3 * 11 * 2 * 3089 * 2^n - 13 * 5 * 7207,25,9
(2) * 3 * 11 * 2 * 5437 * 2^n - 13 * 5 * 2393,25,9
(2) * 3 * 11 * 2 * 2663 * 2^n - 13 * 5 * 8647,25,9
(2) * 3 * 11 * 2 * 6 * 2^n - 13 * 5 * 25,25,9
(2) * 3 * 11 * 2 * 2 * 2^n - 13 * 5 * 97,25,9
(2) * 3 * 11 * 2 * 17 * 2^n - 13 * 5 * 19,25,9
(2) * 3 * 11 * 2 * 41 * 2^n - 13 * 5 * 137,25,9
(2) * 3 * 11 * 2 * 59 * 2^n - 13 * 5 * 167,25,9
(2) * 3 * 11 * 2 * 109 * 11 * 2^n - 13 * 5 * 193 * 547,25,9
(2) * 3 * 11 * 2 * 109 * 29 * 2^n - 13 * 5 * 193 * 991,25,9
5 * 3 * 3^n + 2 * 76,25,9
5 * 21 * 3^n + 2 * 37,25,9
5 * 23 * 3^n + 2 * 11,25,9
5 * 57 * 3^n + 2 * 49,25,9
234 * 2^n - 1,25,9
534 * 2^n - 1,25,9
3030 * 2^n - 1,25,9
3150 * 2^n - 1,25,9
3174 * 2^n - 1,25,9
5 * 524274 * 2^n - 1,25,9
10887 * 5 * 2^n - 1,25,9
524352 * 5 * 2^n - 1,25,9
1899 * 2^n + 1,25,9
2130 * 2^n + 1,25,9
5352 * 2^n + 1,25,9
6891 * 2^n - 1,25,9
8244 * 2^n - 1,25,9
9744 * 2^n - 1,25,9
10500 * 2^n - 1,25,9
3^n + 236,25,9
3^n + 850,25,9
2^n + 10995 * 5,25,9
2^n + 12561 * 5,25,9
2^n + 13473 * 5,25,9
2^n + 14763 * 5,25,9
3^n + 154 * n * 5,25,9
4^n - 61 * 93,25,9
4^n - 93 * 61,25,9
2^n * 565179 - 1,25,9
2^n * 928095 - 1,25,9
2^n * 18954 - 1,25,9
2^n * 452400 - 1,25,9
2^n * 984984 - 1,25,9
2^n * 486204 - 1,25,9
2^n * 438669 - 1,25,9
2^n * 882486 - 1,25,9
2^n * 313911 - 1,25,9
2^n * 497931 - 1,25,9
2^n * 759954 - 1,25,9
2^n * 3174 - 1,25,9
2^n * 627840 - 1,25,9
2^n * 990045 - 1,25,9
2^n * 96540 - 1,25,9
2^n * 99624 - 1,25,9
2^n * 9744 - 1,25,9
2^n * 20730 - 1,25,9
2^n * 78676 - 1,25,9
2^n * 8244 - 1,25,9
2^n * 37875 - 1,25,9
2^n * 6891 - 1,25,9
2^n * 21399 - 1,25,9
2^n * 79729 - 1,25,9
2^n - 2115,25,9
2^n - 6765,25,9
2^n - 18021,25,9
2^n - 20601,25,9
2^n - 24885,25,9
2^n - 28995,25,9
2^n - 35295,25,9
2^n - 35265,25,9
2^n - 45345,25,9
2^n - 53835,25,9
2^n - 5 * 83055,25,9
2^n * 33 + 157,25,9
2^n * 33 + 437,25,9
2^n * 33 + 4045,25,9
2^n * 33 + 5263,25,9
2^n * 33 + 5405,25,9
2^n * 33 + 5677,25,9
2^n * 33 + 6293,25,9
3^n * 12 + 22 * 2^n + 3,25,9
3^n * 14 + 8 * 2^n + 15,25,9
3^n * 18 + 15 * 2^n + 5,25,9
3^n * 20 + 11 * 2^n + 15,25,9
3^n * 22 + 18 * 2^n + 1,25,9
3^n * 22 + 29 * 2^n + 27,25,9
2^n - 2079,25,9
2^n + 5979 * 5,24,9
2^n + 1305 * 5,24,9
2^n + 1041 * 5,24,9
630 * 2^n + 1,24,9
6 * 19 * 2^n - 37 * 5,24,9
6 * 7 * 2^n - 31 * 5,24,9
6 * 71 * 2^n - 91 * 5,24,9
6 * 91 * 2^n - 85 * 5,24,9
6 * 27 * 2^n - 1 * 5,24,9
6 * 29 * 2^n - 83 * 5,24,9
6 * 52 * 2^n - 37 * 5,24,9
6 * 63 * 2^n - 83 * 5,24,9
6 * 3 * 2^n - 103 * 5,24,9
6 * 3 * 2^n - 295 * 5,24,9
6 * 6 * 2^n - 169 * 5,24,9
6 * 7 * 2^n - 421 * 5,24,9
6 * 7 * 2^n - 817 * 5,24,9
6 * 9 * 2^n - 271 * 5,24,9
6 * 11 * 2^n - 859 * 5,24,9
6 * 12 * 2^n - 331 * 5,24,9
6 * 14 * 2^n - 503 * 5,24,9
6 * 14 * 2^n - 761 * 5,24,9
6 * 22 * 2^n - 199 * 5,24,9
6 * 22 * 2^n - 761 * 5,24,9
6 * 23 * 2^n - 157 * 5,24,9
6 * 26 * 2^n - 37 * 5,24,9
6 * 27 * 2^n - 149 * 5,24,9
6 * 27 * 2^n - 205 * 5,24,9
6 * 27 * 2^n - 329 * 5,24,9
6 * 28 * 2^n - 149 * 5,24,9
6 * 28 * 2^n - 905 * 5,24,9
6 * 28 * 2^n - 971 * 5,24,9
6 * 29 * 2^n - 133 * 5,24,9
6 * 31 * 2^n - 259 * 5,24,9
6 * 32 * 2^n - 565 * 5,24,9
6 * 33 * 2^n - 637 * 5,24,9
6 * 33 * 2^n - 767 * 5,24,9
6 * 37 * 2^n - 371 * 5,24,9
6 * 38 * 2^n - 49 * 5,24,9
6 * 38 * 2^n - 107 * 5,24,9
6 * 38 * 2^n - 329 * 5,24,9
6 * 38 * 2^n - 469 * 5,24,9
6 * 38 * 2^n - 637 * 5,24,9
6 * 41 * 2^n - 319 * 5,24,9
6 * 41 * 2^n - 553 * 5,24,9
6 * 42 * 2^n - 13 * 5,24,9
6 * 42 * 2^n - 101 * 5,24,9
6 * 43 * 2^n - 7 * 5,24,9
6 * 42 * 2^n - 881 * 5,24,9
6 * 46 * 2^n - 271 * 5,24,9
6 * 47 * 2^n - 215 * 5,24,9
6 * 47 * 2^n - 529 * 5,24,9
6 * 49 * 2^n - 181 * 5,24,9
6 * 49 * 2^n - 233 * 5,24,9
6 * 49 * 2^n - 815 * 5,24,9
6 * 52 * 2^n - 127 * 5,24,9
6 * 52 * 2^n - 569 * 5,24,9
6 * 52 * 2^n - 847 * 5,24,9
6 * 53 * 2^n - 163 * 5,24,9
6 * 53 * 2^n - 349 * 5,24,9
6 * 54 * 2^n - 253 * 5,24,9
6 * 58 * 2^n - 89 * 5,24,9
6 * 56 * 2^n - 425 * 5,24,9
6 * 57 * 2^n - 553 * 5,24,9
6 * 58 * 2^n - 671 * 5,24,9
6 * 58 * 2^n - 967 * 5,24,9
6 * 62 * 2^n - 287 * 5,24,9
6 * 62 * 2^n - 497 * 5,24,9
6 * 62 * 2^n - 871 * 5,24,9
6 * 66 * 2^n - 701 * 5,24,9
6 * 66 * 2^n - 725 * 5,24,9
6 * 67 * 2^n - 859 * 5,24,9
6 * 69 * 2^n - 583 * 5,24,9
6 * 72 * 2^n - 427 * 5,24,9
6 * 72 * 2^n - 941 * 5,24,9
6 * 73 * 2^n - 385 * 5,24,9
6 * 73 * 2^n - 823 * 5,24,9
6 * 77 * 2^n - 13 * 5,24,9
6 * 74 * 2^n - 371 * 5,24,9
6 * 76 * 2^n - 203 * 5,24,9
6 * 77 * 2^n - 229 * 5,24,9
6 * 78 * 2^n - 563 * 5,24,9
6 * 79 * 2^n - 175 * 5,24,9
6 * 79 * 2^n - 971 * 5,24,9
6 * 81 * 2^n - 185 * 5,24,9
6 * 82 * 2^n - 319 * 5,24,9
6 * 82 * 2^n - 373 * 5,24,9
6 * 97 * 2^n - 7 * 5,24,9
6 * 83 * 2^n - 371 * 5,24,9
6 * 84 * 2^n - 379 * 5,24,9
6 * 84 * 2^n - 559 * 5,24,9
6 * 87 * 2^n - 247 * 5,24,9
6 * 87 * 2^n - 625 * 5,24,9
6 * 91 * 2^n - 659 * 5,24,9
6 * 92 * 2^n - 133 * 5,24,9
6 * 92 * 2^n - 137 * 5,24,9
6 * 93 * 2^n - 167 * 5,24,9
6 * 93 * 2^n - 923 * 5,24,9
6 * 96 * 2^n - 151 * 5,24,9
6 * 97 * 2^n - 671 * 5,24,9
6 * 101 * 2^n - 575 * 5,24,9
6 * 102 * 2^n - 245 * 5,24,9
6 * 103 * 2^n - 281 * 5,24,9
6 * 104 * 2^n - 35 * 5,24,9
6 * 104 * 2^n - 361 * 5,24,9
6 * 106 * 2^n - 161 * 5,24,9
6 * 106 * 2^n - 251 * 5,24,9
6 * 107 * 2^n - 257 * 5,24,9
6 * 107 * 2^n - 407 * 5,24,9
6 * 111 * 2^n - 85 * 5,24,9
6 * 112 * 2^n - 365 * 5,24,9
6 * 112 * 2^n - 905 * 5,24,9
6 * 113 * 2^n - 649 * 5,24,9
6 * 114 * 2^n - 635 * 5,24,9
6 * 116 * 2^n - 341 * 5,24,9
6 * 117 * 2^n - 67 * 5,24,9
6 * 117 * 2^n - 487 * 5,24,9
6 * 118 * 2^n - 553 * 5,24,9
6 * 119 * 2^n - 689 * 5,24,9
6 * 121 * 2^n - 131 * 5,24,9
6 * 122 * 2^n - 383 * 5,24,9
6 * 122 * 2^n - 827 * 5,24,9
6 * 123 * 2^n - 427 * 5,24,9
6 * 123 * 2^n - 839 * 5,24,9
6 * 126 * 2^n - 337 * 5,24,9
6 * 127 * 2^n - 17 * 5,24,9
6 * 127 * 2^n - 455 * 5,24,9
6 * 132 * 2^n - 763 * 5,24,9
6 * 133 * 2^n - 293 * 5,24,9
6 * 133 * 2^n - 943 * 5,24,9
6 * 134 * 2^n - 461 * 5,24,9
6 * 136 * 2^n - 37 * 5,24,9
6 * 137 * 2^n - 385 * 5,24,9
6 * 138 * 2^n - 305 * 5,24,9
6 * 138 * 2^n - 781 * 5,24,9
6 * 139 * 2^n - 275 * 5,24,9
6 * 141 * 2^n - 383 * 5,24,9
6 * 141 * 2^n - 397 * 5,24,9
6 * 141 * 2^n - 551 * 5,24,9
6 * 141 * 2^n - 637 * 5,24,9
6 * 142 * 2^n - 761 * 5,24,9
6 * 143 * 2^n - 469 * 5,24,9
6 * 143 * 2^n - 859 * 5,24,9
6 * 143 * 2^n - 977 * 5,24,9
6 * 144 * 2^n - 271 * 5,24,9
6 * 144 * 2^n - 593 * 5,24,9
6 * 146 * 2^n - 415 * 5,24,9
6 * 146 * 2^n - 491 * 5,24,9
6 * 147 * 2^n - 263 * 5,24,9
6 * 147 * 2^n - 673 * 5,24,9
6 * 148 * 2^n - 143 * 5,24,9
6 * 148 * 2^n - 271 * 5,24,9
6 * 148 * 2^n - 475 * 5,24,9
6 * 149 * 2^n - 5 * 5,24,9
6 * 149 * 2^n - 325 * 5,24,9
6 * 151 * 2^n - 521 * 5,24,9
6 * 152 * 2^n - 329 * 5,24,9
6 * 153 * 2^n - 263 * 5,24,9
6 * 153 * 2^n - 469 * 5,24,9
6 * 153 * 2^n - 869 * 5,24,9
6 * 154 * 2^n - 31 * 5,24,9
6 * 154 * 2^n - 535 * 5,24,9
6 * 154 * 2^n - 571 * 5,24,9
6 * 156 * 2^n - 17 * 5,24,9
6 * 156 * 2^n - 901 * 5,24,9
6 * 157 * 2^n - 617 * 5,24,9
6 * 158 * 2^n - 427 * 5,24,9
6 * 158 * 2^n - 647 * 5,24,9
6 * 159 * 2^n - 65 * 5,24,9
6 * 159 * 2^n - 743 * 5,24,9
6 * 161 * 2^n - 179 * 5,24,9
6 * 161 * 2^n - 451 * 5,24,9
6 * 161 * 2^n - 647 * 5,24,9
6 * 162 * 2^n - 269 * 5,24,9
6 * 163 * 2^n - 73 * 5,24,9
6 * 163 * 2^n - 133 * 5,24,9
6 * 164 * 2^n - 191 * 5,24,9
6 * 166 * 2^n - 49 * 5,24,9
6 * 166 * 2^n - 517 * 5,24,9
6 * 166 * 2^n - 637 * 5,24,9
6 * 166 * 2^n - 967 * 5,24,9
6 * 166 * 2^n - 989 * 5,24,9
6 * 167 * 2^n - 445 * 5,24,9
6 * 168 * 2^n - 101 * 5,24,9
6 * 171 * 2^n - 407 * 5,24,9
6 * 171 * 2^n - 473 * 5,24,9
6 * 172 * 2^n - 47 * 5,24,9
6 * 172 * 2^n - 649 * 5,24,9
6 * 173 * 2^n - 361 * 5,24,9
6 * 176 * 2^n - 761 * 5,24,9
6 * 178 * 2^n - 245 * 5,24,9
6 * 181 * 2^n - 83 * 5,24,9
6 * 182 * 2^n - 443 * 5,24,9
6 * 182 * 2^n - 841 * 5,24,9
6 * 182 * 2^n - 863 * 5,24,9
6 * 184 * 2^n - 553 * 5,24,9
6 * 184 * 2^n - 593 * 5,24,9
6 * 186 * 2^n - 335 * 5,24,9
6 * 186 * 2^n - 791 * 5,24,9
6 * 187 * 2^n - 203 * 5,24,9
6 * 187 * 2^n - 779 * 5,24,9
6 * 188 * 2^n - 581 * 5,24,9
6 * 189 * 2^n - 13 * 5,24,9
6 * 189 * 2^n - 59 * 5,24,9
6 * 189 * 2^n - 829 * 5,24,9
6 * 192 * 2^n - 935 * 5,24,9
6 * 196 * 2^n - 169 * 5,24,9
6 * 197 * 2^n - 115 * 5,24,9
6 * 197 * 2^n - 461 * 5,24,9
6 * 198 * 2^n - 257 * 5,24,9
6 * 198 * 2^n - 661 * 5,24,9
6 * 199 * 2^n - 569 * 5,24,9
6 * 201 * 2^n - 209 * 5,24,9
6 * 201 * 2^n - 497 * 5,24,9
6 * 202 * 2^n - 583 * 5,24,9
6 * 203 * 2^n - 263 * 5,24,9
6 * 203 * 2^n - 475 * 5,24,9
6 * 203 * 2^n - 569 * 5,24,9
6 * 206 * 2^n - 329 * 5,24,9
6 * 207 * 2^n - 497 * 5,24,9
6 * 207 * 2^n - 539 * 5,24,9
6 * 207 * 2^n - 605 * 5,24,9
6 * 207 * 2^n - 721 * 5,24,9
6 * 207 * 2^n - 857 * 5,24,9
6 * 208 * 2^n - 413 * 5,24,9
6 * 208 * 2^n - 889 * 5,24,9
6 * 211 * 2^n - 713 * 5,24,9
6 * 212 * 2^n - 161 * 5,24,9
6 * 213 * 2^n - 197 * 5,24,9
6 * 213 * 2^n - 515 * 5,24,9
6 * 214 * 2^n - 245 * 5,24,9
6 * 214 * 2^n - 551 * 5,24,9
6 * 214 * 2^n - 931 * 5,24,9
6 * 217 * 2^n - 337 * 5,24,9
6 * 217 * 2^n - 449 * 5,24,9
6 * 218 * 2^n - 13 * 5,24,9
6 * 218 * 2^n - 733 * 5,24,9
6 * 219 * 2^n - 787 * 5,24,9
6 * 223 * 2^n - 167 * 5,24,9
6 * 224 * 2^n - 563 * 5,24,9
6 * 224 * 2^n - 893 * 5,24,9
6 * 227 * 2^n - 1 * 5,24,9
6 * 227 * 2^n - 407 * 5,24,9
6 * 227 * 2^n - 715 * 5,24,9
6 * 227 * 2^n - 847 * 5,24,9
6 * 227 * 2^n - 917 * 5,24,9
6 * 229 * 2^n - 347 * 5,24,9
6 * 232 * 2^n - 19 * 5,24,9
6 * 233 * 2^n - 13 * 5,24,9
6 * 236 * 2^n - 827 * 5,24,9
6 * 238 * 2^n - 233 * 5,24,9
6 * 238 * 2^n - 235 * 5,24,9
6 * 239 * 2^n - 133 * 5,24,9
6 * 239 * 2^n - 223 * 5,24,9
6 * 239 * 2^n - 889 * 5,24,9
6 * 241 * 2^n - 715 * 5,24,9
6 * 243 * 2^n - 79 * 5,24,9
6 * 243 * 2^n - 457 * 5,24,9
6 * 244 * 2^n - 907 * 5,24,9
6 * 246 * 2^n - 13 * 5,24,9
6 * 246 * 2^n - 299 * 5,24,9
6 * 246 * 2^n - 529 * 5,24,9
6 * 246 * 2^n - 839 * 5,24,9
6 * 247 * 2^n - 115 * 5,24,9
6 * 247 * 2^n - 131 * 5,24,9
6 * 248 * 2^n - 991 * 5,24,9
6 * 249 * 2^n - 733 * 5,24,9
6 * 251 * 2^n - 935 * 5,24,9
6 * 252 * 2^n - 397 * 5,24,9
6 * 253 * 2^n - 151 * 5,24,9
6 * 253 * 2^n - 271 * 5,24,9
2 * 3 * 4 * 2^n - 23 * 5,24,9
2 * 3 * 57 * 2^n - 37 * 5,24,9
2 * 3 * 63 * 2^n - 31 * 5,24,9
2 * 3 * 93 * 2^n - 5 * 5,24,9
421437 * 5 * 2^n - 1,24,9
6856527 * 5 * 2^n + 1,24,9
5 * 2^(n - 5) - 3,24,9
(1 + 19) * 2^(n - 47 + 1) - (2 + 1),24,9
(2) * 3 * 11 * 2 * 2 * 2^n - 13 * 5 * 2011,24,9
(2) * 3 * 11 * 2 * 2 * 2^n - 13 * 5 * 7823,24,9
(2) * 3 * 11 * 2 * 3 * 2^n - 13 * 5 * 2393,24,9
(2) * 3 * 11 * 2 * 7489 * 2^n - 13 * 5 * 139,24,9
(2) * 3 * 11 * 2 * 1361 * 2^n - 13 * 5 * 2767,24,9
(2) * 3 * 11 * 2 * 6709 * 2^n - 13 * 5 * 1693,24,9
(2) * 3 * 11 * 2 * 7963 * 2^n - 13 * 5 * 3803,24,9
(2) * 3 * 11 * 2 * 2837 * 2^n - 13 * 5 * 7351,24,9
(2) * 3 * 11 * 2 * 3041 * 2^n - 13 * 5 * 5087,24,9
(2) * 3 * 11 * 2 * 8641 * 2^n - 13 * 5 * 9043,24,9
(2) * 3 * 11 * 2 * 9851 * 2^n - 13 * 5 * 3313,24,9
(2) * 3 * 11 * 2 * 222 * 2^n - 13 * 5 * 311,24,9
(2) * 3 * 11 * 2 * 194 * 2^n - 13 * 5 * 73,24,9
(2) * 3 * 11 * 2 * 236 * 2^n - 13 * 5 * 169,24,9
(2) * 3 * 11 * 2 * 4 * 2^n - 13 * 5 * 65,24,9
(2) * 3 * 11 * 2 * 1 * 2^n - 13 * 5 * 53,24,9
(2) * 3 * 11 * 2 * 9 * 2^n - 13 * 5 * 301,24,9
(2) * 3 * 11 * 2 * 12 * 2^n - 13 * 5 * 85,24,9
(2) * 3 * 11 * 2 * 14 * 2^n - 13 * 5 * 47,24,9
(2) * 3 * 11 * 2 * 16 * 2^n - 13 * 5 * 65,24,9
(2) * 3 * 11 * 2 * 17 * 2^n - 13 * 5 * 163,24,9
(2) * 3 * 11 * 2 * 7 * 2^n - 13 * 5 * 83,24,9
(2) * 3 * 11 * 2 * 11 * 2^n - 13 * 5 * 137,24,9
(2) * 3 * 11 * 2 * 23 * 2^n - 13 * 5 * 59,24,9
(2) * 3 * 11 * 2 * 41 * 2^n - 13 * 5 * 71,24,9
(2) * 3 * 11 * 2 * 67 * 2^n - 13 * 5 * 103,24,9
(2) * 3 * 11 * 2 * 83 * 2^n - 13 * 5 * 37,24,9
(2) * 3 * 11 * 2 * 83 * 2^n - 13 * 5 * 103,24,9
(2) * 3 * 11 * 2 * 137 * 2^n - 13 * 5 * 191,24,9
(2) * 3 * 11 * 2 * 151 * 2^n - 13 * 5 * 107,24,9
2 * 3 * 1 * 2^n - 101 * 5,24,9
(2) * 3 * 11 * 2 * 109 * 3 * 2^n - 13 * 5 * 193 * 233,24,9
(2) * 3 * 11 * 2 * 109 * 7 * 2^n - 13 * 5 * 193 * 733,24,9
(2) * 3 * 11 * 2 * 109 * 19 * 2^n - 13 * 5 * 193 * 59,24,9
(2) * 3 * 11 * 2 * 109 * 23 * 2^n - 13 * 5 * 193 * 127,24,9
(2) * 3 * 11 * 2 * 109 * 31 * 2^n - 13 * 5 * 193 * 37,24,9
5 * 13 * 3^n + 2 * 82,24,9
5 * 17 * 3^n + 2 * 4,24,9
5 * 41 * 3^n + 2 * 26,24,9
3216 * 2^n - 1,24,9
3591 * 2^n - 1,24,9
3660 * 2^n - 1,24,9
3021 * 2^n + 1,24,9
6042 * 2^n + 1,24,9
4170 * 2^n - 1,24,9
7701 * 2^n - 1,24,9
8133 * 2^n - 1,24,9
1 + 2^n + 8,24,9
2^n + 9,24,9
2^n + 5323 * 5,24,9
2^n + 9909 * 5,24,9
2^n + 11019 * 5,24,9
2^n + 13863 * 5,24,9
2^n + 15075 * 5,24,9
2^n + 15559 * 5,24,9
2^n + 15715 * 5,24,9
2^n * 211245 - 1,24,9
2^n * 460866 - 1,24,9
2^n * 148230 - 1,24,9
2^n * 78981 - 1,24,9
2^n * 85539 - 1,24,9
2^n * 19120 - 1,24,9
2^n * 15141 - 1,24,9
2^n * 58701 - 1,24,9
2^n * 31275 - 1,24,9
2^n * 56616 - 1,24,9
2^n * 83040 - 1,24,9
2^n * 7701 - 1,24,9
2^n - 77889,24,9
2^n - 79425,24,9
2^n - 81735,24,9
2^n - 82269,24,9
2^n - 91959,24,9
2^n - 93019,24,9
2^n - 96369,24,9
2^n - 369,24,9
2^n - 3951,24,9
2^n - 6579,24,9
2^n - 17029,24,9
2^n - 22791,24,9
2^n - 32361,24,9
2^n - 32569,24,9
2^n - 35061,24,9
2^n - 36685,24,9
2^n - 40885,24,9
2^n - 45555,24,9
2^n - 56385,24,9
2^n - 61561,24,9
2^n - 68649,24,9
2^n - 5 * 27183,24,9
2^n * 33 + 905,24,9
2^n * 33 + 1865,24,9
2^n * 33 + 4927,24,9
3^n * 4 + 13 * 2^n + 21,24,9
3^n * 5 + 25 * 2^n + 18,24,9
3^n * 7 + 7 * 2^n + 12,24,9
3^n * 8 + 4 * 2^n + 15,24,9
3^n * 16 + 12 * 2^n + 1,24,9
3^n * 20 + 15 * 2^n - 1,24,9
2^n + 3021 * 5,23,9
2^n + 2811 * 5,23,9
2^n + 2517 * 5,23,9
2^n + 2079 * 5,23,9
2 * 3 * 4 * 2^n - 7 * 5,23,9
6 * 24 * 2^n - 47 * 5,23,9
6 * 12 * 2^n - 53 * 5,23,9
6 * 26 * 2^n - 55 * 5,23,9
6 * 53 * 2^n - 49 * 5,23,9
6 * 61 * 2^n - 83 * 5,23,9
6 * 64 * 2^n - 61 * 5,23,9
6 * 24 * 2^n - 1 * 5,23,9
6 * 8 * 2^n - 97 * 5,23,9
6 * 32 * 2^n - 97 * 5,23,9
6 * 87 * 2^n - 35 * 5,23,9
6 * 46 * 2^n - 89 * 5,23,9
6 * 1 * 2^n - 101 * 5,23,9
6 * 2 * 2^n - 101 * 5,23,9
6 * 2 * 2^n - 391 * 5,23,9
6 * 2 * 2^n - 829 * 5,23,9
6 * 4 * 2^n - 79 * 5,23,9
6 * 7 * 2^n - 37 * 5,23,9
6 * 7 * 2^n - 565 * 5,23,9
6 * 8 * 2^n - 811 * 5,23,9
6 * 9 * 2^n - 581 * 5,23,9
6 * 9 * 2^n - 691 * 5,23,9
6 * 9 * 2^n - 845 * 5,23,9
6 * 11 * 2^n - 301 * 5,23,9
6 * 11 * 2^n - 343 * 5,23,9
6 * 12 * 2^n - 263 * 5,23,9
6 * 12 * 2^n - 305 * 5,23,9
6 * 12 * 2^n - 485 * 5,23,9
6 * 12 * 2^n - 601 * 5,23,9
6 * 13 * 2^n - 413 * 5,23,9
6 * 14 * 2^n - 437 * 5,23,9
6 * 14 * 2^n - 925 * 5,23,9
6 * 21 * 2^n - 383 * 5,23,9
6 * 21 * 2^n - 505 * 5,23,9
6 * 21 * 2^n - 641 * 5,23,9
6 * 26 * 2^n - 191 * 5,23,9
6 * 26 * 2^n - 443 * 5,23,9
6 * 27 * 2^n - 127 * 5,23,9
6 * 27 * 2^n - 631 * 5,23,9
6 * 29 * 2^n - 949 * 5,23,9
6 * 32 * 2^n - 493 * 5,23,9
6 * 32 * 2^n - 749 * 5,23,9
6 * 37 * 2^n - 299 * 5,23,9
6 * 37 * 2^n - 635 * 5,23,9
6 * 37 * 2^n - 761 * 5,23,9
6 * 38 * 2^n - 127 * 5,23,9
6 * 38 * 2^n - 217 * 5,23,9
6 * 38 * 2^n - 359 * 5,23,9
6 * 39 * 2^n - 985 * 5,23,9
6 * 41 * 2^n - 11 * 5,23,9
6 * 42 * 2^n - 163 * 5,23,9
6 * 42 * 2^n - 187 * 5,23,9
6 * 42 * 2^n - 265 * 5,23,9
6 * 44 * 2^n - 443 * 5,23,9
6 * 47 * 2^n - 923 * 5,23,9
6 * 48 * 2^n - 113 * 5,23,9
6 * 48 * 2^n - 455 * 5,23,9
6 * 48 * 2^n - 505 * 5,23,9
6 * 48 * 2^n - 695 * 5,23,9
6 * 49 * 2^n - 725 * 5,23,9
6 * 49 * 2^n - 907 * 5,23,9
6 * 51 * 2^n - 779 * 5,23,9
6 * 52 * 2^n - 485 * 5,23,9
6 * 54 * 2^n - 323 * 5,23,9
6 * 54 * 2^n - 421 * 5,23,9
6 * 56 * 2^n - 373 * 5,23,9
6 * 56 * 2^n - 485 * 5,23,9
6 * 56 * 2^n - 589 * 5,23,9
6 * 57 * 2^n - 847 * 5,23,9
6 * 58 * 2^n - 769 * 5,23,9
6 * 63 * 2^n - 719 * 5,23,9
6 * 64 * 2^n - 209 * 5,23,9
6 * 64 * 2^n - 283 * 5,23,9
6 * 67 * 2^n - 539 * 5,23,9
6 * 67 * 2^n - 937 * 5,23,9
6 * 69 * 2^n - 977 * 5,23,9
6 * 71 * 2^n - 101 * 5,23,9
6 * 72 * 2^n - 185 * 5,23,9
6 * 72 * 2^n - 791 * 5,23,9
6 * 72 * 2^n - 829 * 5,23,9
6 * 73 * 2^n - 683 * 5,23,9
6 * 76 * 2^n - 191 * 5,23,9
6 * 77 * 2^n - 101 * 5,23,9
6 * 77 * 2^n - 817 * 5,23,9
6 * 79 * 2^n - 637 * 5,23,9
6 * 79 * 2^n - 685 * 5,23,9
6 * 81 * 2^n - 329 * 5,23,9
6 * 82 * 2^n - 721 * 5,23,9
6 * 93 * 2^n - 1 * 5,23,9
6 * 83 * 2^n - 125 * 5,23,9
6 * 83 * 2^n - 389 * 5,23,9
6 * 84 * 2^n - 265 * 5,23,9
6 * 84 * 2^n - 383 * 5,23,9
6 * 84 * 2^n - 619 * 5,23,9
6 * 84 * 2^n - 839 * 5,23,9
6 * 84 * 2^n - 907 * 5,23,9
6 * 86 * 2^n - 343 * 5,23,9
6 * 87 * 2^n - 113 * 5,23,9
6 * 88 * 2^n - 493 * 5,23,9
6 * 88 * 2^n - 637 * 5,23,9
6 * 91 * 2^n - 335 * 5,23,9
6 * 92 * 2^n - 469 * 5,23,9
6 * 92 * 2^n - 761 * 5,23,9
6 * 93 * 2^n - 227 * 5,23,9
6 * 93 * 2^n - 791 * 5,23,9
6 * 96 * 2^n - 305 * 5,23,9
6 * 96 * 2^n - 697 * 5,23,9
6 * 97 * 2^n - 281 * 5,23,9
6 * 97 * 2^n - 959 * 5,23,9
6 * 98 * 2^n - 289 * 5,23,9
6 * 98 * 2^n - 725 * 5,23,9
6 * 98 * 2^n - 857 * 5,23,9
6 * 101 * 2^n - 23 * 5,23,9
6 * 102 * 2^n - 235 * 5,23,9
6 * 103 * 2^n - 277 * 5,23,9
6 * 106 * 2^n - 5 * 5,23,9
6 * 106 * 2^n - 95 * 5,23,9
6 * 108 * 2^n - 637 * 5,23,9
6 * 108 * 2^n - 743 * 5,23,9
6 * 112 * 2^n - 83 * 5,23,9
6 * 112 * 2^n - 389 * 5,23,9
6 * 112 * 2^n - 949 * 5,23,9
6 * 114 * 2^n - 227 * 5,23,9
6 * 114 * 2^n - 559 * 5,23,9
6 * 118 * 2^n - 113 * 5,23,9
6 * 118 * 2^n - 121 * 5,23,9
6 * 118 * 2^n - 127 * 5,23,9
6 * 121 * 2^n - 731 * 5,23,9
6 * 121 * 2^n - 817 * 5,23,9
6 * 123 * 2^n - 115 * 5,23,9
6 * 124 * 2^n - 559 * 5,23,9
6 * 124 * 2^n - 959 * 5,23,9
6 * 127 * 2^n - 439 * 5,23,9
6 * 127 * 2^n - 521 * 5,23,9
6 * 128 * 2^n - 97 * 5,23,9
6 * 128 * 2^n - 101 * 5,23,9
6 * 128 * 2^n - 203 * 5,23,9
6 * 128 * 2^n - 829 * 5,23,9
6 * 129 * 2^n - 875 * 5,23,9
6 * 131 * 2^n - 287 * 5,23,9
6 * 131 * 2^n - 737 * 5,23,9
6 * 132 * 2^n - 325 * 5,23,9
6 * 133 * 2^n - 139 * 5,23,9
6 * 133 * 2^n - 419 * 5,23,9
6 * 133 * 2^n - 583 * 5,23,9
6 * 134 * 2^n - 11 * 5,23,9
6 * 136 * 2^n - 107 * 5,23,9
6 * 137 * 2^n - 349 * 5,23,9
6 * 137 * 2^n - 581 * 5,23,9
6 * 139 * 2^n - 935 * 5,23,9
6 * 142 * 2^n - 269 * 5,23,9
6 * 142 * 2^n - 425 * 5,23,9
6 * 142 * 2^n - 901 * 5,23,9
6 * 144 * 2^n - 191 * 5,23,9
6 * 144 * 2^n - 845 * 5,23,9
6 * 147 * 2^n - 79 * 5,23,9
6 * 147 * 2^n - 337 * 5,23,9
6 * 148 * 2^n - 409 * 5,23,9
6 * 148 * 2^n - 811 * 5,23,9
6 * 149 * 2^n - 397 * 5,23,9
6 * 151 * 2^n - 517 * 5,23,9
6 * 151 * 2^n - 551 * 5,23,9
6 * 151 * 2^n - 619 * 5,23,9
6 * 153 * 2^n - 191 * 5,23,9
6 * 153 * 2^n - 521 * 5,23,9
6 * 153 * 2^n - 907 * 5,23,9
6 * 154 * 2^n - 13 * 5,23,9
6 * 154 * 2^n - 731 * 5,23,9
6 * 156 * 2^n - 995 * 5,23,9
6 * 158 * 2^n - 385 * 5,23,9
6 * 158 * 2^n - 455 * 5,23,9
6 * 158 * 2^n - 761 * 5,23,9
6 * 159 * 2^n - 217 * 5,23,9
6 * 159 * 2^n - 707 * 5,23,9
6 * 162 * 2^n - 55 * 5,23,9
6 * 163 * 2^n - 229 * 5,23,9
6 * 166 * 2^n - 907 * 5,23,9
6 * 167 * 2^n - 799 * 5,23,9
6 * 168 * 2^n - 187 * 5,23,9
6 * 168 * 2^n - 263 * 5,23,9
6 * 168 * 2^n - 619 * 5,23,9
6 * 173 * 2^n - 203 * 5,23,9
6 * 173 * 2^n - 347 * 5,23,9
6 * 174 * 2^n - 167 * 5,23,9
6 * 174 * 2^n - 539 * 5,23,9
6 * 176 * 2^n - 973 * 5,23,9
6 * 177 * 2^n - 115 * 5,23,9
6 * 177 * 2^n - 713 * 5,23,9
6 * 177 * 2^n - 815 * 5,23,9
6 * 178 * 2^n - 455 * 5,23,9
6 * 178 * 2^n - 743 * 5,23,9
6 * 179 * 2^n - 211 * 5,23,9
6 * 179 * 2^n - 637 * 5,23,9
6 * 181 * 2^n - 319 * 5,23,9
6 * 181 * 2^n - 767 * 5,23,9
6 * 182 * 2^n - 491 * 5,23,9
6 * 182 * 2^n - 925 * 5,23,9
6 * 182 * 2^n - 991 * 5,23,9
6 * 183 * 2^n - 319 * 5,23,9
6 * 184 * 2^n - 469 * 5,23,9
6 * 186 * 2^n - 971 * 5,23,9
6 * 189 * 2^n - 643 * 5,23,9
6 * 189 * 2^n - 769 * 5,23,9
6 * 191 * 2^n - 521 * 5,23,9
6 * 191 * 2^n - 685 * 5,23,9
6 * 197 * 2^n - 209 * 5,23,9
6 * 198 * 2^n - 595 * 5,23,9
6 * 198 * 2^n - 677 * 5,23,9
6 * 198 * 2^n - 811 * 5,23,9
6 * 198 * 2^n - 833 * 5,23,9
6 * 201 * 2^n - 247 * 5,23,9
6 * 201 * 2^n - 907 * 5,23,9
6 * 203 * 2^n - 241 * 5,23,9
6 * 204 * 2^n - 235 * 5,23,9
6 * 204 * 2^n - 253 * 5,23,9
6 * 204 * 2^n - 269 * 5,23,9
6 * 206 * 2^n - 37 * 5,23,9
6 * 206 * 2^n - 821 * 5,23,9
6 * 208 * 2^n - 641 * 5,23,9
6 * 208 * 2^n - 995 * 5,23,9
6 * 212 * 2^n - 979 * 5,23,9
6 * 213 * 2^n - 61 * 5,23,9
6 * 214 * 2^n - 923 * 5,23,9
6 * 216 * 2^n - 385 * 5,23,9
6 * 216 * 2^n - 421 * 5,23,9
6 * 217 * 2^n - 515 * 5,23,9
6 * 217 * 2^n - 565 * 5,23,9
6 * 217 * 2^n - 583 * 5,23,9
6 * 217 * 2^n - 649 * 5,23,9
6 * 218 * 2^n - 601 * 5,23,9
6 * 219 * 2^n - 307 * 5,23,9
6 * 222 * 2^n - 209 * 5,23,9
6 * 222 * 2^n - 641 * 5,23,9
6 * 226 * 2^n - 245 * 5,23,9
6 * 227 * 2^n - 595 * 5,23,9
6 * 228 * 2^n - 923 * 5,23,9
6 * 229 * 2^n - 191 * 5,23,9
6 * 233 * 2^n - 143 * 5,23,9
6 * 234 * 2^n - 35 * 5,23,9
6 * 236 * 2^n - 533 * 5,23,9
6 * 236 * 2^n - 931 * 5,23,9
6 * 237 * 2^n - 739 * 5,23,9
6 * 239 * 2^n - 77 * 5,23,9
6 * 239 * 2^n - 811 * 5,23,9
6 * 241 * 2^n - 385 * 5,23,9
6 * 242 * 2^n - 217 * 5,23,9
6 * 242 * 2^n - 683 * 5,23,9
6 * 243 * 2^n - 769 * 5,23,9
6 * 243 * 2^n - 919 * 5,23,9
6 * 244 * 2^n - 575 * 5,23,9
6 * 251 * 2^n - 833 * 5,23,9
6 * 252 * 2^n - 353 * 5,23,9
6 * 252 * 2^n - 589 * 5,23,9
6 * 252 * 2^n - 919 * 5,23,9
2 * 3 * 17 * 2^n - 5 * 5,23,9
2 * 3 * 32 * 2^n - 37 * 5,23,9
2 * 3 * 33 * 2^n - 97 * 5,23,9
2 * 3 * 51 * 2^n - 95 * 5,23,9
2 * 3 * 56 * 2^n - 11 * 5,23,9
2 * 3 * 58 * 2^n - 7 * 5,23,9
2 * 3 * 67 * 2^n - 65 * 5,23,9
2 * 3 * 19 * 66 * 2^n - 25 * 5,23,9
5174085 * 5 * 2^n - 1,23,9
304986 * 5 * 2^n - 1,23,9
3 * 2^n - 3677,23,9
5 * 2^(n - 41) - 3,23,9
(1 + 1) * 2^(n - 1 + 1) - (2 + 1),23,9
(1 + 1) * 2^(n - 9 + 1) - (2 + 1),23,9
(1 + 2) * 2^(n - 5 + 1) - (4 + 1),23,9
(1 + 3) * 2^(n - 2 + 1) - (2 + 1),23,9
(1 + 3) * 2^(n - 10 + 1) - (2 + 1),23,9
(1 + 5) * 2^(n - 6 + 1) - (4 + 1),23,9
(1 + 7) * 2^(n - 1 + 1) - (2 + 1),23,9
(1 + 7) * 2^(n - 3 + 1) - (2 + 1),23,9
(1 + 7) * 2^(n - 11 + 1) - (2 + 1),23,9
(2) * 3 * 11 * 2 * 2 * 2^n - 13 * 5 * 9227,23,9
(2) * 3 * 11 * 2 * 3 * 2^n - 13 * 5 * 3251,23,9
(2) * 3 * 11 * 2 * 6089 * 2^n - 13 * 5 * 6199,23,9
(2) * 3 * 11 * 2 * 2417 * 2^n - 13 * 5 * 349,23,9
(2) * 3 * 11 * 2 * 7459 * 2^n - 13 * 5 * 3931,23,9
(2) * 3 * 11 * 2 * 9419 * 2^n - 13 * 5 * 431,23,9
(2) * 3 * 11 * 2 * 9491 * 2^n - 13 * 5 * 4483,23,9
(2) * 3 * 11 * 2 * 2347 * 2^n - 13 * 5 * 2683,23,9
(2) * 3 * 11 * 2 * 9 * 2^n - 13 * 5 * 175,23,9
(2) * 3 * 11 * 2 * 17 * 2^n - 13 * 5 * 269,23,9
(2) * 3 * 11 * 2 * 37 * 2^n - 13 * 5 * 139,23,9
(2) * 3 * 11 * 2 * 43 * 2^n - 13 * 5 * 199,23,9
(2) * 3 * 11 * 2 * 71 * 2^n - 13 * 5 * 31,23,9
(2) * 3 * 11 * 2 * 89 * 2^n - 13 * 5 * 181,23,9
(2) * 3 * 11 * 2 * 103 * 2^n - 13 * 5 * 127,23,9
(2) * 3 * 11 * 2 * 103 * 2^n - 13 * 5 * 197,23,9
(2) * 3 * 11 * 2 * 107 * 2^n - 13 * 5 * 97,23,9
(2) * 3 * 11 * 2 * 167 * 2^n - 13 * 5 * 47,23,9
6 * 65204 * 2^n - 36523 * 5,23,9
6 * 34109 * 2^n - 38309 * 5,23,9
(2) * 3 * 11 * 2 * 109 * 17 * 2^n - 13 * 5 * 193 * 173,23,9
(2) * 3 * 11 * 2 * 109 * 29 * 2^n - 13 * 5 * 193 * 269,23,9
5 * 27 * 3^n + 2 * 76,23,9
5 * 35 * 3^n + 2 * 61,23,9
5 * 51 * 3^n + 2 * 37,23,9
15 * 2^n - 1,23,9
936 * 2^n - 1,23,9
2205 * 2^n - 1,23,9
527376 * 5 * 2^n - 1,23,9
438609 * 5 * 2^n - 1,23,9
644273 * 5 * 2^n - 1,23,9
1179 * 2^n + 1,23,9
2349 * 2^n + 1,23,9
2675 * 2^n + 1,23,9
3000 * 2^n + 1,23,9
3906 * 2^n + 1,23,9
5580 * 2^n + 1,23,9
5655 * 2^n + 1,23,9
5265 * 2^n - 1,23,9
7776 * 2^n - 1,23,9
7965 * 2^n - 1,23,9
3^n + 770,23,9
2^n + 2307 * 5,23,9
2^n + 4303 * 5,23,9
2^n + 7201 * 5,23,9
2^n + 9807 * 5,23,9
2^n + 11667 * 5,23,9
2^n + 11883 * 5,23,9
2^n + 12597 * 5,23,9
2^n + 13017 * 5,23,9
2^n + 14607 * 5,23,9
2^n + 15319 * 5,23,9
2^n + 613467 * n * 5,23,9
3^n + 490 * n * 5,23,9
4^n - 57 * 69,23,9
4^n - 69 * 57,23,9
2^n * 505389 - 1,23,9
2^n * 573621 - 1,23,9
2^n * 188145 - 1,23,9
2^n * 312114 - 1,23,9
2^n * 353046 - 1,23,9
2^n * 218091 - 1,23,9
2^n * 974889 - 1,23,9
2^n * 510840 - 1,23,9
2^n * 7776 - 1,23,9
2^n * 245976 - 1,23,9
2^n * 21154 - 1,23,9
2^n * 13215 - 1,23,9
2^n * 18451 - 1,23,9
2^n * 15651 - 1,23,9
2^n * 44499 - 1,23,9
2^n * 71421 - 1,23,9
2^n * 26326 - 1,23,9
2^n - 15729,23,9
2^n - 30589,23,9
2^n - 40755,23,9
2^n - 59295,23,9
2^n - 79135,23,9
2^n - 79785,23,9
2^n - 80149,23,9
2^n - 91839,23,9
2^n - 1065,23,9
2^n - 15345,23,9
2^n - 14931,23,9
2^n - 19869,23,9
2^n - 26655,23,9
2^n - 27069,23,9
2^n - 28945,23,9
2^n - 31491,23,9
2^n - 36237,23,9
2^n - 37519,23,9
2^n - 38199,23,9
2^n - 40221,23,9
2^n - 48499,23,9
2^n - 60891,23,9
2^n - 61869,23,9
2^n - 67059,23,9
2^n * 33 + 83,23,9
2^n * 33 + 193,23,9
2^n * 33 + 917,23,9
2^n * 33 + 1027,23,9
2^n * 33 + 2257,23,9
2^n * 33 + 2957,23,9
2^n * 33 + 3367,23,9
2^n * 33 + 5437,23,9
3^n * 1 + 7 * 2^n + 24,23,9
3^n * 3 + 14 * 2^n + 24,23,9
3^n * 10 + 20 * 2^n + 9,23,9
3^n * 16 + 18 * 2^n + 17,23,9
3^n * 24 + 6 * 2^n + 23,23,9
3^n * 26 + 12 * 2^n + 29,23,9
3^n * 38 + 27 * 2^n - 1,23,9
3^n * 68 + 33 * 2^n - 1,23,9
3^n * 84 + 33 * 2^n - 1,23,9
2^n + 7977 * 5,22,9
2^n + 7779 * 5,22,9
2^n + 7195 * 5,22,9
2^n + 6877 * 5,22,9
2^n + 6843 * 5,22,9
2^n + 6705 * 5,22,9
2^n + 4167 * 5,22,9
2^n + 4765 * 5,22,9
2^n + 3147 * 5,22,9
2^n + 2449 * 5,22,9
2 * 3 * 7 * 2^n - 5 * 5,22,9
6 * 27 * 2^n - 95 * 5,22,9
6 * 44 * 2^n - 83 * 5,22,9
6 * 71 * 2^n - 89 * 5,22,9
6 * 4 * 2^n - 65 * 5,22,9
6 * 52 * 2^n - 25 * 5,22,9
6 * 99 * 2^n - 7 * 5,22,9
6 * 4 * 2^n - 601 * 5,22,9
6 * 9 * 2^n - 61 * 5,22,9
6 * 17 * 2^n - 589 * 5,22,9
6 * 18 * 2^n - 605 * 5,22,9
6 * 19 * 2^n - 301 * 5,22,9
6 * 19 * 2^n - 725 * 5,22,9
6 * 21 * 2^n - 691 * 5,22,9
6 * 22 * 2^n - 257 * 5,22,9
6 * 22 * 2^n - 431 * 5,22,9
6 * 22 * 2^n - 689 * 5,22,9
6 * 23 * 2^n - 481 * 5,22,9
6 * 24 * 2^n - 613 * 5,22,9
6 * 26 * 2^n - 613 * 5,22,9
6 * 28 * 2^n - 349 * 5,22,9
6 * 28 * 2^n - 379 * 5,22,9
6 * 28 * 2^n - 883 * 5,22,9
6 * 31 * 2^n - 877 * 5,22,9
6 * 34 * 2^n - 259 * 5,22,9
6 * 34 * 2^n - 743 * 5,22,9
6 * 36 * 2^n - 61 * 5,22,9
6 * 36 * 2^n - 259 * 5,22,9
6 * 37 * 2^n - 857 * 5,22,9
6 * 41 * 2^n - 149 * 5,22,9
6 * 42 * 2^n - 523 * 5,22,9
6 * 42 * 2^n - 677 * 5,22,9
6 * 43 * 2^n - 685 * 5,22,9
6 * 44 * 2^n - 421 * 5,22,9
6 * 49 * 2^n - 347 * 5,22,9
6 * 51 * 2^n - 419 * 5,22,9
6 * 51 * 2^n - 761 * 5,22,9
6 * 52 * 2^n - 583 * 5,22,9
6 * 53 * 2^n - 863 * 5,22,9
6 * 56 * 2^n - 157 * 5,22,9
6 * 56 * 2^n - 433 * 5,22,9
6 * 58 * 2^n - 245 * 5,22,9
6 * 62 * 2^n - 539 * 5,22,9
6 * 62 * 2^n - 547 * 5,22,9
6 * 63 * 2^n - 197 * 5,22,9
6 * 63 * 2^n - 533 * 5,22,9
6 * 64 * 2^n - 601 * 5,22,9
6 * 66 * 2^n - 365 * 5,22,9
6 * 67 * 2^n - 467 * 5,22,9
6 * 67 * 2^n - 635 * 5,22,9
6 * 68 * 2^n - 575 * 5,22,9
6 * 68 * 2^n - 727 * 5,22,9
6 * 71 * 2^n - 409 * 5,22,9
6 * 71 * 2^n - 895 * 5,22,9
6 * 71 * 2^n - 941 * 5,22,9
6 * 72 * 2^n - 619 * 5,22,9
6 * 73 * 2^n - 215 * 5,22,9
6 * 73 * 2^n - 529 * 5,22,9
6 * 73 * 2^n - 533 * 5,22,9
6 * 77 * 2^n - 337 * 5,22,9
6 * 79 * 2^n - 731 * 5,22,9
6 * 81 * 2^n - 671 * 5,22,9
6 * 82 * 2^n - 337 * 5,22,9
6 * 83 * 2^n - 209 * 5,22,9
6 * 86 * 2^n - 619 * 5,22,9
6 * 86 * 2^n - 691 * 5,22,9
6 * 87 * 2^n - 173 * 5,22,9
6 * 87 * 2^n - 385 * 5,22,9
6 * 91 * 2^n - 229 * 5,22,9
6 * 94 * 2^n - 119 * 5,22,9
6 * 94 * 2^n - 511 * 5,22,9
6 * 97 * 2^n - 329 * 5,22,9
6 * 98 * 2^n - 929 * 5,22,9
6 * 99 * 2^n - 455 * 5,22,9
6 * 99 * 2^n - 797 * 5,22,9
6 * 101 * 2^n - 233 * 5,22,9
6 * 101 * 2^n - 481 * 5,22,9
6 * 102 * 2^n - 853 * 5,22,9
6 * 103 * 2^n - 893 * 5,22,9
6 * 104 * 2^n - 623 * 5,22,9
6 * 107 * 2^n - 335 * 5,22,9
6 * 108 * 2^n - 467 * 5,22,9
6 * 108 * 2^n - 611 * 5,22,9
6 * 108 * 2^n - 803 * 5,22,9
6 * 109 * 2^n - 269 * 5,22,9
6 * 111 * 2^n - 305 * 5,22,9
6 * 111 * 2^n - 947 * 5,22,9
6 * 112 * 2^n - 361 * 5,22,9
6 * 112 * 2^n - 379 * 5,22,9
6 * 113 * 2^n - 523 * 5,22,9
6 * 114 * 2^n - 259 * 5,22,9
6 * 114 * 2^n - 463 * 5,22,9
6 * 114 * 2^n - 857 * 5,22,9
6 * 117 * 2^n - 443 * 5,22,9
6 * 117 * 2^n - 863 * 5,22,9
6 * 121 * 2^n - 13 * 5,22,9
6 * 123 * 2^n - 353 * 5,22,9
6 * 123 * 2^n - 899 * 5,22,9
6 * 123 * 2^n - 929 * 5,22,9
6 * 128 * 2^n - 931 * 5,22,9
6 * 134 * 2^n - 115 * 5,22,9
6 * 136 * 2^n - 79 * 5,22,9
6 * 136 * 2^n - 877 * 5,22,9
6 * 137 * 2^n - 635 * 5,22,9
6 * 139 * 2^n - 863 * 5,22,9
6 * 141 * 2^n - 395 * 5,22,9
6 * 143 * 2^n - 547 * 5,22,9
6 * 146 * 2^n - 457 * 5,22,9
6 * 149 * 2^n - 161 * 5,22,9
6 * 149 * 2^n - 575 * 5,22,9
6 * 151 * 2^n - 451 * 5,22,9
6 * 152 * 2^n - 149 * 5,22,9
6 * 152 * 2^n - 443 * 5,22,9
6 * 153 * 2^n - 179 * 5,22,9
6 * 154 * 2^n - 787 * 5,22,9
6 * 154 * 2^n - 941 * 5,22,9
6 * 158 * 2^n - 187 * 5,22,9
6 * 162 * 2^n - 419 * 5,22,9
6 * 162 * 2^n - 775 * 5,22,9
6 * 162 * 2^n - 839 * 5,22,9
6 * 164 * 2^n - 149 * 5,22,9
6 * 164 * 2^n - 295 * 5,22,9
6 * 164 * 2^n - 421 * 5,22,9
6 * 167 * 2^n - 95 * 5,22,9
6 * 168 * 2^n - 523 * 5,22,9
6 * 168 * 2^n - 989 * 5,22,9
6 * 172 * 2^n - 31 * 5,22,9
6 * 172 * 2^n - 269 * 5,22,9
6 * 172 * 2^n - 679 * 5,22,9
6 * 174 * 2^n - 65 * 5,22,9
6 * 174 * 2^n - 277 * 5,22,9
6 * 174 * 2^n - 365 * 5,22,9
6 * 174 * 2^n - 637 * 5,22,9
6 * 174 * 2^n - 977 * 5,22,9
6 * 176 * 2^n - 581 * 5,22,9
6 * 177 * 2^n - 97 * 5,22,9
6 * 177 * 2^n - 467 * 5,22,9
6 * 178 * 2^n - 23 * 5,22,9
6 * 178 * 2^n - 323 * 5,22,9
6 * 178 * 2^n - 953 * 5,22,9
6 * 181 * 2^n - 245 * 5,22,9
6 * 182 * 2^n - 19 * 5,22,9
6 * 183 * 2^n - 887 * 5,22,9
6 * 186 * 2^n - 329 * 5,22,9
6 * 187 * 2^n - 245 * 5,22,9
6 * 187 * 2^n - 925 * 5,22,9
6 * 188 * 2^n - 665 * 5,22,9
6 * 189 * 2^n - 449 * 5,22,9
6 * 189 * 2^n - 535 * 5,22,9
6 * 189 * 2^n - 613 * 5,22,9
6 * 192 * 2^n - 389 * 5,22,9
6 * 193 * 2^n - 415 * 5,22,9
6 * 194 * 2^n - 35 * 5,22,9
6 * 194 * 2^n - 53 * 5,22,9
6 * 197 * 2^n - 817 * 5,22,9
6 * 198 * 2^n - 217 * 5,22,9
6 * 198 * 2^n - 455 * 5,22,9
6 * 199 * 2^n - 725 * 5,22,9
6 * 201 * 2^n - 305 * 5,22,9
6 * 201 * 2^n - 613 * 5,22,9
6 * 203 * 2^n - 967 * 5,22,9
6 * 204 * 2^n - 545 * 5,22,9
6 * 204 * 2^n - 895 * 5,22,9
6 * 206 * 2^n - 119 * 5,22,9
6 * 208 * 2^n - 869 * 5,22,9
6 * 211 * 2^n - 845 * 5,22,9
6 * 211 * 2^n - 937 * 5,22,9
6 * 212 * 2^n - 145 * 5,22,9
6 * 213 * 2^n - 905 * 5,22,9
6 * 218 * 2^n - 979 * 5,22,9
6 * 222 * 2^n - 53 * 5,22,9
6 * 226 * 2^n - 559 * 5,22,9
6 * 229 * 2^n - 511 * 5,22,9
6 * 229 * 2^n - 737 * 5,22,9
6 * 229 * 2^n - 877 * 5,22,9
6 * 231 * 2^n - 755 * 5,22,9
6 * 232 * 2^n - 649 * 5,22,9
6 * 234 * 2^n - 553 * 5,22,9
6 * 234 * 2^n - 995 * 5,22,9
6 * 237 * 2^n - 737 * 5,22,9
6 * 238 * 2^n - 1 * 5,22,9
6 * 238 * 2^n - 55 * 5,22,9
6 * 238 * 2^n - 587 * 5,22,9
6 * 239 * 2^n - 251 * 5,22,9
6 * 239 * 2^n - 427 * 5,22,9
6 * 239 * 2^n - 671 * 5,22,9
6 * 241 * 2^n - 457 * 5,22,9
6 * 242 * 2^n - 349 * 5,22,9
6 * 244 * 2^n - 143 * 5,22,9
6 * 244 * 2^n - 191 * 5,22,9
6 * 244 * 2^n - 275 * 5,22,9
6 * 244 * 2^n - 529 * 5,22,9
6 * 248 * 2^n - 23 * 5,22,9
6 * 251 * 2^n - 571 * 5,22,9
6 * 251 * 2^n - 893 * 5,22,9
6 * 252 * 2^n - 493 * 5,22,9
6 * 253 * 2^n - 5 * 5,22,9
6 * 253 * 2^n - 221 * 5,22,9
2 * 3 * 16 * 2^n - 1 * 5,22,9
2 * 3 * 48 * 2^n - 59 * 5,22,9
6759 * 2^n + 1,22,9
8850 * 2^n + 1,22,9
2745528 * 5 * 2^n - 1,22,9
6029278 * 5 * 2^n + 1,22,9
139509 * 5 * 2^n + 1,22,9
3 * 2^n - 4643,22,9
11 * 2^(n - 3) - 3,22,9
11 * 2^(n - 5) - 3,22,9
(1 + 8) * 2^(n - 9 + 1) - (10 + 1),22,9
(1 + 10) * 2^(n - 3 + 1) - (8 + 1),22,9
(1 + 10) * 2^(n - 8 + 1) - (8 + 1),22,9
(1 + 79) * 2^(n - 67 + 1) - (2 + 1),22,9
(2) * 3 * 11 * 2 * 2 * 2^n - 13 * 5 * 5503,22,9
(2) * 3 * 11 * 2 * 3 * 2^n - 13 * 5 * 2753,22,9
(2) * 3 * 11 * 2 * 587 * 2^n - 13 * 5 * 3049,22,9
(2) * 3 * 11 * 2 * 1 * 2^n - 13 * 5 * 347,22,9
(2) * 3 * 11 * 2 * 3 * 2^n - 13 * 5 * 65,22,9
(2) * 3 * 11 * 2 * 16 * 2^n - 13 * 5 * 245,22,9
(2) * 3 * 11 * 2 * 23 * 2^n - 13 * 5 * 13,22,9
(2) * 3 * 11 * 2 * 23 * 2^n - 13 * 5 * 131,22,9
(2) * 3 * 11 * 2 * 59 * 2^n - 13 * 5 * 149,22,9
(2) * 3 * 11 * 2 * 71 * 2^n - 13 * 5 * 157,22,9
(2) * 3 * 11 * 2 * 149 * 2^n - 13 * 5 * 167,22,9
(2) * 3 * 11 * 2 * 109 * 19 * 2^n - 13 * 5 * 193 * 433,22,9
(2) * 3 * 11 * 2 * 109 * 19 * 2^n - 13 * 5 * 193 * 439,22,9
(2) * 3 * 11 * 2 * 109 * 23 * 2^n - 13 * 5 * 193 * 433,22,9
(2) * 3 * 11 * 2 * 109 * 31 * 2^n - 13 * 5 * 193 * 919,22,9
5 * 5 * 3^n + 2 * 56,22,9
5 * 9 * 3^n + 2 * 29,22,9
5 * 37 * 3^n + 2 * 4,22,9
5 * 39 * 3^n + 2 * 38,22,9
111 * 2^n - 1,22,9
595 * 2^n - 1,22,9
1111 * 2^n - 1,22,9
1275 * 2^n - 1,22,9
2380 * 2^n - 1,22,9
3234 * 2^n - 1,22,9
3405 * 2^n - 1,22,9
3576 * 2^n - 1,22,9
3744 * 2^n - 1,22,9
596024 * 5 * 2^n - 1,22,9
1281 * 2^n + 1,22,9
2690 * 2^n + 1,22,9
5550 * 2^n + 1,22,9
5985 * 2^n + 1,22,9
4599 * 2^n - 1,22,9
5316 * 2^n - 1,22,9
6954 * 2^n - 1,22,9
7836 * 2^n - 1,22,9
8820 * 2^n - 1,22,9
8869 * 2^n - 1,22,9
2^n + 909,22,9
3^n + 406,22,9
3^n + 566,22,9
3^n + 616,22,9
3^n + 644,22,9
4^n + 375,22,9
4^n + 423,22,9
4^n + 505,22,9
4^n + 967,22,9
2^n + 327 * 5,22,9
2^n + 349 * 5,22,9
2^n + 8769 * 5,22,9
2^n + 9943 * 5,22,9
2^n + 12073 * 5,22,9
2^n + 13489 * 5,22,9
2^n + 15427 * 5,22,9
2^n + 147 * n * 5,22,9
2^n + 499359 * n * 5,22,9
2^n * 327396 - 1,22,9
2^n * 237735 - 1,22,9
2^n * 138451 - 1,22,9
2^n * 114504 - 1,22,9
2^n * 98451 - 1,22,9
2^n * 619881 - 1,22,9
2^n * 764140 - 1,22,9
2^n * 900340 - 1,22,9
2^n * 525810 - 1,22,9
2^n * 913935 - 1,22,9
2^n * 40725 - 1,22,9
2^n * 7836 - 1,22,9
2^n * 89950 - 1,22,9
2^n * 69000 - 1,22,9
2^n * 30429 - 1,22,9
2^n * 11284 - 1,22,9
2^n * 1275 - 1,22,9
2^n * 88749 - 1,22,9
2^n * 14376 - 1,22,9
2^n * 14049 - 1,22,9
2^n * 111 - 1,22,9
2^n * 99399 - 1,22,9
2^n - 12291,22,9
2^n - 67171,22,9
2^n - 67401,22,9
2^n - 77619,22,9
2^n - 78165,22,9
2^n - 85839,22,9
2^n - 87129,22,9
2^n - 90375,22,9
2^n - 94779,22,9
2^n - 1851,22,9
2^n - 3771,22,9
2^n - 6471,22,9
2^n - 10239,22,9
2^n - 13341,22,9
2^n - 18495,22,9
2^n - 22825,22,9
2^n - 41679,22,9
2^n - 47151,22,9
2^n - 48481,22,9
2^n - 50545,22,9
2^n - 50319,22,9
2^n - 50799,22,9
2^n - 55251,22,9
2^n - 61131,22,9
2^n - 67959,22,9
2^n - 69891,22,9
2^n - 70579,22,9
2^n - 71659,22,9
2^n - 73599,22,9
2^n - 5 * 22407,22,9
2^n - 5 * 60861,22,9
2^n * 33 + 1175,22,9
2^n * 33 + 2723,22,9
2^n * 33 + 2953,22,9
2^n * 33 + 3127,22,9
2^n * 33 + 4073,22,9
2^n * 33 + 4277,22,9
2^n * 33 + 4867,22,9
2^n * 33 + 4997,22,9
2^n * 33 + 6013,22,9
2^n * 33 + 6527,22,9
3^n * 1 + 16 * 2^n + 24,22,9
3^n * 2 + 5 * 2^n + 9,22,9
3^n * 6 + 10 * 2^n + 9,22,9
3^n * 6 + 17 * 2^n + 15,22,9
3^n * 8 + 18 * 2^n + 13,22,9
3^n * 9 + 2 * 2^n + 12,22,9
3^n * 13 + 21 * 2^n + 28,22,9
3^n * 13 + 27 * 2^n + 4,22,9
3^n * 17 + 18 * 2^n + 14,22,9
3^n * 18 + 13 * 2^n + 27,22,9
3^n * 26 + 6 * 2^n + 19,22,9
3^n * 28 + 13 * 2^n + 3,22,9
3^n * 28 + 27 * 2^n + 19,22,9
3^n * 32 + 78 * 2^n - 1,22,9
2^n + 5605 * 5,21,9
2^n + 4341 * 5,21,9
2^n + 585 * 5,21,9
6 * 46 * 2^n - 5 * 5,21,9
6 * 53 * 2^n - 65 * 5,21,9
6 * 81 * 2^n - 83 * 5,21,9
6 * 6 * 2^n - 275 * 5,21,9
6 * 6 * 2^n - 947 * 5,21,9
6 * 7 * 2^n - 229 * 5,21,9
6 * 8 * 2^n - 871 * 5,21,9
6 * 9 * 2^n - 391 * 5,21,9
6 * 9 * 2^n - 769 * 5,21,9
6 * 12 * 2^n - 583 * 5,21,9
6 * 13 * 2^n - 989 * 5,21,9
6 * 16 * 2^n - 803 * 5,21,9
6 * 17 * 2^n - 995 * 5,21,9
6 * 19 * 2^n - 41 * 5,21,9
6 * 19 * 2^n - 749 * 5,21,9
6 * 21 * 2^n - 451 * 5,21,9
6 * 22 * 2^n - 623 * 5,21,9
6 * 22 * 2^n - 857 * 5,21,9
6 * 26 * 2^n - 625 * 5,21,9
6 * 28 * 2^n - 215 * 5,21,9
6 * 28 * 2^n - 229 * 5,21,9
6 * 31 * 2^n - 659 * 5,21,9
6 * 33 * 2^n - 125 * 5,21,9
6 * 33 * 2^n - 151 * 5,21,9
6 * 33 * 2^n - 167 * 5,21,9
6 * 33 * 2^n - 457 * 5,21,9
6 * 34 * 2^n - 371 * 5,21,9
6 * 34 * 2^n - 611 * 5,21,9
6 * 38 * 2^n - 365 * 5,21,9
6 * 39 * 2^n - 149 * 5,21,9
6 * 42 * 2^n - 113 * 5,21,9
6 * 42 * 2^n - 503 * 5,21,9
6 * 42 * 2^n - 781 * 5,21,9
6 * 43 * 2^n - 523 * 5,21,9
6 * 46 * 2^n - 215 * 5,21,9
6 * 47 * 2^n - 343 * 5,21,9
6 * 48 * 2^n - 569 * 5,21,9
6 * 49 * 2^n - 205 * 5,21,9
6 * 49 * 2^n - 283 * 5,21,9
6 * 49 * 2^n - 785 * 5,21,9
6 * 51 * 2^n - 341 * 5,21,9
6 * 53 * 2^n - 805 * 5,21,9
6 * 54 * 2^n - 203 * 5,21,9
6 * 54 * 2^n - 707 * 5,21,9
6 * 61 * 2^n - 55 * 5,21,9
6 * 58 * 2^n - 85 * 5,21,9
6 * 59 * 2^n - 751 * 5,21,9
6 * 64 * 2^n - 535 * 5,21,9
6 * 66 * 2^n - 173 * 5,21,9
6 * 67 * 2^n - 661 * 5,21,9
6 * 68 * 2^n - 373 * 5,21,9
6 * 68 * 2^n - 427 * 5,21,9
6 * 68 * 2^n - 631 * 5,21,9
6 * 71 * 2^n - 775 * 5,21,9
6 * 78 * 2^n - 469 * 5,21,9
6 * 78 * 2^n - 865 * 5,21,9
6 * 78 * 2^n - 899 * 5,21,9
6 * 81 * 2^n - 233 * 5,21,9
6 * 81 * 2^n - 853 * 5,21,9
6 * 83 * 2^n - 113 * 5,21,9
6 * 83 * 2^n - 421 * 5,21,9
6 * 84 * 2^n - 227 * 5,21,9
6 * 84 * 2^n - 535 * 5,21,9
6 * 86 * 2^n - 589 * 5,21,9
6 * 88 * 2^n - 125 * 5,21,9
6 * 89 * 2^n - 299 * 5,21,9
6 * 92 * 2^n - 913 * 5,21,9
6 * 93 * 2^n - 259 * 5,21,9
6 * 93 * 2^n - 973 * 5,21,9
6 * 96 * 2^n - 799 * 5,21,9
6 * 98 * 2^n - 967 * 5,21,9
6 * 102 * 2^n - 773 * 5,21,9
6 * 103 * 2^n - 227 * 5,21,9
6 * 103 * 2^n - 961 * 5,21,9
6 * 103 * 2^n - 979 * 5,21,9
6 * 106 * 2^n - 419 * 5,21,9
6 * 107 * 2^n - 125 * 5,21,9
6 * 108 * 2^n - 263 * 5,21,9
6 * 108 * 2^n - 337 * 5,21,9
6 * 108 * 2^n - 679 * 5,21,9
6 * 109 * 2^n - 851 * 5,21,9
6 * 111 * 2^n - 199 * 5,21,9
6 * 111 * 2^n - 623 * 5,21,9
6 * 112 * 2^n - 551 * 5,21,9
6 * 113 * 2^n - 569 * 5,21,9
6 * 113 * 2^n - 913 * 5,21,9
6 * 116 * 2^n - 49 * 5,21,9
6 * 116 * 2^n - 755 * 5,21,9
6 * 116 * 2^n - 773 * 5,21,9
6 * 117 * 2^n - 905 * 5,21,9
6 * 121 * 2^n - 511 * 5,21,9
6 * 121 * 2^n - 887 * 5,21,9
6 * 122 * 2^n - 499 * 5,21,9
6 * 123 * 2^n - 731 * 5,21,9
6 * 124 * 2^n - 431 * 5,21,9
6 * 126 * 2^n - 439 * 5,21,9
6 * 126 * 2^n - 743 * 5,21,9
6 * 126 * 2^n - 809 * 5,21,9
6 * 127 * 2^n - 725 * 5,21,9
6 * 129 * 2^n - 187 * 5,21,9
6 * 129 * 2^n - 581 * 5,21,9
6 * 131 * 2^n - 163 * 5,21,9
6 * 131 * 2^n - 329 * 5,21,9
6 * 132 * 2^n - 167 * 5,21,9
6 * 132 * 2^n - 283 * 5,21,9
6 * 133 * 2^n - 523 * 5,21,9
6 * 133 * 2^n - 673 * 5,21,9
6 * 133 * 2^n - 733 * 5,21,9
6 * 134 * 2^n - 403 * 5,21,9
6 * 136 * 2^n - 371 * 5,21,9
6 * 136 * 2^n - 701 * 5,21,9
6 * 137 * 2^n - 707 * 5,21,9
6 * 138 * 2^n - 331 * 5,21,9
6 * 139 * 2^n - 185 * 5,21,9
6 * 139 * 2^n - 947 * 5,21,9
6 * 143 * 2^n - 371 * 5,21,9
6 * 146 * 2^n - 281 * 5,21,9
6 * 146 * 2^n - 659 * 5,21,9
6 * 147 * 2^n - 403 * 5,21,9
6 * 147 * 2^n - 899 * 5,21,9
6 * 148 * 2^n - 167 * 5,21,9
6 * 149 * 2^n - 419 * 5,21,9
6 * 149 * 2^n - 517 * 5,21,9
6 * 152 * 2^n - 767 * 5,21,9
6 * 154 * 2^n - 977 * 5,21,9
6 * 156 * 2^n - 113 * 5,21,9
6 * 156 * 2^n - 155 * 5,21,9
6 * 156 * 2^n - 293 * 5,21,9
6 * 156 * 2^n - 313 * 5,21,9
6 * 156 * 2^n - 539 * 5,21,9
6 * 156 * 2^n - 805 * 5,21,9
6 * 161 * 2^n - 617 * 5,21,9
6 * 163 * 2^n - 59 * 5,21,9
6 * 163 * 2^n - 139 * 5,21,9
6 * 164 * 2^n - 917 * 5,21,9
6 * 166 * 2^n - 659 * 5,21,9
6 * 167 * 2^n - 455 * 5,21,9
6 * 167 * 2^n - 665 * 5,21,9
6 * 168 * 2^n - 1 * 5,21,9
6 * 168 * 2^n - 647 * 5,21,9
6 * 171 * 2^n - 49 * 5,21,9
6 * 171 * 2^n - 917 * 5,21,9
6 * 174 * 2^n - 617 * 5,21,9
6 * 177 * 2^n - 425 * 5,21,9
6 * 181 * 2^n - 451 * 5,21,9
6 * 182 * 2^n - 149 * 5,21,9
6 * 184 * 2^n - 383 * 5,21,9
6 * 184 * 2^n - 929 * 5,21,9
6 * 187 * 2^n - 743 * 5,21,9
6 * 188 * 2^n - 731 * 5,21,9
6 * 189 * 2^n - 781 * 5,21,9
6 * 189 * 2^n - 929 * 5,21,9
6 * 192 * 2^n - 403 * 5,21,9
6 * 192 * 2^n - 725 * 5,21,9
6 * 193 * 2^n - 869 * 5,21,9
6 * 194 * 2^n - 835 * 5,21,9
6 * 194 * 2^n - 893 * 5,21,9
6 * 196 * 2^n - 263 * 5,21,9
6 * 196 * 2^n - 415 * 5,21,9
6 * 197 * 2^n - 637 * 5,21,9
6 * 201 * 2^n - 125 * 5,21,9
6 * 203 * 2^n - 797 * 5,21,9
6 * 204 * 2^n - 829 * 5,21,9
6 * 204 * 2^n - 971 * 5,21,9
6 * 206 * 2^n - 973 * 5,21,9
6 * 207 * 2^n - 997 * 5,21,9
6 * 208 * 2^n - 43 * 5,21,9
6 * 208 * 2^n - 421 * 5,21,9
6 * 212 * 2^n - 677 * 5,21,9
6 * 213 * 2^n - 323 * 5,21,9
6 * 213 * 2^n - 581 * 5,21,9
6 * 214 * 2^n - 97 * 5,21,9
6 * 214 * 2^n - 131 * 5,21,9
6 * 214 * 2^n - 847 * 5,21,9
6 * 214 * 2^n - 965 * 5,21,9
6 * 217 * 2^n - 911 * 5,21,9
6 * 218 * 2^n - 251 * 5,21,9
6 * 219 * 2^n - 175 * 5,21,9
6 * 221 * 2^n - 359 * 5,21,9
6 * 221 * 2^n - 893 * 5,21,9
6 * 222 * 2^n - 595 * 5,21,9
6 * 223 * 2^n - 479 * 5,21,9
6 * 224 * 2^n - 409 * 5,21,9
6 * 226 * 2^n - 125 * 5,21,9
6 * 226 * 2^n - 839 * 5,21,9
6 * 228 * 2^n - 163 * 5,21,9
6 * 229 * 2^n - 149 * 5,21,9
6 * 229 * 2^n - 217 * 5,21,9
6 * 232 * 2^n - 1 * 5,21,9
6 * 232 * 2^n - 397 * 5,21,9
6 * 233 * 2^n - 875 * 5,21,9
6 * 234 * 2^n - 43 * 5,21,9
6 * 236 * 2^n - 335 * 5,21,9
6 * 236 * 2^n - 673 * 5,21,9
6 * 236 * 2^n - 851 * 5,21,9
6 * 237 * 2^n - 191 * 5,21,9
6 * 237 * 2^n - 857 * 5,21,9
6 * 243 * 2^n - 979 * 5,21,9
6 * 248 * 2^n - 187 * 5,21,9
6 * 249 * 2^n - 133 * 5,21,9
6 * 249 * 2^n - 293 * 5,21,9
2 * 3 * 16 * 2^n - 83 * 5,21,9
8289 * 2^n + 1,21,9
8514 * 2^n + 1,21,9
1549131 * 5 * 2^n - 1,21,9
6695592 * 5 * 2^n - 1,21,9
7921269 * 5 * 2^n - 1,21,9
1855511 * 5 * 2^n - 1,21,9
8411469 * 5 * 2^n - 1,21,9
3 * 2^n - 1453,21,9
43 * 2^(n - 2) - 3,21,9
(1 + 31) * 2^(n - 3 + 1) - (2 + 1),21,9
(2) * 3 * 11 * 2 * 2 * 2^n - 13 * 5 * 463,21,9
(2) * 3 * 11 * 2 * 3 * 2^n - 13 * 5 * 107,21,9
(2) * 3 * 11 * 2 * 7333 * 2^n - 13 * 5 * 1069,21,9
(2) * 3 * 11 * 2 * 4327 * 2^n - 13 * 5 * 1051,21,9
(2) * 3 * 11 * 2 * 14 * 2^n - 13 * 5 * 295,21,9
(2) * 3 * 11 * 2 * 71 * 2^n - 13 * 5 * 101,21,9
(2) * 3 * 11 * 2 * 109 * 7 * 2^n - 13 * 5 * 193 * 787,21,9
(2) * 3 * 11 * 2 * 109 * 19 * 2^n - 13 * 5 * 193 * 47,21,9
(2) * 3 * 11 * 2 * 109 * 31 * 2^n - 13 * 5 * 193 * 61,21,9
5 * 7 * 3^n + 2 * 11,21,9
5 * 9 * 3^n + 2 * 79,21,9
5 * 45 * 3^n + 2 * 17,21,9
724 * 2^n - 1,21,9
1056 * 2^n - 1,21,9
1665 * 2^n - 1,21,9
1869 * 2^n - 1,21,9
2289 * 2^n - 1,21,9
30369 * 5 * 2^n - 1,21,9
2339 * 2^n + 1,21,9
2921 * 2^n + 1,21,9
3801 * 2^n + 1,21,9
3819 * 2^n + 1,21,9
4509 * 2^n + 1,21,9
5301 * 2^n + 1,21,9
4459 * 2^n - 1,21,9
4740 * 2^n - 1,21,9
5253 * 2^n - 1,21,9
5475 * 2^n - 1,21,9
6141 * 2^n - 1,21,9
6205 * 2^n - 1,21,9
6510 * 2^n - 1,21,9
6669 * 2^n - 1,21,9
6865 * 2^n - 1,21,9
7075 * 2^n - 1,21,9
7315 * 2^n - 1,21,9
8571 * 2^n - 1,21,9
8931 * 2^n - 1,21,9
9219 * 2^n - 1,21,9
9520 * 2^n - 1,21,9
9996 * 2^n - 1,21,9
10609 * 2^n - 1,21,9
2^n + 989,21,9
4^n + 169,21,9
5^n + 804,21,9
2^n + 4749 * 5,21,9
2^n + 5395 * 5,21,9
2^n + 5961 * 5,21,9
2^n - 1455,21,9
2^n - 2449,21,9
2^n + 8455 * 5,21,9
2^n + 9195 * 5,21,9
2^n + 9835 * 5,21,9
2^n + 10675 * 5,21,9
2^n + 11169 * 5,21,9
2^n + 14911 * 5,21,9
2^n + 15945 * 5,21,9
2^n + 16015 * 5,21,9
2^n + 16231 * 5,21,9
2^n + 789579 * n * 5,21,9
2^n + 509649 * n * 5,21,9
2^n + 828039 * n * 5,21,9
4^n - 1 * 5,21,9
4^n - 5 * 1,21,9
2^n * 551100 - 1,21,9
2^n * 781476 - 1,21,9
2^n * 520371 - 1,21,9
2^n * 501471 - 1,21,9
2^n * 4740 - 1,21,9
2^n * 691164 - 1,21,9
2^n * 302029 - 1,21,9
2^n * 5475 - 1,21,9
2^n * 866409 - 1,21,9
2^n * 520611 - 1,21,9
2^n * 33276 - 1,21,9
2^n * 450609 - 1,21,9
2^n * 796249 - 1,21,9
2^n * 1665 - 1,21,9
2^n * 752695 - 1,21,9
2^n * 704674 - 1,21,9
2^n * 135495 - 1,21,9
2^n * 895261 - 1,21,9
2^n * 66405 - 1,21,9
2^n * 66066 - 1,21,9
2^n * 55359 - 1,21,9
2^n * 97074 - 1,21,9
2^n * 79194 - 1,21,9
2^n * 17031 - 1,21,9
2^n * 22389 - 1,21,9
2^n * 41817 - 1,21,9
2^n * 70041 - 1,21,9
2^n * 47005 - 1,21,9
2^n * 86796 - 1,21,9
2^n * 9219 - 1,21,9
2^n * 1056 - 1,21,9
2^n * 2289 - 1,21,9
2^n * 46149 - 1,21,9
2^n * 14196 - 1,21,9
2^n * 42276 - 1,21,9
2^n * 26445 - 1,21,9
2^n - 56505,21,9
2^n - 57501,21,9
2^n - 75141,21,9
2^n - 75351,21,9
2^n - 77355,21,9
2^n - 84201,21,9
2^n - 92865,21,9
2^n - 91,21,9
2^n - 2509,21,9
2^n - 2799,21,9
2^n - 3225,21,9
2^n - 5515,21,9
2^n - 6081,21,9
2^n - 6439,21,9
2^n - 11817,21,9
2^n - 14049,21,9
2^n - 15475,21,9
2^n - 18489,21,9
2^n - 21091,21,9
2^n - 26775,21,9
2^n - 36039,21,9
2^n - 38895,21,9
2^n - 39681,21,9
2^n - 41089,21,9
2^n - 44539,21,9
2^n - 46149,21,9
2^n - 45951,21,9
2^n - 51649,21,9
2^n - 53427,21,9
2^n - 63651,21,9
2^n - 65341,21,9
2^n - 65889,21,9
2^n - 69111,21,9
2^n - 70929,21,9
2^n - 5 * 38655,21,9
2^n * 33 + 2623,21,9
2^n * 33 + 2947,21,9
2^n * 33 + 3227,21,9
2^n * 33 + 4025,21,9
2^n * 33 + 4987,21,9
2^n * 33 + 6053,21,9
2^n * 33 + 6365,21,9
3^n * 2 + 12 * 2^n + 17,21,9
3^n * 2 + 21 * 2^n + 5,21,9
3^n * 3 + 9 * 2^n + 14,21,9
3^n * 4 + 3 * 2^n + 5,21,9
3^n * 7 + 18 * 2^n + 16,21,9
3^n * 8 + 27 * 2^n + 29,21,9
3^n * 10 + 11 * 2^n + 15,21,9
3^n * 14 + 14 * 2^n + 3,21,9
3^n * 14 + 15 * 2^n + 25,21,9
3^n * 14 + 21 * 2^n + 17,21,9
3^n * 22 + 15 * 2^n + 17,21,9
3^n * 52 + 6 * 2^n - 1,21,9
2^n * 883905 - 1,20,9
2^n * 20380 - 1,20,9
2^n * 696415 - 1,20,9
2^n * 337909 - 1,20,9
2^n * 325846 - 1,20,9
2^n * 115461 - 1,20,9
2^n * 820230 - 1,20,9
2^n * 668031 - 1,20,9
2^n * 661296 - 1,20,9
2^n * 631056 - 1,20,9
2^n * 522961 - 1,20,9
2^n * 807390 - 1,20,9
2^n * 614101 - 1,20,9
2^n * 16086 - 1,20,9
2^n * 77511 - 1,20,9
2^n * 24195 - 1,20,9
2^n * 70971 - 1,20,9
2^n * 54465 - 1,20,9
2^n * 24820 - 1,20,9
2^n * 28264 - 1,20,9
2^n * 38895 - 1,20,9
2^n * 31305 - 1,20,9
2^n * 40654 - 1,20,9
2^n - 30579,20,9
2^n - 74409,20,9
2^n - 76011,20,9
2^n - 80545,20,9
2^n - 87009,20,9
2^n - 90321,20,9
2^n - 90501,20,9
2^n - 91035,20,9
2^n - 94351,20,9
2^n - 97695,20,9
2^n - 595,20,9
2^n - 2589,20,9
2^n - 2859,20,9
2^n - 5719,20,9
2^n - 14505,20,9
2^n - 15301,20,9
2^n - 19605,20,9
2^n - 23379,20,9
2^n - 24535,20,9
2^n - 30009,20,9
2^n - 30835,20,9
2^n - 31989,20,9
2^n - 32725,20,9
2^n - 36631,20,9
2^n - 41571,20,9
2^n - 41779,20,9
2^n - 43351,20,9
2^n - 50095,20,9
2^n - 51231,20,9
2^n - 53859,20,9
2^n - 55749,20,9
2^n - 57165,20,9
2^n - 62811,20,9
2^n - 61755,20,9
2^n - 70719,20,9
2^n - 71839,20,9
2^n - 5 * 4907,20,9
2^n - 5 * 30567,20,9
2^n * 33 + 307,20,9
2^n * 33 + 2725,20,9
2^n * 33 + 4223,20,9
2^n * 33 + 4475,20,9
2^n * 33 + 5207,20,9
3^n * 9 + 27 * 2^n + 28,20,9
3^n * 12 + 30 * 2^n + 13,20,9
3^n * 13 + 28 * 2^n + 18,20,9
3^n * 20 + 20 * 2^n + 27,20,9
3^n * 22 + 14 * 2^n + 13,20,9
3^n * 22 + 27 * 2^n + 19,20,9
3^n * 10 + 6 * 2^n - 1,20,9
3^n * 18 + 72 * 2^n - 1,20,9
3^n * 84 + 84 * 2^n - 1,20,9
8^n + 249,16,9
2 * 3 * 22 * 2^n - 5 * 5,53,8
2 * 3 * 99 * 2^n - 89 * 5,52,8
2 * 3 * 39 * 2^n - 49 * 5,51,8
(2) * 3 * 11 * 2 * 31 * 2^n - 13 * 5 * 5,49,8
2 * 3 * 17 * 2^n - 65 * 5,47,8
2 * 3 * 33 * 2^n - 37 * 5,47,8
2 * 3 * 59 * 2^n - 95 * 5,47,8
2 * 3 * 68 * 2^n - 11 * 5,47,8
2 * 3 * 66 * 2^n - 37 * 5,46,8
2 * 3 * 84 * 2^n - 97 * 5,46,8
2 * 3 * 11 * 121 * 2^n - 13 * 5,46,8
2^n + 5967 * 5,45,8
2 * 3 * 26 * 2^n - 23 * 5,45,8
2 * 3 * 11 * 207 * 2^n - 13 * 5,45,8
(2) * 3 * 11 * 2 * 43 * 2^n - 13 * 5 * 193,45,8
2^n + 11751 * 5,45,8
2^n + 12171 * 5,45,8
2 * 3 * 38 * 2^n - 67 * 5,44,8
2 * 3 * 39 * 2^n - 41 * 5,44,8
(2) * 3 * 11 * 2 * 23 * 2^n - 13 * 5 * 37,44,8
2^n + 14703 * 5,44,8
2 * 3 * 4 * 2^n - 55 * 5,43,8
2 * 3 * 28 * 2^n - 1 * 5,43,8
2 * 3 * 77 * 2^n - 59 * 5,43,8
2 * 3 * 83 * 2^n - 23 * 5,43,8
(2) * 3 * 11 * 2 * 11 * 2^n - 13 * 5 * 95,43,8
2^n + 495 * 5,43,8
2^n + 5841 * 5,42,8
2 * 3 * 7 * 2^n - 17 * 5,42,8
2 * 3 * 12 * 2^n - 25 * 5,42,8
2 * 3 * 26 * 2^n - 1 * 5,42,8
2 * 3 * 63 * 2^n - 29 * 5,42,8
(2) * 3 * 11 * 2 * 3 * 2^n - 13 * 5 * 2897,42,8
2^n + 13851 * 5,42,8
2^n + 14679 * 5,42,8
2^n + 7089 * 5,41,8
6 * 19 * 2^n - 7 * 5,41,8
6 * 209 * 2^n - 455 * 5,41,8
2 * 3 * 28 * 2^n - 79 * 5,41,8
2 * 3 * 37 * 2^n - 83 * 5,41,8
2 * 3 * 84 * 2^n - 95 * 5,41,8
2 * 3 * 94 * 2^n - 71 * 5,41,8
2 * 3 * 98 * 2^n - 29 * 5,41,8
(2) * 3 * 11 * 2 * 11 * 2^n - 13 * 5 * 71,41,8
2^n - 1965,41,8
2^n + 1335 * 5,40,8
930 * 2^n - 1,40,8
6 * 52 * 2^n - 653 * 5,40,8
2 * 3 * 7 * 2^n - 13 * 5,40,8
2 * 3 * 17 * 2^n - 79 * 5,40,8
2 * 3 * 39 * 2^n - 35 * 5,40,8
2 * 3 * 42 * 2^n - 29 * 5,40,8
2 * 3 * 46 * 2^n - 55 * 5,40,8
2 * 3 * 61 * 2^n - 65 * 5,40,8
2 * 3 * 61 * 2^n - 77 * 5,40,8
2 * 3 * 68 * 2^n - 79 * 5,40,8
2 * 3 * 74 * 2^n - 59 * 5,40,8
2 * 3 * 86 * 2^n - 91 * 5,40,8
2 * 3 * 89 * 2^n - 11 * 5,40,8
2 * 3 * 92 * 2^n - 55 * 5,40,8
2 * 3 * 94 * 2^n - 85 * 5,40,8
2 * 3 * 99 * 2^n - 91 * 5,40,8
(2) * 3 * 11 * 2 * 4 * 2^n - 13 * 5 * 1,40,8
(2) * 3 * 11 * 2 * 17 * 2^n - 13 * 5 * 115,40,8
2^n + 321 * 5,40,8
2^n + 9987 * 5,40,8
2^n + 12969 * 5,40,8
2^n + 1953 * 5,39,8
6 * 78 * 2^n - 185 * 5,39,8
2 * 3 * 4 * 2^n - 31 * 5,39,8
2 * 3 * 6 * 2^n - 23 * 5,39,8
2 * 3 * 28 * 2^n - 13 * 5,39,8
2 * 3 * 49 * 2^n - 85 * 5,39,8
2 * 3 * 78 * 2^n - 35 * 5,39,8
2 * 3 * 94 * 2^n - 37 * 5,39,8
2 * 3 * 98 * 2^n - 5 * 5,39,8
2 * 3 * 11 * 54834 * 2^n - 25 * 5,39,8
(2) * 3 * 11 * 2 * 2 * 2^n - 13 * 5 * 3319,39,8
(2) * 3 * 11 * 2 * 8753 * 2^n - 13 * 5 * 647,39,8
(2) * 3 * 11 * 2 * 3 * 2^n - 13 * 5 * 377,39,8
(2) * 3 * 11 * 2 * 6 * 2^n - 13 * 5 * 377,39,8
(2) * 3 * 11 * 2 * 8 * 2^n - 13 * 5 * 1,39,8
(2) * 3 * 11 * 2 * 8 * 2^n - 13 * 5 * 155,39,8
(2) * 3 * 11 * 2 * 7 * 2^n - 13 * 5 * 5,39,8
(2) * 3 * 11 * 2 * 31 * 2^n - 13 * 5 * 139,39,8
(2) * 3 * 11 * 2 * 37 * 2^n - 13 * 5 * 71,39,8
(2) * 3 * 11 * 2 * 41 * 2^n - 13 * 5 * 103,39,8
(2) * 3 * 11 * 2 * 173 * 2^n - 13 * 5 * 89,39,8
2 * 3 * 1 * 2^n - 167 * 5,39,8
2^n + 13545 * 5,39,8
2^n + 14097 * 5,39,8
2^n * 13170 - 1,39,8
2^n + 4983 * 5,38,8
6 * 88 * 2^n - 13 * 5,38,8
6 * 37 * 2^n - 985 * 5,38,8
6 * 42 * 2^n - 275 * 5,38,8
6 * 59 * 2^n - 95 * 5,38,8
6 * 168 * 2^n - 275 * 5,38,8
6 * 242 * 2^n - 377 * 5,38,8
2 * 3 * 4 * 2^n - 49 * 5,38,8
2 * 3 * 31 * 2^n - 53 * 5,38,8
2 * 3 * 62 * 2^n - 53 * 5,38,8
2 * 3 * 63 * 2^n - 19 * 5,38,8
2 * 3 * 64 * 2^n - 49 * 5,38,8
2 * 3 * 66 * 2^n - 79 * 5,38,8
2 * 3 * 72 * 2^n - 59 * 5,38,8
2 * 3 * 82 * 2^n - 37 * 5,38,8
2 * 3 * 11 * 161 * 2^n - 13 * 5,38,8
2 * 3 * 11 * 294 * 2^n - 13 * 5,38,8
(2) * 3 * 11 * 2 * 2 * 2^n - 13 * 5 * 1019,38,8
(2) * 3 * 11 * 2 * 2861 * 2^n - 13 * 5 * 9161,38,8
(2) * 3 * 11 * 2 * 661 * 2^n - 13 * 5 * 2467,38,8
(2) * 3 * 11 * 2 * 2 * 2^n - 13 * 5 * 203,38,8
(2) * 3 * 11 * 2 * 7 * 2^n - 13 * 5 * 29,38,8
2^n + 6723 * 5,38,8
2^n + 10527 * 5,38,8
2^n + 15315 * 5,38,8
2^n * 605265 - 1,38,8
2^n * 82155 - 1,38,8
2^n - 10695,38,8
2^n * 33 + 1165,38,8
2^n * 33 + 6205,38,8
2^n + 7467 * 5,37,8
2^n + 6597 * 5,37,8
6 * 17 * 2^n - 403 * 5,37,8
6 * 88 * 2^n - 251 * 5,37,8
6 * 133 * 2^n - 449 * 5,37,8
6 * 133 * 2^n - 493 * 5,37,8
6 * 146 * 2^n - 85 * 5,37,8
6 * 156 * 2^n - 307 * 5,37,8
6 * 176 * 2^n - 13 * 5,37,8
6 * 226 * 2^n - 143 * 5,37,8
6 * 238 * 2^n - 437 * 5,37,8
2 * 3 * 16 * 2^n - 7 * 5,37,8
2 * 3 * 22 * 2^n - 83 * 5,37,8
2 * 3 * 23 * 2^n - 91 * 5,37,8
2 * 3 * 24 * 2^n - 49 * 5,37,8
2 * 3 * 33 * 2^n - 23 * 5,37,8
2 * 3 * 37 * 2^n - 61 * 5,37,8
2 * 3 * 39 * 2^n - 5 * 5,37,8
2 * 3 * 46 * 2^n - 77 * 5,37,8
2 * 3 * 46 * 2^n - 83 * 5,37,8
2 * 3 * 56 * 2^n - 31 * 5,37,8
2 * 3 * 68 * 2^n - 37 * 5,37,8
2 * 3 * 69 * 2^n - 95 * 5,37,8
2 * 3 * 76 * 2^n - 79 * 5,37,8
2 * 3 * 92 * 2^n - 83 * 5,37,8
2 * 3 * 98 * 2^n - 13 * 5,37,8
(2) * 3 * 11 * 2 * 2 * 2^n - 13 * 5 * 457,37,8
(2) * 3 * 11 * 2 * 2 * 2^n - 13 * 5 * 9739,37,8
(2) * 3 * 11 * 2 * 3 * 2^n - 13 * 5 * 3967,37,8
(2) * 3 * 11 * 2 * 2833 * 2^n - 13 * 5 * 5449,37,8
(2) * 3 * 11 * 2 * 14 * 2^n - 13 * 5 * 71,37,8
(2) * 3 * 11 * 2 * 2 * 2^n - 13 * 5 * 67,37,8
(2) * 3 * 11 * 2 * 23 * 2^n - 13 * 5 * 149,37,8
(2) * 3 * 11 * 2 * 23 * 2^n - 13 * 5 * 179,37,8
(2) * 3 * 11 * 2 * 41 * 2^n - 13 * 5 * 157,37,8
(2) * 3 * 11 * 2 * 47 * 2^n - 13 * 5 * 103,37,8
(2) * 3 * 11 * 2 * 71 * 2^n - 13 * 5 * 193,37,8
(2) * 3 * 11 * 2 * 139 * 2^n - 13 * 5 * 59,37,8
(2) * 3 * 11 * 2 * 199 * 2^n - 13 * 5 * 17,37,8
6 * 8 * 2^n - 7 * 5,37,8
2385 * 2^n - 1,37,8
4770 * 2^n - 1,37,8
2^n + 5925 * 5,37,8
2^n + 11067 * 5,37,8
2^n + 16107 * 5,37,8
2^n * 33 + 3335,37,8
2^n + 7887 * 5,36,8
6 * 4 * 2^n - 167 * 5,36,8
6 * 8 * 2^n - 167 * 5,36,8
6 * 16 * 2^n - 167 * 5,36,8
6 * 63 * 2^n - 433 * 5,36,8
6 * 66 * 2^n - 595 * 5,36,8
6 * 114 * 2^n - 349 * 5,36,8
6 * 126 * 2^n - 433 * 5,36,8
6 * 127 * 2^n - 133 * 5,36,8
6 * 128 * 2^n - 913 * 5,36,8
6 * 132 * 2^n - 595 * 5,36,8
6 * 143 * 2^n - 43 * 5,36,8
6 * 143 * 2^n - 305 * 5,36,8
6 * 154 * 2^n - 65 * 5,36,8
6 * 168 * 2^n - 605 * 5,36,8
6 * 181 * 2^n - 191 * 5,36,8
6 * 188 * 2^n - 737 * 5,36,8
6 * 193 * 2^n - 47 * 5,36,8
6 * 224 * 2^n - 451 * 5,36,8
6 * 238 * 2^n - 47 * 5,36,8
6 * 248 * 2^n - 361 * 5,36,8
2 * 3 * 18 * 2^n - 41 * 5,36,8
2 * 3 * 28 * 2^n - 47 * 5,36,8
2 * 3 * 48 * 2^n - 65 * 5,36,8
2 * 3 * 49 * 2^n - 95 * 5,36,8
2 * 3 * 56 * 2^n - 47 * 5,36,8
2 * 3 * 68 * 2^n - 77 * 5,36,8
2 * 3 * 74 * 2^n - 91 * 5,36,8
2 * 3 * 76 * 2^n - 91 * 5,36,8
2 * 3 * 11 * 4262 * 2^n - 25 * 5,36,8
2 * 3 * 11 * 186 * 2^n - 13 * 5,36,8
(2) * 3 * 11 * 2 * 2 * 2^n - 13 * 5 * 4943,36,8
(2) * 3 * 11 * 2 * 877 * 2^n - 13 * 5 * 1213,36,8
(2) * 3 * 11 * 2 * 178 * 2^n - 13 * 5 * 83,36,8
(2) * 3 * 11 * 2 * 2 * 2^n - 13 * 5 * 35,36,8
(2) * 3 * 11 * 2 * 11 * 2^n - 13 * 5 * 119,36,8
(2) * 3 * 11 * 2 * 29 * 2^n - 13 * 5 * 113,36,8
(2) * 3 * 11 * 2 * 79 * 2^n - 13 * 5 * 7,36,8
(2) * 3 * 11 * 2 * 113 * 2^n - 13 * 5 * 163,36,8
(2) * 3 * 11 * 2 * 137 * 2^n - 13 * 5 * 179,36,8
(2) * 3 * 11 * 2 * 109 * 29 * 2^n - 13 * 5 * 193 * 71,36,8
1125 * 2^n - 1,36,8
287793 * 5 * 2^n - 1,36,8
2^n + 8991 * 5,36,8
2^n + 10731 * 5,36,8
2^n + 14007 * 5,36,8
2^n - 34515,36,8
2^n - 52275,36,8
2^n * 33 + 2735,36,8
2^n + 5193 * 5,35,8
2^n + 4779 * 5,35,8
2^n + 2967 * 5,35,8
2^n + 2397 * 5,35,8
2^n + 1935 * 5,35,8
6 * 33 * 2^n - 7 * 5,35,8
6 * 52 * 2^n - 11 * 5,35,8
6 * 4 * 2^n - 377 * 5,35,8
6 * 22 * 2^n - 287 * 5,35,8
6 * 39 * 2^n - 965 * 5,35,8
6 * 41 * 2^n - 463 * 5,35,8
6 * 47 * 2^n - 805 * 5,35,8
6 * 57 * 2^n - 535 * 5,35,8
6 * 61 * 2^n - 767 * 5,35,8
6 * 66 * 2^n - 221 * 5,35,8
6 * 88 * 2^n - 433 * 5,35,8
6 * 92 * 2^n - 185 * 5,35,8
6 * 93 * 2^n - 209 * 5,35,8
6 * 106 * 2^n - 299 * 5,35,8
6 * 114 * 2^n - 797 * 5,35,8
6 * 117 * 2^n - 77 * 5,35,8
6 * 139 * 2^n - 583 * 5,35,8
6 * 143 * 2^n - 239 * 5,35,8
6 * 148 * 2^n - 77 * 5,35,8
6 * 151 * 2^n - 503 * 5,35,8
6 * 154 * 2^n - 139 * 5,35,8
6 * 183 * 2^n - 167 * 5,35,8
6 * 199 * 2^n - 203 * 5,35,8
6 * 228 * 2^n - 535 * 5,35,8
6 * 229 * 2^n - 935 * 5,35,8
6 * 233 * 2^n - 325 * 5,35,8
6 * 249 * 2^n - 157 * 5,35,8
6 * 253 * 2^n - 481 * 5,35,8
2 * 3 * 27 * 2^n - 13 * 5,35,8
2 * 3 * 36 * 2^n - 49 * 5,35,8
2 * 3 * 41 * 2^n - 85 * 5,35,8
2 * 3 * 46 * 2^n - 19 * 5,35,8
2 * 3 * 57 * 2^n - 41 * 5,35,8
2 * 3 * 73 * 2^n - 1 * 5,35,8
2 * 3 * 81 * 2^n - 7 * 5,35,8
2 * 3 * 91 * 2^n - 25 * 5,35,8
2 * 3 * 91 * 2^n - 95 * 5,35,8
2 * 3 * 97 * 2^n - 19 * 5,35,8
2 * 3 * 19 * 46 * 2^n - 25 * 5,35,8
2 * 3 * 11 * 118 * 2^n - 13 * 5,35,8
2 * 3 * 11 * 274 * 2^n - 13 * 5,35,8
(2) * 3 * 11 * 2 * 2 * 2^n - 13 * 5 * 3691,35,8
(2) * 3 * 11 * 2 * 193 * 2^n - 13 * 5 * 487,35,8
(2) * 3 * 11 * 2 * 2647 * 2^n - 13 * 5 * 1877,35,8
(2) * 3 * 11 * 2 * 4519 * 2^n - 13 * 5 * 1481,35,8
(2) * 3 * 11 * 2 * 1 * 2^n - 13 * 5 * 149,35,8
(2) * 3 * 11 * 2 * 1 * 2^n - 13 * 5 * 373,35,8
(2) * 3 * 11 * 2 * 3 * 2^n - 13 * 5 * 133,35,8
(2) * 3 * 11 * 2 * 4 * 2^n - 13 * 5 * 149,35,8
(2) * 3 * 11 * 2 * 4 * 2^n - 13 * 5 * 263,35,8
(2) * 3 * 11 * 2 * 6 * 2^n - 13 * 5 * 89,35,8
(2) * 3 * 11 * 2 * 8 * 2^n - 13 * 5 * 149,35,8
(2) * 3 * 11 * 2 * 11 * 2^n - 13 * 5 * 347,35,8
(2) * 3 * 11 * 2 * 12 * 2^n - 13 * 5 * 173,35,8
(2) * 3 * 11 * 2 * 16 * 2^n - 13 * 5 * 149,35,8
(2) * 3 * 11 * 2 * 19 * 2^n - 13 * 5 * 31,35,8
(2) * 3 * 11 * 2 * 23 * 2^n - 13 * 5 * 29,35,8
(2) * 3 * 11 * 2 * 101 * 2^n - 13 * 5 * 131,35,8
(2) * 3 * 11 * 2 * 107 * 2^n - 13 * 5 * 43,35,8
(2) * 3 * 11 * 2 * 151 * 2^n - 13 * 5 * 137,35,8
(2) * 3 * 11 * 2 * 173 * 2^n - 13 * 5 * 7,35,8
(2) * 3 * 11 * 2 * 179 * 2^n - 13 * 5 * 13,35,8
9435 * 2^n - 1,35,8
2^n + 9477 * 5,35,8
2^n + 12351 * 5,35,8
2^n + 12717 * 5,35,8
2^n + 13191 * 5,35,8
2^n + 15729 * 5,35,8
2^n * 26697 - 1,35,8
2^n * 33 + 3731,35,8
2^n * 33 + 6335,35,8
2^n * 33 + 6635,35,8
2^n + 8175 * 5,34,8
2^n + 6585 * 5,34,8
2^n + 5775 * 5,34,8
2^n + 5799 * 5,34,8
2^n + 3687 * 5,34,8
2^n + 2733 * 5,34,8
2^n + 1545 * 5,34,8
6 * 66 * 2^n - 7 * 5,34,8
6 * 23 * 2^n - 679 * 5,34,8
6 * 26 * 2^n - 469 * 5,34,8
6 * 27 * 2^n - 823 * 5,34,8
6 * 29 * 2^n - 325 * 5,34,8
6 * 33 * 2^n - 527 * 5,34,8
6 * 62 * 2^n - 379 * 5,34,8
6 * 67 * 2^n - 143 * 5,34,8
6 * 76 * 2^n - 233 * 5,34,8
6 * 76 * 2^n - 947 * 5,34,8
6 * 83 * 2^n - 247 * 5,34,8
6 * 101 * 2^n - 95 * 5,34,8
6 * 104 * 2^n - 469 * 5,34,8
6 * 114 * 2^n - 187 * 5,34,8
6 * 114 * 2^n - 605 * 5,34,8
6 * 132 * 2^n - 7 * 5,34,8
6 * 133 * 2^n - 101 * 5,34,8
6 * 133 * 2^n - 461 * 5,34,8
6 * 161 * 2^n - 275 * 5,34,8
6 * 177 * 2^n - 509 * 5,34,8
6 * 184 * 2^n - 875 * 5,34,8
6 * 187 * 2^n - 169 * 5,34,8
6 * 196 * 2^n - 209 * 5,34,8
6 * 199 * 2^n - 253 * 5,34,8
6 * 209 * 2^n - 305 * 5,34,8
6 * 226 * 2^n - 283 * 5,34,8
6 * 228 * 2^n - 605 * 5,34,8
6 * 231 * 2^n - 653 * 5,34,8
6 * 237 * 2^n - 751 * 5,34,8
6 * 247 * 2^n - 385 * 5,34,8
2 * 3 * 17 * 2^n - 29 * 5,34,8
2 * 3 * 23 * 2^n - 17 * 5,34,8
2 * 3 * 27 * 2^n - 37 * 5,34,8
2 * 3 * 27 * 2^n - 49 * 5,34,8
2 * 3 * 42 * 2^n - 79 * 5,34,8
2 * 3 * 64 * 2^n - 73 * 5,34,8
2 * 3 * 77 * 2^n - 25 * 5,34,8
2 * 3 * 89 * 2^n - 23 * 5,34,8
2 * 3 * 93 * 2^n - 49 * 5,34,8
2 * 3 * 99 * 2^n - 17 * 5,34,8
9090225 * 5 * 2^n - 1,34,8
(2) * 3 * 11 * 2 * 2 * 2^n - 13 * 5 * 7459,34,8
(2) * 3 * 11 * 2 * 2 * 2^n - 13 * 5 * 8467,34,8
(2) * 3 * 11 * 2 * 3 * 2^n - 13 * 5 * 521,34,8
(2) * 3 * 11 * 2 * 9173 * 2^n - 13 * 5 * 8699,34,8
(2) * 3 * 11 * 2 * 2917 * 2^n - 13 * 5 * 1697,34,8
(2) * 3 * 11 * 2 * 7937 * 2^n - 13 * 5 * 4441,34,8
(2) * 3 * 11 * 2 * 2441 * 2^n - 13 * 5 * 7789,34,8
(2) * 3 * 11 * 2 * 2591 * 2^n - 13 * 5 * 9109,34,8
(2) * 3 * 11 * 2 * 2221 * 2^n - 13 * 5 * 2713,34,8
(2) * 3 * 11 * 2 * 9397 * 2^n - 13 * 5 * 4591,34,8
(2) * 3 * 11 * 2 * 7 * 2^n - 13 * 5 * 205,34,8
(2) * 3 * 11 * 2 * 7 * 2^n - 13 * 5 * 391,34,8
(2) * 3 * 11 * 2 * 14 * 2^n - 13 * 5 * 31,34,8
(2) * 3 * 11 * 2 * 16 * 2^n - 13 * 5 * 67,34,8
(2) * 3 * 11 * 2 * 17 * 2^n - 13 * 5 * 139,34,8
(2) * 3 * 11 * 2 * 89 * 2^n - 13 * 5 * 61,34,8
(2) * 3 * 11 * 2 * 103 * 2^n - 13 * 5 * 17,34,8
(2) * 3 * 11 * 2 * 139 * 2^n - 13 * 5 * 167,34,8
(2) * 3 * 11 * 2 * 151 * 2^n - 13 * 5 * 179,34,8
(2) * 3 * 11 * 2 * 109 * 11 * 2^n - 13 * 5 * 193 * 71,34,8
5 * 7 * 3^n + 2 * 92,34,8
2^n + 1719 * 5,34,8
2^n + 9159 * 5,34,8
2^n + 10911 * 5,34,8
2^n + 12843 * 5,34,8
2^n + 16119 * 5,34,8
2^n + 16203 * 5,34,8
2^n - 951,34,8
2^n - 20835,34,8
2^n - 27093,34,8
2^n - 30855,34,8
2^n - 68745,34,8
2^n - 5 * 87087,34,8
2^n * 33 + 265,34,8
2^n * 33 + 775,34,8
2^n + 7563 * 5,33,8
2^n + 5283 * 5,33,8
2^n + 5379 * 5,33,8
2^n + 4809 * 5,33,8
2^n + 2583 * 5,33,8
2^n + 1743 * 5,33,8
6 * 84 * 2^n - 95 * 5,33,8
6 * 2 * 2^n - 619 * 5,33,8
6 * 11 * 2^n - 325 * 5,33,8
6 * 14 * 2^n - 803 * 5,33,8
6 * 17 * 2^n - 175 * 5,33,8
6 * 26 * 2^n - 133 * 5,33,8
6 * 27 * 2^n - 875 * 5,33,8
6 * 28 * 2^n - 919 * 5,33,8
6 * 33 * 2^n - 113 * 5,33,8
6 * 43 * 2^n - 5 * 5,33,8
6 * 47 * 2^n - 793 * 5,33,8
6 * 56 * 2^n - 475 * 5,33,8
6 * 57 * 2^n - 985 * 5,33,8
6 * 66 * 2^n - 613 * 5,33,8
6 * 68 * 2^n - 175 * 5,33,8
6 * 71 * 2^n - 731 * 5,33,8
6 * 74 * 2^n - 451 * 5,33,8
6 * 76 * 2^n - 347 * 5,33,8
6 * 89 * 2^n - 275 * 5,33,8
6 * 91 * 2^n - 937 * 5,33,8
6 * 93 * 2^n - 581 * 5,33,8
6 * 94 * 2^n - 793 * 5,33,8
6 * 97 * 2^n - 169 * 5,33,8
6 * 98 * 2^n - 487 * 5,33,8
6 * 102 * 2^n - 455 * 5,33,8
6 * 106 * 2^n - 17 * 5,33,8
6 * 109 * 2^n - 409 * 5,33,8
6 * 112 * 2^n - 1 * 5,33,8
6 * 114 * 2^n - 985 * 5,33,8
6 * 117 * 2^n - 679 * 5,33,8
6 * 121 * 2^n - 551 * 5,33,8
6 * 132 * 2^n - 911 * 5,33,8
6 * 133 * 2^n - 877 * 5,33,8
6 * 138 * 2^n - 641 * 5,33,8
6 * 142 * 2^n - 475 * 5,33,8
6 * 143 * 2^n - 389 * 5,33,8
6 * 143 * 2^n - 569 * 5,33,8
6 * 143 * 2^n - 625 * 5,33,8
6 * 147 * 2^n - 115 * 5,33,8
6 * 154 * 2^n - 47 * 5,33,8
6 * 156 * 2^n - 349 * 5,33,8
6 * 164 * 2^n - 611 * 5,33,8
6 * 167 * 2^n - 203 * 5,33,8
6 * 169 * 2^n - 187 * 5,33,8
6 * 171 * 2^n - 149 * 5,33,8
6 * 173 * 2^n - 715 * 5,33,8
6 * 182 * 2^n - 937 * 5,33,8
6 * 186 * 2^n - 299 * 5,33,8
6 * 187 * 2^n - 235 * 5,33,8
6 * 187 * 2^n - 725 * 5,33,8
6 * 188 * 2^n - 793 * 5,33,8
6 * 189 * 2^n - 737 * 5,33,8
6 * 207 * 2^n - 251 * 5,33,8
6 * 209 * 2^n - 127 * 5,33,8
6 * 209 * 2^n - 169 * 5,33,8
6 * 213 * 2^n - 277 * 5,33,8
6 * 216 * 2^n - 875 * 5,33,8
6 * 221 * 2^n - 451 * 5,33,8
6 * 221 * 2^n - 931 * 5,33,8
6 * 224 * 2^n - 415 * 5,33,8
6 * 231 * 2^n - 163 * 5,33,8
6 * 234 * 2^n - 301 * 5,33,8
6 * 242 * 2^n - 551 * 5,33,8
2 * 3 * 4 * 2^n - 73 * 5,33,8
2 * 3 * 19 * 2^n - 23 * 5,33,8
2 * 3 * 24 * 2^n - 77 * 5,33,8
2 * 3 * 38 * 2^n - 23 * 5,33,8
2 * 3 * 43 * 2^n - 47 * 5,33,8
2 * 3 * 43 * 2^n - 65 * 5,33,8
2 * 3 * 46 * 2^n - 59 * 5,33,8
2 * 3 * 48 * 2^n - 77 * 5,33,8
2 * 3 * 51 * 2^n - 35 * 5,33,8
2 * 3 * 52 * 2^n - 53 * 5,33,8
2 * 3 * 56 * 2^n - 19 * 5,33,8
2 * 3 * 56 * 2^n - 97 * 5,33,8
2 * 3 * 69 * 2^n - 35 * 5,33,8
2 * 3 * 86 * 2^n - 65 * 5,33,8
3707844 * 5 * 2^n + 1,33,8
(2) * 3 * 11 * 2 * 3 * 2^n - 13 * 5 * 479,33,8
(2) * 3 * 11 * 2 * 3 * 2^n - 13 * 5 * 3727,33,8
(2) * 3 * 11 * 2 * 2447 * 2^n - 13 * 5 * 1283,33,8
(2) * 3 * 11 * 2 * 4397 * 2^n - 13 * 5 * 6029,33,8
(2) * 3 * 11 * 2 * 1499 * 2^n - 13 * 5 * 9461,33,8
(2) * 3 * 11 * 2 * 6917 * 2^n - 13 * 5 * 1381,33,8
(2) * 3 * 11 * 2 * 9811 * 2^n - 13 * 5 * 337,33,8
(2) * 3 * 11 * 2 * 1609 * 2^n - 13 * 5 * 1669,33,8
(2) * 3 * 11 * 2 * 6 * 2^n - 13 * 5 * 119,33,8
(2) * 3 * 11 * 2 * 7 * 2^n - 13 * 5 * 125,33,8
(2) * 3 * 11 * 2 * 14 * 2^n - 13 * 5 * 179,33,8
(2) * 3 * 11 * 2 * 59 * 2^n - 13 * 5 * 131,33,8
(2) * 3 * 11 * 2 * 61 * 2^n - 13 * 5 * 101,33,8
(2) * 3 * 11 * 2 * 167 * 2^n - 13 * 5 * 17,33,8
(2) * 3 * 11 * 2 * 167 * 2^n - 13 * 5 * 131,33,8
(2) * 3 * 11 * 2 * 181 * 2^n - 13 * 5 * 73,33,8
(2) * 3 * 11 * 2 * 181 * 2^n - 13 * 5 * 101,33,8
(2) * 3 * 11 * 2 * 109 * 29 * 2^n - 13 * 5 * 193 * 463,33,8
45 * 2^n - 1,33,8
904026 * 5 * 2^n - 1,33,8
5385 * 2^n + 1,33,8
4935 * 2^n + 1,33,8
4185 * 2^n - 1,33,8
2^n + 375,33,8
2^n + 411 * 5,33,8
2^n + 567 * 5,33,8
2^n + 8265 * 5,33,8
2^n + 14061 * 5,33,8
2^n + 14229 * 5,33,8
2^n + 14385 * 5,33,8
2^n * 12540 - 1,33,8
2^n * 254355 - 1,33,8
2^n * 36510 - 1,33,8
2^n * 22410 - 1,33,8
2^n * 14490 - 1,33,8
2^n - 11361,33,8
2^n - 30525,33,8
2^n - 65175,33,8
2^n - 73545,33,8
2^n * 33 + 3395,33,8
2^n + 7425 * 5,32,8
2^n + 5949 * 5,32,8
2^n + 1977 * 5,32,8
6 * 66 * 2^n - 37 * 5,32,8
6 * 14 * 2^n - 655 * 5,32,8
6 * 21 * 2^n - 953 * 5,32,8
6 * 26 * 2^n - 721 * 5,32,8
6 * 28 * 2^n - 689 * 5,32,8
6 * 31 * 2^n - 169 * 5,32,8
6 * 34 * 2^n - 793 * 5,32,8
6 * 39 * 2^n - 545 * 5,32,8
6 * 42 * 2^n - 209 * 5,32,8
6 * 42 * 2^n - 953 * 5,32,8
6 * 44 * 2^n - 455 * 5,32,8
6 * 46 * 2^n - 517 * 5,32,8
6 * 47 * 2^n - 823 * 5,32,8
6 * 52 * 2^n - 721 * 5,32,8
6 * 52 * 2^n - 959 * 5,32,8
6 * 61 * 2^n - 365 * 5,32,8
6 * 63 * 2^n - 257 * 5,32,8
6 * 63 * 2^n - 557 * 5,32,8
6 * 67 * 2^n - 41 * 5,32,8
6 * 71 * 2^n - 133 * 5,32,8
6 * 77 * 2^n - 703 * 5,32,8
6 * 77 * 2^n - 943 * 5,32,8
6 * 78 * 2^n - 535 * 5,32,8
6 * 94 * 2^n - 71 * 5,32,8
6 * 88 * 2^n - 455 * 5,32,8
6 * 92 * 2^n - 871 * 5,32,8
6 * 98 * 2^n - 143 * 5,32,8
6 * 102 * 2^n - 83 * 5,32,8
6 * 103 * 2^n - 805 * 5,32,8
6 * 112 * 2^n - 779 * 5,32,8
6 * 112 * 2^n - 869 * 5,32,8
6 * 118 * 2^n - 469 * 5,32,8
6 * 127 * 2^n - 245 * 5,32,8
6 * 127 * 2^n - 385 * 5,32,8
6 * 127 * 2^n - 517 * 5,32,8
6 * 132 * 2^n - 197 * 5,32,8
6 * 136 * 2^n - 863 * 5,32,8
6 * 137 * 2^n - 143 * 5,32,8
6 * 138 * 2^n - 79 * 5,32,8
6 * 138 * 2^n - 935 * 5,32,8
6 * 139 * 2^n - 127 * 5,32,8
6 * 147 * 2^n - 145 * 5,32,8
6 * 147 * 2^n - 685 * 5,32,8
6 * 153 * 2^n - 275 * 5,32,8
6 * 163 * 2^n - 997 * 5,32,8
6 * 167 * 2^n - 77 * 5,32,8
6 * 168 * 2^n - 953 * 5,32,8
6 * 169 * 2^n - 329 * 5,32,8
6 * 171 * 2^n - 235 * 5,32,8
6 * 172 * 2^n - 143 * 5,32,8
6 * 176 * 2^n - 455 * 5,32,8
6 * 177 * 2^n - 671 * 5,32,8
6 * 178 * 2^n - 11 * 5,32,8
6 * 179 * 2^n - 131 * 5,32,8
6 * 183 * 2^n - 391 * 5,32,8
6 * 186 * 2^n - 433 * 5,32,8
6 * 187 * 2^n - 571 * 5,32,8
6 * 188 * 2^n - 823 * 5,32,8
6 * 193 * 2^n - 101 * 5,32,8
6 * 196 * 2^n - 811 * 5,32,8
6 * 202 * 2^n - 65 * 5,32,8
6 * 203 * 2^n - 449 * 5,32,8
6 * 207 * 2^n - 433 * 5,32,8
6 * 209 * 2^n - 239 * 5,32,8
6 * 209 * 2^n - 443 * 5,32,8
6 * 212 * 2^n - 215 * 5,32,8
6 * 216 * 2^n - 121 * 5,32,8
6 * 223 * 2^n - 533 * 5,32,8
6 * 231 * 2^n - 575 * 5,32,8
6 * 233 * 2^n - 49 * 5,32,8
6 * 236 * 2^n - 469 * 5,32,8
6 * 244 * 2^n - 205 * 5,32,8
6 * 249 * 2^n - 257 * 5,32,8
6 * 253 * 2^n - 259 * 5,32,8
2 * 3 * 11 * 2^n - 35 * 5,32,8
2 * 3 * 29 * 2^n - 97 * 5,32,8
2 * 3 * 31 * 2^n - 1 * 5,32,8
2 * 3 * 36 * 2^n - 13 * 5,32,8
2 * 3 * 41 * 2^n - 23 * 5,32,8
2 * 3 * 49 * 2^n - 61 * 5,32,8
2 * 3 * 56 * 2^n - 95 * 5,32,8
2 * 3 * 58 * 2^n - 97 * 5,32,8
2 * 3 * 67 * 2^n - 91 * 5,32,8
2 * 3 * 72 * 2^n - 97 * 5,32,8
2 * 3 * 78 * 2^n - 19 * 5,32,8
2 * 3 * 84 * 2^n - 17 * 5,32,8
2 * 3 * 91 * 2^n - 53 * 5,32,8
2 * 3 * 97 * 2^n - 85 * 5,32,8
2 * 3 * 19 * 63 * 2^n - 25 * 5,32,8
2 * 3 * 11 * 36484 * 2^n - 25 * 5,32,8
2 * 3 * 11 * 253 * 2^n - 13 * 5,32,8
7546350 * 5 * 2^n - 1,32,8
(2) * 3 * 11 * 2 * 2 * 2^n - 13 * 5 * 1171,32,8
(2) * 3 * 11 * 2 * 2 * 2^n - 13 * 5 * 5303,32,8
(2) * 3 * 11 * 2 * 2 * 2^n - 13 * 5 * 6917,32,8
(2) * 3 * 11 * 2 * 3 * 2^n - 13 * 5 * 251,32,8
(2) * 3 * 11 * 2 * 3 * 2^n - 13 * 5 * 1151,32,8
(2) * 3 * 11 * 2 * 3 * 2^n - 13 * 5 * 1637,32,8
(2) * 3 * 11 * 2 * 9227 * 2^n - 13 * 5 * 3907,32,8
(2) * 3 * 11 * 2 * 5011 * 2^n - 13 * 5 * 2141,32,8
(2) * 3 * 11 * 2 * 7529 * 2^n - 13 * 5 * 6091,32,8
(2) * 3 * 11 * 2 * 541 * 2^n - 13 * 5 * 1663,32,8
(2) * 3 * 11 * 2 * 309 * 2^n - 13 * 5 * 343,32,8
(2) * 3 * 11 * 2 * 3 * 2^n - 13 * 5 * 161,32,8
(2) * 3 * 11 * 2 * 6 * 2^n - 13 * 5 * 355,32,8
(2) * 3 * 11 * 2 * 9 * 2^n - 13 * 5 * 137,32,8
(2) * 3 * 11 * 2 * 9 * 2^n - 13 * 5 * 205,32,8
(2) * 3 * 11 * 2 * 11 * 2^n - 13 * 5 * 233,32,8
(2) * 3 * 11 * 2 * 12 * 2^n - 13 * 5 * 61,32,8
(2) * 3 * 11 * 2 * 12 * 2^n - 13 * 5 * 397,32,8
(2) * 3 * 11 * 2 * 14 * 2^n - 13 * 5 * 283,32,8
(2) * 3 * 11 * 2 * 3 * 2^n - 13 * 5 * 5,32,8
(2) * 3 * 11 * 2 * 3 * 2^n - 13 * 5 * 199,32,8
(2) * 3 * 11 * 2 * 19 * 2^n - 13 * 5 * 103,32,8
(2) * 3 * 11 * 2 * 41 * 2^n - 13 * 5 * 17,32,8
(2) * 3 * 11 * 2 * 53 * 2^n - 13 * 5 * 113,32,8
(2) * 3 * 11 * 2 * 61 * 2^n - 13 * 5 * 83,32,8
(2) * 3 * 11 * 2 * 71 * 2^n - 13 * 5 * 67,32,8
(2) * 3 * 11 * 2 * 71 * 2^n - 13 * 5 * 197,32,8
(2) * 3 * 11 * 2 * 109 * 2^n - 13 * 5 * 131,32,8
(2) * 3 * 11 * 2 * 137 * 2^n - 13 * 5 * 127,32,8
(2) * 3 * 11 * 2 * 179 * 2^n - 13 * 5 * 109,32,8
(2) * 3 * 11 * 2 * 109 * 11 * 2^n - 13 * 5 * 193 * 23,32,8
(2) * 3 * 11 * 2 * 109 * 29 * 2^n - 13 * 5 * 193 * 547,32,8
490431 * 5 * 2^n - 1,32,8
2^n + 279 * 5,32,8
2^n + 405 * 5,32,8
2^n + 9219 * 5,32,8
2^n + 9525 * 5,32,8
2^n + 9651 * 5,32,8
2^n + 10239 * 5,32,8
2^n + 10437 * 5,32,8
2^n + 11109 * 5,32,8
2^n + 12459 * 5,32,8
2^n + 16065 * 5,32,8
2^n * 677985 - 1,32,8
2^n * 53010 - 1,32,8
2^n * 86100 - 1,32,8
2^n * 73335 - 1,32,8
2^n * 41580 - 1,32,8
2^n - 4959,32,8
2^n - 8475,32,8
2^n - 16275,32,8
2^n - 28965,32,8
2^n - 45045,32,8
2^n - 51075,32,8
2^n - 74163,32,8
2^n * 33 + 755,32,8
2^n * 33 + 1627,32,8
2^n * 33 + 5165,32,8
2^n + 8043 * 5,31,8
2^n + 7803 * 5,31,8
2^n + 6531 * 5,31,8
2^n + 5823 * 5,31,8
2^n + 2637 * 5,31,8
2^n + 2253 * 5,31,8
2^n + 1755 * 5,31,8
6 * 92 * 2^n - 83 * 5,31,8
6 * 6 * 2^n - 25 * 5,31,8
6 * 97 * 2^n - 67 * 5,31,8
6 * 1 * 2^n - 173 * 5,31,8
6 * 1 * 2^n - 581 * 5,31,8
6 * 2 * 2^n - 847 * 5,31,8
6 * 9 * 2^n - 299 * 5,31,8
6 * 11 * 2^n - 229 * 5,31,8
6 * 11 * 2^n - 731 * 5,31,8
6 * 13 * 2^n - 23 * 5,31,8
6 * 13 * 2^n - 947 * 5,31,8
6 * 22 * 2^n - 523 * 5,31,8
6 * 22 * 2^n - 871 * 5,31,8
6 * 23 * 2^n - 787 * 5,31,8
6 * 24 * 2^n - 127 * 5,31,8
6 * 26 * 2^n - 23 * 5,31,8
6 * 28 * 2^n - 515 * 5,31,8
6 * 29 * 2^n - 539 * 5,31,8
6 * 33 * 2^n - 931 * 5,31,8
6 * 42 * 2^n - 869 * 5,31,8
6 * 43 * 2^n - 313 * 5,31,8
6 * 44 * 2^n - 731 * 5,31,8
6 * 51 * 2^n - 643 * 5,31,8
6 * 56 * 2^n - 125 * 5,31,8
6 * 63 * 2^n - 319 * 5,31,8
6 * 64 * 2^n - 173 * 5,31,8
6 * 67 * 2^n - 293 * 5,31,8
6 * 68 * 2^n - 121 * 5,31,8
6 * 76 * 2^n - 641 * 5,31,8
6 * 77 * 2^n - 923 * 5,31,8
6 * 81 * 2^n - 301 * 5,31,8
6 * 81 * 2^n - 901 * 5,31,8
6 * 82 * 2^n - 443 * 5,31,8
6 * 88 * 2^n - 229 * 5,31,8
6 * 92 * 2^n - 409 * 5,31,8
6 * 94 * 2^n - 527 * 5,31,8
6 * 96 * 2^n - 319 * 5,31,8
6 * 97 * 2^n - 701 * 5,31,8
6 * 99 * 2^n - 131 * 5,31,8
6 * 101 * 2^n - 29 * 5,31,8
6 * 113 * 2^n - 805 * 5,31,8
6 * 114 * 2^n - 343 * 5,31,8
6 * 114 * 2^n - 943 * 5,31,8
6 * 116 * 2^n - 985 * 5,31,8
6 * 119 * 2^n - 215 * 5,31,8
6 * 123 * 2^n - 397 * 5,31,8
6 * 123 * 2^n - 955 * 5,31,8
6 * 138 * 2^n - 221 * 5,31,8
6 * 139 * 2^n - 85 * 5,31,8
6 * 142 * 2^n - 215 * 5,31,8
6 * 149 * 2^n - 167 * 5,31,8
6 * 151 * 2^n - 329 * 5,31,8
6 * 152 * 2^n - 175 * 5,31,8
6 * 156 * 2^n - 47 * 5,31,8
6 * 156 * 2^n - 391 * 5,31,8
6 * 157 * 2^n - 781 * 5,31,8
6 * 158 * 2^n - 17 * 5,31,8
6 * 159 * 2^n - 287 * 5,31,8
6 * 161 * 2^n - 493 * 5,31,8
6 * 162 * 2^n - 901 * 5,31,8
6 * 163 * 2^n - 629 * 5,31,8
6 * 166 * 2^n - 337 * 5,31,8
6 * 167 * 2^n - 239 * 5,31,8
6 * 169 * 2^n - 595 * 5,31,8
6 * 176 * 2^n - 229 * 5,31,8
6 * 177 * 2^n - 551 * 5,31,8
6 * 184 * 2^n - 409 * 5,31,8
6 * 187 * 2^n - 751 * 5,31,8
6 * 189 * 2^n - 799 * 5,31,8
6 * 197 * 2^n - 91 * 5,31,8
6 * 198 * 2^n - 83 * 5,31,8
6 * 199 * 2^n - 799 * 5,31,8
6 * 202 * 2^n - 205 * 5,31,8
6 * 203 * 2^n - 433 * 5,31,8
6 * 204 * 2^n - 451 * 5,31,8
6 * 208 * 2^n - 85 * 5,31,8
6 * 209 * 2^n - 119 * 5,31,8
6 * 211 * 2^n - 595 * 5,31,8
6 * 211 * 2^n - 887 * 5,31,8
6 * 219 * 2^n - 227 * 5,31,8
6 * 219 * 2^n - 913 * 5,31,8
6 * 224 * 2^n - 391 * 5,31,8
6 * 227 * 2^n - 865 * 5,31,8
6 * 228 * 2^n - 671 * 5,31,8
6 * 231 * 2^n - 205 * 5,31,8
6 * 237 * 2^n - 245 * 5,31,8
6 * 238 * 2^n - 215 * 5,31,8
6 * 242 * 2^n - 353 * 5,31,8
6 * 244 * 2^n - 511 * 5,31,8
6 * 246 * 2^n - 955 * 5,31,8
6 * 248 * 2^n - 533 * 5,31,8
6 * 249 * 2^n - 685 * 5,31,8
2 * 3 * 7 * 2^n - 55 * 5,31,8
2 * 3 * 14 * 2^n - 37 * 5,31,8
2 * 3 * 21 * 2^n - 89 * 5,31,8
2 * 3 * 28 * 2^n - 37 * 5,31,8
2 * 3 * 28 * 2^n - 55 * 5,31,8
2 * 3 * 29 * 2^n - 47 * 5,31,8
2 * 3 * 33 * 2^n - 31 * 5,31,8
2 * 3 * 36 * 2^n - 47 * 5,31,8
2 * 3 * 38 * 2^n - 29 * 5,31,8
2 * 3 * 49 * 2^n - 1 * 5,31,8
2 * 3 * 53 * 2^n - 83 * 5,31,8
2 * 3 * 56 * 2^n - 55 * 5,31,8
2 * 3 * 71 * 2^n - 49 * 5,31,8
2 * 3 * 72 * 2^n - 5 * 5,31,8
2 * 3 * 73 * 2^n - 41 * 5,31,8
2 * 3 * 83 * 2^n - 53 * 5,31,8
2 * 3 * 87 * 2^n - 23 * 5,31,8
2 * 3 * 89 * 2^n - 1 * 5,31,8
2 * 3 * 89 * 2^n - 85 * 5,31,8
2 * 3 * 11 * 168 * 2^n - 13 * 5,31,8
(2) * 3 * 11 * 2 * 2 * 2^n - 13 * 5 * 7499,31,8
(2) * 3 * 11 * 2 * 3 * 2^n - 13 * 5 * 1231,31,8
(2) * 3 * 11 * 2 * 3 * 2^n - 13 * 5 * 1259,31,8
(2) * 3 * 11 * 2 * 3 * 2^n - 13 * 5 * 5171,31,8
(2) * 3 * 11 * 2 * 5233 * 2^n - 13 * 5 * 7211,31,8
(2) * 3 * 11 * 2 * 9791 * 2^n - 13 * 5 * 83,31,8
(2) * 3 * 11 * 2 * 5209 * 2^n - 13 * 5 * 4337,31,8
(2) * 3 * 11 * 2 * 43 * 2^n - 13 * 5 * 6997,31,8
(2) * 3 * 11 * 2 * 4229 * 2^n - 13 * 5 * 1933,31,8
(2) * 3 * 11 * 2 * 2 * 2^n - 13 * 5 * 247,31,8
(2) * 3 * 11 * 2 * 3 * 2^n - 13 * 5 * 247,31,8
(2) * 3 * 11 * 2 * 4 * 2^n - 13 * 5 * 137,31,8
(2) * 3 * 11 * 2 * 7 * 2^n - 13 * 5 * 373,31,8
(2) * 3 * 11 * 2 * 8 * 2^n - 13 * 5 * 137,31,8
(2) * 3 * 11 * 2 * 8 * 2^n - 13 * 5 * 197,31,8
(2) * 3 * 11 * 2 * 9 * 2^n - 13 * 5 * 289,31,8
(2) * 3 * 11 * 2 * 14 * 2^n - 13 * 5 * 373,31,8
(2) * 3 * 11 * 2 * 16 * 2^n - 13 * 5 * 79,31,8
(2) * 3 * 11 * 2 * 16 * 2^n - 13 * 5 * 137,31,8
(2) * 3 * 11 * 2 * 16 * 2^n - 13 * 5 * 197,31,8
(2) * 3 * 11 * 2 * 2 * 2^n - 13 * 5 * 157,31,8
(2) * 3 * 11 * 2 * 19 * 2^n - 13 * 5 * 97,31,8
(2) * 3 * 11 * 2 * 31 * 2^n - 13 * 5 * 167,31,8
(2) * 3 * 11 * 2 * 31 * 2^n - 13 * 5 * 199,31,8
(2) * 3 * 11 * 2 * 61 * 2^n - 13 * 5 * 181,31,8
(2) * 3 * 11 * 2 * 67 * 2^n - 13 * 5 * 71,31,8
(2) * 3 * 11 * 2 * 67 * 2^n - 13 * 5 * 163,31,8
(2) * 3 * 11 * 2 * 71 * 2^n - 13 * 5 * 163,31,8
(2) * 3 * 11 * 2 * 163 * 2^n - 13 * 5 * 151,31,8
(2) * 3 * 11 * 2 * 179 * 2^n - 13 * 5 * 37,31,8
(2) * 3 * 11 * 2 * 181 * 2^n - 13 * 5 * 13,31,8
(2) * 3 * 11 * 2 * 193 * 2^n - 13 * 5 * 109,31,8
(2) * 3 * 11 * 2 * 193 * 2^n - 13 * 5 * 163,31,8
2 * 3 * 1 * 2^n - 481 * 5,31,8
(2) * 3 * 11 * 2 * 109 * 2 * 2^n - 13 * 5 * 193 * 277,31,8
(2) * 3 * 11 * 2 * 109 * 3 * 2^n - 13 * 5 * 193 * 643,31,8
5 * 31 * 3^n + 2 * 28,31,8
6 * 9 * 2^n - 7 * 5,31,8
1470 * 2^n - 1,31,8
1770 * 2^n - 1,31,8
2940 * 2^n - 1,31,8
5529 * 2^n - 1,31,8
3^n + 460,31,8
2^n + 7005 * 5,31,8
2^n + 12045 * 5,31,8
2^n + 13137 * 5,31,8
2^n + 13977 * 5,31,8
2^n + 14181 * 5,31,8
2^n + 14727 * 5,31,8
2^n * 508875 - 1,31,8
2^n * 274665 - 1,31,8
2^n * 87030 - 1,31,8
2^n * 237300 - 1,31,8
2^n * 151710 - 1,31,8
2^n * 84705 - 1,31,8
2^n * 76494 - 1,31,8
2^n * 1770 - 1,31,8
2^n - 3675,31,8
2^n - 61425,31,8
2^n - 66405,31,8
2^n - 70425,31,8
2^n * 33 + 985,31,8
2^n * 33 + 4945,31,8
2^n * 33 + 6265,31,8
3^n * 24 + 24 * 2^n + 19,31,8
2^n + 7923 * 5,30,8
2^n + 7419 * 5,30,8
2^n + 5577 * 5,30,8
2^n + 5631 * 5,30,8
2^n + 3927 * 5,30,8
2^n + 4881 * 5,30,8
2^n + 4665 * 5,30,8
2^n + 2007 * 5,30,8
6 * 32 * 2^n - 5 * 5,30,8
6 * 56 * 2^n - 13 * 5,30,8
6 * 91 * 2^n - 47 * 5,30,8
6 * 49 * 2^n - 29 * 5,30,8
6 * 79 * 2^n - 59 * 5,30,8
6 * 2 * 2^n - 397 * 5,30,8
6 * 7 * 2^n - 341 * 5,30,8
6 * 8 * 2^n - 397 * 5,30,8
6 * 11 * 2^n - 497 * 5,30,8
6 * 12 * 2^n - 85 * 5,30,8
6 * 13 * 2^n - 151 * 5,30,8
6 * 14 * 2^n - 293 * 5,30,8
6 * 19 * 2^n - 175 * 5,30,8
6 * 19 * 2^n - 211 * 5,30,8
6 * 19 * 2^n - 421 * 5,30,8
6 * 21 * 2^n - 367 * 5,30,8
6 * 21 * 2^n - 703 * 5,30,8
6 * 24 * 2^n - 85 * 5,30,8
6 * 23 * 2^n - 755 * 5,30,8
6 * 24 * 2^n - 259 * 5,30,8
6 * 26 * 2^n - 151 * 5,30,8
6 * 26 * 2^n - 193 * 5,30,8
6 * 26 * 2^n - 445 * 5,30,8
6 * 26 * 2^n - 547 * 5,30,8
6 * 26 * 2^n - 833 * 5,30,8
6 * 28 * 2^n - 341 * 5,30,8
6 * 32 * 2^n - 605 * 5,30,8
6 * 33 * 2^n - 337 * 5,30,8
6 * 33 * 2^n - 359 * 5,30,8
6 * 34 * 2^n - 967 * 5,30,8
6 * 37 * 2^n - 341 * 5,30,8
6 * 39 * 2^n - 245 * 5,30,8
6 * 39 * 2^n - 271 * 5,30,8
6 * 43 * 2^n - 481 * 5,30,8
6 * 47 * 2^n - 347 * 5,30,8
6 * 52 * 2^n - 547 * 5,30,8
6 * 52 * 2^n - 833 * 5,30,8
6 * 53 * 2^n - 481 * 5,30,8
6 * 62 * 2^n - 533 * 5,30,8
6 * 63 * 2^n - 535 * 5,30,8
6 * 66 * 2^n - 907 * 5,30,8
6 * 68 * 2^n - 967 * 5,30,8
6 * 69 * 2^n - 245 * 5,30,8
6 * 73 * 2^n - 995 * 5,30,8
6 * 74 * 2^n - 341 * 5,30,8
6 * 74 * 2^n - 689 * 5,30,8
6 * 76 * 2^n - 707 * 5,30,8
6 * 77 * 2^n - 589 * 5,30,8
6 * 77 * 2^n - 685 * 5,30,8
6 * 77 * 2^n - 767 * 5,30,8
6 * 77 * 2^n - 853 * 5,30,8
6 * 82 * 2^n - 133 * 5,30,8
6 * 84 * 2^n - 157 * 5,30,8
6 * 87 * 2^n - 179 * 5,30,8
6 * 91 * 2^n - 187 * 5,30,8
6 * 91 * 2^n - 613 * 5,30,8
6 * 91 * 2^n - 901 * 5,30,8
6 * 94 * 2^n - 539 * 5,30,8
6 * 96 * 2^n - 259 * 5,30,8
6 * 103 * 2^n - 5 * 5,30,8
6 * 104 * 2^n - 119 * 5,30,8
6 * 104 * 2^n - 151 * 5,30,8
6 * 106 * 2^n - 413 * 5,30,8
6 * 106 * 2^n - 481 * 5,30,8
6 * 109 * 2^n - 713 * 5,30,8
6 * 113 * 2^n - 467 * 5,30,8
6 * 114 * 2^n - 47 * 5,30,8
6 * 116 * 2^n - 839 * 5,30,8
6 * 116 * 2^n - 959 * 5,30,8
6 * 119 * 2^n - 947 * 5,30,8
6 * 124 * 2^n - 457 * 5,30,8
6 * 126 * 2^n - 649 * 5,30,8
6 * 126 * 2^n - 689 * 5,30,8
6 * 128 * 2^n - 605 * 5,30,8
6 * 131 * 2^n - 331 * 5,30,8
6 * 133 * 2^n - 25 * 5,30,8
6 * 136 * 2^n - 967 * 5,30,8
6 * 138 * 2^n - 37 * 5,30,8
6 * 138 * 2^n - 245 * 5,30,8
6 * 142 * 2^n - 311 * 5,30,8
6 * 142 * 2^n - 943 * 5,30,8
6 * 144 * 2^n - 635 * 5,30,8
6 * 146 * 2^n - 497 * 5,30,8
6 * 147 * 2^n - 565 * 5,30,8
6 * 148 * 2^n - 41 * 5,30,8
6 * 148 * 2^n - 689 * 5,30,8
6 * 149 * 2^n - 943 * 5,30,8
6 * 153 * 2^n - 95 * 5,30,8
6 * 154 * 2^n - 419 * 5,30,8
6 * 154 * 2^n - 589 * 5,30,8
6 * 154 * 2^n - 685 * 5,30,8
6 * 154 * 2^n - 767 * 5,30,8
6 * 154 * 2^n - 853 * 5,30,8
6 * 154 * 2^n - 895 * 5,30,8
6 * 161 * 2^n - 517 * 5,30,8
6 * 162 * 2^n - 439 * 5,30,8
6 * 164 * 2^n - 85 * 5,30,8
6 * 166 * 2^n - 589 * 5,30,8
6 * 167 * 2^n - 127 * 5,30,8
6 * 167 * 2^n - 905 * 5,30,8
6 * 167 * 2^n - 961 * 5,30,8
6 * 168 * 2^n - 157 * 5,30,8
6 * 172 * 2^n - 187 * 5,30,8
6 * 176 * 2^n - 595 * 5,30,8
6 * 177 * 2^n - 145 * 5,30,8
6 * 177 * 2^n - 539 * 5,30,8
6 * 178 * 2^n - 149 * 5,30,8
6 * 178 * 2^n - 233 * 5,30,8
6 * 181 * 2^n - 557 * 5,30,8
6 * 182 * 2^n - 187 * 5,30,8
6 * 183 * 2^n - 397 * 5,30,8
6 * 188 * 2^n - 151 * 5,30,8
6 * 189 * 2^n - 619 * 5,30,8
6 * 192 * 2^n - 259 * 5,30,8
6 * 193 * 2^n - 167 * 5,30,8
6 * 193 * 2^n - 245 * 5,30,8
6 * 196 * 2^n - 517 * 5,30,8
6 * 199 * 2^n - 263 * 5,30,8
6 * 201 * 2^n - 287 * 5,30,8
6 * 202 * 2^n - 193 * 5,30,8
6 * 208 * 2^n - 833 * 5,30,8
6 * 209 * 2^n - 161 * 5,30,8
6 * 209 * 2^n - 233 * 5,30,8
6 * 211 * 2^n - 979 * 5,30,8
6 * 212 * 2^n - 199 * 5,30,8
6 * 212 * 2^n - 481 * 5,30,8
6 * 213 * 2^n - 37 * 5,30,8
6 * 217 * 2^n - 95 * 5,30,8
6 * 217 * 2^n - 187 * 5,30,8
6 * 217 * 2^n - 401 * 5,30,8
6 * 218 * 2^n - 341 * 5,30,8
6 * 221 * 2^n - 461 * 5,30,8
6 * 221 * 2^n - 769 * 5,30,8
6 * 222 * 2^n - 121 * 5,30,8
6 * 222 * 2^n - 403 * 5,30,8
6 * 222 * 2^n - 505 * 5,30,8
6 * 223 * 2^n - 455 * 5,30,8
6 * 224 * 2^n - 125 * 5,30,8
6 * 226 * 2^n - 19 * 5,30,8
6 * 226 * 2^n - 467 * 5,30,8
6 * 227 * 2^n - 247 * 5,30,8
6 * 229 * 2^n - 449 * 5,30,8
6 * 231 * 2^n - 5 * 5,30,8
6 * 231 * 2^n - 529 * 5,30,8
6 * 232 * 2^n - 59 * 5,30,8
6 * 233 * 2^n - 55 * 5,30,8
6 * 233 * 2^n - 395 * 5,30,8
6 * 237 * 2^n - 235 * 5,30,8
6 * 238 * 2^n - 139 * 5,30,8
6 * 242 * 2^n - 335 * 5,30,8
6 * 242 * 2^n - 857 * 5,30,8
6 * 244 * 2^n - 893 * 5,30,8
6 * 246 * 2^n - 209 * 5,30,8
6 * 246 * 2^n - 335 * 5,30,8
6 * 247 * 2^n - 413 * 5,30,8
6 * 247 * 2^n - 497 * 5,30,8
6 * 248 * 2^n - 949 * 5,30,8
6 * 249 * 2^n - 707 * 5,30,8
6 * 251 * 2^n - 665 * 5,30,8
6 * 252 * 2^n - 17 * 5,30,8
6 * 252 * 2^n - 475 * 5,30,8
2 * 3 * 3 * 2^n - 29 * 5,30,8
2 * 3 * 3 * 2^n - 53 * 5,30,8
2 * 3 * 23 * 2^n - 7 * 5,30,8
2 * 3 * 26 * 2^n - 25 * 5,30,8
2 * 3 * 38 * 2^n - 73 * 5,30,8
2 * 3 * 42 * 2^n - 5 * 5,30,8
2 * 3 * 48 * 2^n - 53 * 5,30,8
2 * 3 * 67 * 2^n - 85 * 5,30,8
2 * 3 * 72 * 2^n - 91 * 5,30,8
2 * 3 * 96 * 2^n - 29 * 5,30,8
2 * 3 * 3420354 * 2^n - 25 * 5,30,8
2 * 3 * 19 * 53 * 2^n - 25 * 5,30,8
9300351 * 5 * 2^n - 1,30,8
2748108 * 5 * 2^n + 1,30,8
(2) * 3 * 11 * 2 * 2 * 2^n - 13 * 5 * 1667,30,8
(2) * 3 * 11 * 2 * 2 * 2^n - 13 * 5 * 5693,30,8
(2) * 3 * 11 * 2 * 2 * 2^n - 13 * 5 * 7001,30,8
(2) * 3 * 11 * 2 * 3 * 2^n - 13 * 5 * 1109,30,8
(2) * 3 * 11 * 2 * 3 * 2^n - 13 * 5 * 1291,30,8
(2) * 3 * 11 * 2 * 3 * 2^n - 13 * 5 * 6053,30,8
(2) * 3 * 11 * 2 * 3593 * 2^n - 13 * 5 * 5153,30,8
(2) * 3 * 11 * 2 * 3931 * 2^n - 13 * 5 * 9209,30,8
(2) * 3 * 11 * 2 * 811 * 2^n - 13 * 5 * 7951,30,8
(2) * 3 * 11 * 2 * 5333 * 2^n - 13 * 5 * 3373,30,8
(2) * 3 * 11 * 2 * 1667 * 2^n - 13 * 5 * 331,30,8
(2) * 3 * 11 * 2 * 6967 * 2^n - 13 * 5 * 3581,30,8
(2) * 3 * 11 * 2 * 3163 * 2^n - 13 * 5 * 7727,30,8
(2) * 3 * 11 * 2 * 6101 * 2^n - 13 * 5 * 6133,30,8
(2) * 3 * 11 * 2 * 3881 * 2^n - 13 * 5 * 1459,30,8
(2) * 3 * 11 * 2 * 1 * 2^n - 13 * 5 * 365,30,8
(2) * 3 * 11 * 2 * 2 * 2^n - 13 * 5 * 329,30,8
(2) * 3 * 11 * 2 * 8 * 2^n - 13 * 5 * 85,30,8
(2) * 3 * 11 * 2 * 8 * 2^n - 13 * 5 * 179,30,8
(2) * 3 * 11 * 2 * 8 * 2^n - 13 * 5 * 365,30,8
(2) * 3 * 11 * 2 * 11 * 2^n - 13 * 5 * 175,30,8
(2) * 3 * 11 * 2 * 14 * 2^n - 13 * 5 * 155,30,8
(2) * 3 * 11 * 2 * 14 * 2^n - 13 * 5 * 361,30,8
(2) * 3 * 11 * 2 * 16 * 2^n - 13 * 5 * 365,30,8
(2) * 3 * 11 * 2 * 7 * 2^n - 13 * 5 * 73,30,8
(2) * 3 * 11 * 2 * 47 * 2^n - 13 * 5 * 41,30,8
(2) * 3 * 11 * 2 * 89 * 2^n - 13 * 5 * 163,30,8
(2) * 3 * 11 * 2 * 139 * 2^n - 13 * 5 * 79,30,8
(2) * 3 * 11 * 2 * 167 * 2^n - 13 * 5 * 199,30,8
(2) * 3 * 11 * 2 * 179 * 2^n - 13 * 5 * 67,30,8
(2) * 3 * 11 * 2 * 191 * 2^n - 13 * 5 * 179,30,8
(2) * 3 * 11 * 2 * 197 * 2^n - 13 * 5 * 7,30,8
2 * 3 * 1 * 2^n - 437 * 5,30,8
(2) * 3 * 11 * 2 * 109 * 17 * 2^n - 13 * 5 * 193 * 313,30,8
(2) * 3 * 11 * 2 * 109 * 19 * 2^n - 13 * 5 * 193 * 311,30,8
(2) * 3 * 11 * 2 * 109 * 29 * 2^n - 13 * 5 * 193 * 23,30,8
5 * 3 * 3^n + 2 * 19,30,8
5 * 7 * 3^n + 2 * 34,30,8
3555 * 2^n - 1,30,8
5 * 2390850 * 2^n - 1,30,8
348657 * 5 * 2^n - 1,30,8
5775 * 2^n + 1,30,8
4380 * 2^n - 1,30,8
5610 * 2^n - 1,30,8
6426 * 2^n - 1,30,8
7110 * 2^n - 1,30,8
9789 * 2^n - 1,30,8
2^n + 303,30,8
2^n + 3045 * 5,30,8
2^n + 5673 * 5,30,8
2^n + 8619 * 5,30,8
2^n + 9891 * 5,30,8
2^n + 11499 * 5,30,8
2^n * 446445 - 1,30,8
2^n * 71295 - 1,30,8
2^n * 17391 - 1,30,8
2^n - 93765,30,8
2^n - 1791,30,8
2^n - 3549,30,8
2^n - 7245,30,8
2^n - 7605,30,8
2^n - 10785,30,8
2^n - 33045,30,8
2^n - 48375,30,8
2^n - 57795,30,8
2^n - 5 * 37605,30,8
2^n * 33 + 4975,30,8
3^n * 6 + 20 * 2^n + 15,30,8
2^n + 5817 * 5,29,8
2^n + 5319 * 5,29,8
2^n + 4191 * 5,29,8
2^n + 3393 * 5,29,8
2^n + 1389 * 5,29,8
2^n + 651 * 5,29,8
99 * 2^n + 1,29,8
6 * 14 * 2^n - 53 * 5,29,8
6 * 46 * 2^n - 19 * 5,29,8
6 * 56 * 2^n - 53 * 5,29,8
6 * 4 * 2^n - 131 * 5,29,8
6 * 6 * 2^n - 847 * 5,29,8
6 * 8 * 2^n - 265 * 5,29,8
6 * 11 * 2^n - 467 * 5,29,8
6 * 11 * 2^n - 475 * 5,29,8
6 * 11 * 2^n - 559 * 5,29,8
6 * 11 * 2^n - 931 * 5,29,8
6 * 13 * 2^n - 197 * 5,29,8
6 * 14 * 2^n - 227 * 5,29,8
6 * 16 * 2^n - 49 * 5,29,8
6 * 21 * 2^n - 793 * 5,29,8
6 * 22 * 2^n - 797 * 5,29,8
6 * 24 * 2^n - 161 * 5,29,8
6 * 26 * 2^n - 935 * 5,29,8
6 * 28 * 2^n - 221 * 5,29,8
6 * 28 * 2^n - 359 * 5,29,8
6 * 29 * 2^n - 371 * 5,29,8
6 * 31 * 2^n - 163 * 5,29,8
6 * 37 * 2^n - 13 * 5,29,8
6 * 38 * 2^n - 623 * 5,29,8
6 * 39 * 2^n - 329 * 5,29,8
6 * 39 * 2^n - 593 * 5,29,8
6 * 43 * 2^n - 607 * 5,29,8
6 * 44 * 2^n - 89 * 5,29,8
6 * 47 * 2^n - 499 * 5,29,8
6 * 51 * 2^n - 565 * 5,29,8
6 * 51 * 2^n - 983 * 5,29,8
6 * 52 * 2^n - 385 * 5,29,8
6 * 52 * 2^n - 473 * 5,29,8
6 * 52 * 2^n - 935 * 5,29,8
6 * 54 * 2^n - 331 * 5,29,8
6 * 54 * 2^n - 851 * 5,29,8
6 * 56 * 2^n - 227 * 5,29,8
6 * 56 * 2^n - 307 * 5,29,8
6 * 58 * 2^n - 371 * 5,29,8
6 * 59 * 2^n - 455 * 5,29,8
6 * 63 * 2^n - 619 * 5,29,8
6 * 76 * 2^n - 253 * 5,29,8
6 * 77 * 2^n - 541 * 5,29,8
6 * 77 * 2^n - 739 * 5,29,8
6 * 81 * 2^n - 517 * 5,29,8
6 * 82 * 2^n - 151 * 5,29,8
6 * 86 * 2^n - 161 * 5,29,8
6 * 86 * 2^n - 173 * 5,29,8
6 * 86 * 2^n - 385 * 5,29,8
6 * 88 * 2^n - 467 * 5,29,8
6 * 91 * 2^n - 631 * 5,29,8
6 * 91 * 2^n - 757 * 5,29,8
6 * 94 * 2^n - 449 * 5,29,8
6 * 94 * 2^n - 499 * 5,29,8
6 * 98 * 2^n - 913 * 5,29,8
6 * 101 * 2^n - 863 * 5,29,8
6 * 102 * 2^n - 59 * 5,29,8
6 * 102 * 2^n - 77 * 5,29,8
6 * 102 * 2^n - 335 * 5,29,8
6 * 102 * 2^n - 503 * 5,29,8
6 * 102 * 2^n - 565 * 5,29,8
6 * 104 * 2^n - 935 * 5,29,8
6 * 108 * 2^n - 455 * 5,29,8
6 * 108 * 2^n - 805 * 5,29,8
6 * 112 * 2^n - 227 * 5,29,8
6 * 116 * 2^n - 371 * 5,29,8
6 * 117 * 2^n - 541 * 5,29,8
6 * 119 * 2^n - 239 * 5,29,8
6 * 121 * 2^n - 397 * 5,29,8
6 * 123 * 2^n - 35 * 5,29,8
6 * 129 * 2^n - 571 * 5,29,8
6 * 131 * 2^n - 49 * 5,29,8
6 * 131 * 2^n - 491 * 5,29,8
6 * 131 * 2^n - 529 * 5,29,8
6 * 136 * 2^n - 883 * 5,29,8
6 * 137 * 2^n - 677 * 5,29,8
6 * 138 * 2^n - 907 * 5,29,8
6 * 139 * 2^n - 659 * 5,29,8
6 * 142 * 2^n - 797 * 5,29,8
6 * 142 * 2^n - 875 * 5,29,8
6 * 143 * 2^n - 757 * 5,29,8
6 * 143 * 2^n - 967 * 5,29,8
6 * 144 * 2^n - 377 * 5,29,8
6 * 144 * 2^n - 469 * 5,29,8
6 * 144 * 2^n - 647 * 5,29,8
6 * 146 * 2^n - 443 * 5,29,8
6 * 147 * 2^n - 365 * 5,29,8
6 * 147 * 2^n - 667 * 5,29,8
6 * 148 * 2^n - 433 * 5,29,8
6 * 149 * 2^n - 7 * 5,29,8
6 * 151 * 2^n - 325 * 5,29,8
6 * 152 * 2^n - 253 * 5,29,8
6 * 152 * 2^n - 281 * 5,29,8
6 * 153 * 2^n - 835 * 5,29,8
6 * 154 * 2^n - 233 * 5,29,8
6 * 154 * 2^n - 305 * 5,29,8
6 * 154 * 2^n - 541 * 5,29,8
6 * 154 * 2^n - 575 * 5,29,8
6 * 154 * 2^n - 821 * 5,29,8
6 * 156 * 2^n - 329 * 5,29,8
6 * 156 * 2^n - 595 * 5,29,8
6 * 157 * 2^n - 85 * 5,29,8
6 * 157 * 2^n - 329 * 5,29,8
6 * 157 * 2^n - 893 * 5,29,8
6 * 158 * 2^n - 661 * 5,29,8
6 * 161 * 2^n - 31 * 5,29,8
6 * 162 * 2^n - 397 * 5,29,8
6 * 163 * 2^n - 161 * 5,29,8
6 * 163 * 2^n - 535 * 5,29,8
6 * 163 * 2^n - 587 * 5,29,8
6 * 164 * 2^n - 695 * 5,29,8
6 * 168 * 2^n - 197 * 5,29,8
6 * 169 * 2^n - 251 * 5,29,8
6 * 172 * 2^n - 521 * 5,29,8
6 * 173 * 2^n - 473 * 5,29,8
6 * 173 * 2^n - 625 * 5,29,8
6 * 176 * 2^n - 467 * 5,29,8
6 * 181 * 2^n - 287 * 5,29,8
6 * 181 * 2^n - 403 * 5,29,8
6 * 182 * 2^n - 157 * 5,29,8
6 * 182 * 2^n - 185 * 5,29,8
6 * 182 * 2^n - 281 * 5,29,8
6 * 182 * 2^n - 757 * 5,29,8
6 * 183 * 2^n - 341 * 5,29,8
6 * 186 * 2^n - 857 * 5,29,8
6 * 187 * 2^n - 151 * 5,29,8
6 * 187 * 2^n - 511 * 5,29,8
6 * 188 * 2^n - 427 * 5,29,8
6 * 192 * 2^n - 161 * 5,29,8
6 * 193 * 2^n - 703 * 5,29,8
6 * 194 * 2^n - 767 * 5,29,8
6 * 198 * 2^n - 731 * 5,29,8
6 * 201 * 2^n - 161 * 5,29,8
6 * 201 * 2^n - 463 * 5,29,8
6 * 201 * 2^n - 569 * 5,29,8
6 * 202 * 2^n - 169 * 5,29,8
6 * 202 * 2^n - 347 * 5,29,8
6 * 202 * 2^n - 539 * 5,29,8
6 * 204 * 2^n - 847 * 5,29,8
6 * 204 * 2^n - 983 * 5,29,8
6 * 208 * 2^n - 385 * 5,29,8
6 * 208 * 2^n - 935 * 5,29,8
6 * 212 * 2^n - 257 * 5,29,8
6 * 214 * 2^n - 161 * 5,29,8
6 * 216 * 2^n - 455 * 5,29,8
6 * 216 * 2^n - 665 * 5,29,8
6 * 216 * 2^n - 805 * 5,29,8
6 * 217 * 2^n - 253 * 5,29,8
6 * 217 * 2^n - 893 * 5,29,8
6 * 218 * 2^n - 47 * 5,29,8
6 * 219 * 2^n - 7 * 5,29,8
6 * 221 * 2^n - 745 * 5,29,8
6 * 222 * 2^n - 65 * 5,29,8
6 * 222 * 2^n - 793 * 5,29,8
6 * 223 * 2^n - 445 * 5,29,8
6 * 226 * 2^n - 671 * 5,29,8
6 * 228 * 2^n - 103 * 5,29,8
6 * 229 * 2^n - 37 * 5,29,8
6 * 231 * 2^n - 311 * 5,29,8
6 * 238 * 2^n - 319 * 5,29,8
6 * 238 * 2^n - 337 * 5,29,8
6 * 242 * 2^n - 623 * 5,29,8
6 * 246 * 2^n - 587 * 5,29,8
6 * 246 * 2^n - 703 * 5,29,8
6 * 248 * 2^n - 163 * 5,29,8
6 * 248 * 2^n - 275 * 5,29,8
6 * 249 * 2^n - 551 * 5,29,8
6 * 249 * 2^n - 559 * 5,29,8
6 * 251 * 2^n - 533 * 5,29,8
6 * 252 * 2^n - 527 * 5,29,8
2 * 3 * 9 * 2^n - 17 * 5,29,8
2 * 3 * 17 * 2^n - 1 * 5,29,8
2 * 3 * 23 * 2^n - 29 * 5,29,8
2 * 3 * 32 * 2^n - 59 * 5,29,8
2 * 3 * 42 * 2^n - 65 * 5,29,8
2 * 3 * 49 * 2^n - 79 * 5,29,8
2 * 3 * 52 * 2^n - 77 * 5,29,8
2 * 3 * 53 * 2^n - 77 * 5,29,8
2 * 3 * 59 * 2^n - 65 * 5,29,8
2 * 3 * 62 * 2^n - 49 * 5,29,8
2 * 3 * 84 * 2^n - 65 * 5,29,8
2 * 3 * 87 * 2^n - 91 * 5,29,8
2 * 3 * 94 * 2^n - 25 * 5,29,8
2 * 3 * 96 * 2^n - 55 * 5,29,8
2 * 3 * 19 * 29 * 2^n - 25 * 5,29,8
849 * 2^n + 1,29,8
5073933 * 5 * 2^n - 1,29,8
3816759 * 5 * 2^n - 1,29,8
(2) * 3 * 11 * 2 * 2 * 2^n - 13 * 5 * 2111,29,8
(2) * 3 * 11 * 2 * 2 * 2^n - 13 * 5 * 3889,29,8
(2) * 3 * 11 * 2 * 2 * 2^n - 13 * 5 * 5737,29,8
(2) * 3 * 11 * 2 * 2 * 2^n - 13 * 5 * 6343,29,8
(2) * 3 * 11 * 2 * 2 * 2^n - 13 * 5 * 8527,29,8
(2) * 3 * 11 * 2 * 3 * 2^n - 13 * 5 * 4297,29,8
(2) * 3 * 11 * 2 * 3 * 2^n - 13 * 5 * 5479,29,8
(2) * 3 * 11 * 2 * 4483 * 2^n - 13 * 5 * 601,29,8
(2) * 3 * 11 * 2 * 4349 * 2^n - 13 * 5 * 4909,29,8
(2) * 3 * 11 * 2 * 739 * 2^n - 13 * 5 * 5783,29,8
(2) * 3 * 11 * 2 * 9311 * 2^n - 13 * 5 * 1303,29,8
(2) * 3 * 11 * 2 * 4567 * 2^n - 13 * 5 * 8167,29,8
(2) * 3 * 11 * 2 * 3529 * 2^n - 13 * 5 * 193,29,8
(2) * 3 * 11 * 2 * 4111 * 2^n - 13 * 5 * 5791,29,8
(2) * 3 * 11 * 2 * 17 * 2^n - 13 * 5 * 3559,29,8
(2) * 3 * 11 * 2 * 9491 * 2^n - 13 * 5 * 3331,29,8
(2) * 3 * 11 * 2 * 1459 * 2^n - 13 * 5 * 5347,29,8
(2) * 3 * 11 * 2 * 6481 * 2^n - 13 * 5 * 1637,29,8
(2) * 3 * 11 * 2 * 431 * 2^n - 13 * 5 * 1009,29,8
(2) * 3 * 11 * 2 * 4639 * 2^n - 13 * 5 * 1193,29,8
(2) * 3 * 11 * 2 * 6 * 2^n - 13 * 5 * 131,29,8
(2) * 3 * 11 * 2 * 7 * 2^n - 13 * 5 * 95,29,8
(2) * 3 * 11 * 2 * 8 * 2^n - 13 * 5 * 281,29,8
(2) * 3 * 11 * 2 * 12 * 2^n - 13 * 5 * 97,29,8
(2) * 3 * 11 * 2 * 2 * 2^n - 13 * 5 * 191,29,8
(2) * 3 * 11 * 2 * 29 * 2^n - 13 * 5 * 163,29,8
(2) * 3 * 11 * 2 * 53 * 2^n - 13 * 5 * 7,29,8
(2) * 3 * 11 * 2 * 73 * 2^n - 13 * 5 * 157,29,8
(2) * 3 * 11 * 2 * 97 * 2^n - 13 * 5 * 101,29,8
(2) * 3 * 11 * 2 * 101 * 2^n - 13 * 5 * 103,29,8
(2) * 3 * 11 * 2 * 103 * 2^n - 13 * 5 * 101,29,8
(2) * 3 * 11 * 2 * 109 * 2^n - 13 * 5 * 151,29,8
(2) * 3 * 11 * 2 * 127 * 2^n - 13 * 5 * 17,29,8
(2) * 3 * 11 * 2 * 179 * 2^n - 13 * 5 * 149,29,8
(2) * 3 * 11 * 2 * 193 * 2^n - 13 * 5 * 181,29,8
2 * 3 * 1 * 2^n - 175 * 5,29,8
2 * 3 * 1 * 2^n - 469 * 5,29,8
2 * 3 * 1 * 2^n - 671 * 5,29,8
(2) * 3 * 11 * 2 * 109 * 7 * 2^n - 13 * 5 * 193 * 23,29,8
(2) * 3 * 11 * 2 * 109 * 7 * 2^n - 13 * 5 * 193 * 61,29,8
(2) * 3 * 11 * 2 * 109 * 11 * 2^n - 13 * 5 * 193 * 569,29,8
(2) * 3 * 11 * 2 * 109 * 19 * 2^n - 13 * 5 * 193 * 61,29,8
(2) * 3 * 11 * 2 * 109 * 31 * 2^n - 13 * 5 * 193 * 439,29,8
5 * 33 * 3^n + 2 * 26,29,8
5 * 53 * 3^n + 2 * 29,29,8
5 * 61 * 3^n + 2 * 16,29,8
6 * 3 * 2^n - 1 * 5,29,8
390 * 2^n - 1,29,8
675 * 2^n - 1,29,8
1440 * 2^n - 1,29,8
1500 * 2^n - 1,29,8
226227 * 5 * 2^n - 1,29,8
5787 * 2^n - 1,29,8
6165 * 2^n - 1,29,8
2^n + 177,29,8
2^n + 669,29,8
2^n + 813,29,8
2^n - 861,29,8
2^n + 9261 * 5,29,8
2^n + 9315 * 5,29,8
2^n + 9933 * 5,29,8
2^n + 12087 * 5,29,8
2^n + 13143 * 5,29,8
2^n + 13431 * 5,29,8
2^n + 13467 * 5,29,8
2^n + 14133 * 5,29,8
2^n + 14709 * 5,29,8
2^n + 14871 * 5,29,8
2^n + 14985 * 5,29,8
2^n * 935385 - 1,29,8
2^n * 349272 - 1,29,8
2^n * 268665 - 1,29,8
2^n * 11430 - 1,29,8
2^n * 222585 - 1,29,8
2^n * 973434 - 1,29,8
2^n * 480885 - 1,29,8
2^n * 96831 - 1,29,8
2^n * 81585 - 1,29,8
2^n * 14160 - 1,29,8
2^n * 675 - 1,29,8
2^n * 5787 - 1,29,8
2^n * 18051 - 1,29,8
2^n * 22785 - 1,29,8
2^n * 1440 - 1,29,8
2^n - 82005,29,8
2^n - 84969,29,8
2^n - 1935,29,8
2^n - 2343,29,8
2^n - 4329,29,8
2^n - 3909,29,8
2^n - 27081,29,8
2^n - 32745,29,8
2^n - 39165,29,8
2^n - 43599,29,8
2^n - 61305,29,8
2^n - 62445,29,8
2^n - 70629,29,8
2^n - 5 * 40275,29,8
2^n * 33 + 895,29,8
2^n * 33 + 4753,29,8
3^n * 5 + 9 * 2^n + 20,29,8
2^n + 6909 * 5,28,8
2^n + 5463 * 5,28,8
2^n + 5043 * 5,28,8
2^n + 3759 * 5,28,8
2^n + 4119 * 5,28,8
2^n + 4683 * 5,28,8
2^n + 3633 * 5,28,8
2^n + 1833 * 5,28,8
2310 * 2^n - 1,28,8
414 * 2^n + 1,28,8
6 * 31 * 2^n - 1 * 5,28,8
6 * 92 * 2^n - 19 * 5,28,8
6 * 93 * 2^n - 35 * 5,28,8
6 * 29 * 2^n - 13 * 5,28,8
6 * 43 * 2^n - 91 * 5,28,8
6 * 71 * 2^n - 13 * 5,28,8
6 * 68 * 2^n - 29 * 5,28,8
6 * 2 * 2^n - 371 * 5,28,8
6 * 4 * 2^n - 271 * 5,28,8
6 * 4 * 2^n - 745 * 5,28,8
6 * 7 * 2^n - 19 * 5,28,8
6 * 7 * 2^n - 115 * 5,28,8
6 * 7 * 2^n - 859 * 5,28,8
6 * 8 * 2^n - 271 * 5,28,8
6 * 12 * 2^n - 247 * 5,28,8
6 * 13 * 2^n - 253 * 5,28,8
6 * 14 * 2^n - 307 * 5,28,8
6 * 16 * 2^n - 371 * 5,28,8
6 * 17 * 2^n - 457 * 5,28,8
6 * 19 * 2^n - 601 * 5,28,8
6 * 21 * 2^n - 863 * 5,28,8
6 * 23 * 2^n - 209 * 5,28,8
6 * 24 * 2^n - 631 * 5,28,8
6 * 26 * 2^n - 331 * 5,28,8
6 * 26 * 2^n - 863 * 5,28,8
6 * 27 * 2^n - 109 * 5,28,8
6 * 28 * 2^n - 859 * 5,28,8
6 * 31 * 2^n - 7 * 5,28,8
6 * 31 * 2^n - 253 * 5,28,8
6 * 32 * 2^n - 271 * 5,28,8
6 * 32 * 2^n - 307 * 5,28,8
6 * 33 * 2^n - 953 * 5,28,8
6 * 38 * 2^n - 121 * 5,28,8
6 * 38 * 2^n - 161 * 5,28,8
6 * 41 * 2^n - 119 * 5,28,8
6 * 41 * 2^n - 371 * 5,28,8
6 * 41 * 2^n - 767 * 5,28,8
6 * 41 * 2^n - 851 * 5,28,8
6 * 42 * 2^n - 295 * 5,28,8
6 * 46 * 2^n - 325 * 5,28,8
6 * 47 * 2^n - 179 * 5,28,8
6 * 47 * 2^n - 767 * 5,28,8
6 * 52 * 2^n - 109 * 5,28,8
6 * 54 * 2^n - 109 * 5,28,8
6 * 56 * 2^n - 137 * 5,28,8
6 * 56 * 2^n - 397 * 5,28,8
6 * 56 * 2^n - 569 * 5,28,8
6 * 57 * 2^n - 815 * 5,28,8
6 * 61 * 2^n - 373 * 5,28,8
6 * 62 * 2^n - 485 * 5,28,8
6 * 63 * 2^n - 667 * 5,28,8
6 * 64 * 2^n - 271 * 5,28,8
6 * 64 * 2^n - 539 * 5,28,8
6 * 66 * 2^n - 65 * 5,28,8
6 * 66 * 2^n - 119 * 5,28,8
6 * 69 * 2^n - 65 * 5,28,8
6 * 68 * 2^n - 925 * 5,28,8
6 * 69 * 2^n - 415 * 5,28,8
6 * 71 * 2^n - 173 * 5,28,8
6 * 72 * 2^n - 209 * 5,28,8
6 * 73 * 2^n - 239 * 5,28,8
6 * 73 * 2^n - 253 * 5,28,8
6 * 77 * 2^n - 85 * 5,28,8
6 * 77 * 2^n - 607 * 5,28,8
6 * 77 * 2^n - 839 * 5,28,8
6 * 78 * 2^n - 101 * 5,28,8
6 * 78 * 2^n - 461 * 5,28,8
6 * 79 * 2^n - 629 * 5,28,8
6 * 82 * 2^n - 305 * 5,28,8
6 * 82 * 2^n - 953 * 5,28,8
6 * 88 * 2^n - 167 * 5,28,8
6 * 88 * 2^n - 511 * 5,28,8
6 * 89 * 2^n - 247 * 5,28,8
6 * 89 * 2^n - 337 * 5,28,8
6 * 91 * 2^n - 211 * 5,28,8
6 * 91 * 2^n - 257 * 5,28,8
6 * 91 * 2^n - 893 * 5,28,8
6 * 91 * 2^n - 943 * 5,28,8
6 * 92 * 2^n - 791 * 5,28,8
6 * 93 * 2^n - 437 * 5,28,8
6 * 93 * 2^n - 731 * 5,28,8
6 * 94 * 2^n - 403 * 5,28,8
6 * 96 * 2^n - 353 * 5,28,8
6 * 99 * 2^n - 49 * 5,28,8
6 * 99 * 2^n - 859 * 5,28,8
6 * 101 * 2^n - 151 * 5,28,8
6 * 102 * 2^n - 91 * 5,28,8
6 * 102 * 2^n - 943 * 5,28,8
6 * 103 * 2^n - 107 * 5,28,8
6 * 104 * 2^n - 253 * 5,28,8
6 * 106 * 2^n - 377 * 5,28,8
6 * 106 * 2^n - 917 * 5,28,8
6 * 107 * 2^n - 733 * 5,28,8
6 * 112 * 2^n - 53 * 5,28,8
6 * 113 * 2^n - 803 * 5,28,8
6 * 116 * 2^n - 103 * 5,28,8
6 * 117 * 2^n - 925 * 5,28,8
6 * 118 * 2^n - 541 * 5,28,8
6 * 119 * 2^n - 253 * 5,28,8
6 * 119 * 2^n - 349 * 5,28,8
6 * 119 * 2^n - 599 * 5,28,8
6 * 119 * 2^n - 661 * 5,28,8
6 * 121 * 2^n - 479 * 5,28,8
6 * 123 * 2^n - 301 * 5,28,8
6 * 123 * 2^n - 439 * 5,28,8
6 * 126 * 2^n - 283 * 5,28,8
6 * 129 * 2^n - 67 * 5,28,8
6 * 129 * 2^n - 343 * 5,28,8
6 * 129 * 2^n - 757 * 5,28,8
6 * 131 * 2^n - 403 * 5,28,8
6 * 131 * 2^n - 995 * 5,28,8
6 * 132 * 2^n - 989 * 5,28,8
6 * 133 * 2^n - 481 * 5,28,8
6 * 133 * 2^n - 535 * 5,28,8
6 * 134 * 2^n - 125 * 5,28,8
6 * 134 * 2^n - 503 * 5,28,8
6 * 134 * 2^n - 929 * 5,28,8
6 * 136 * 2^n - 457 * 5,28,8
6 * 136 * 2^n - 539 * 5,28,8
6 * 136 * 2^n - 749 * 5,28,8
6 * 136 * 2^n - 925 * 5,28,8
6 * 138 * 2^n - 793 * 5,28,8
6 * 139 * 2^n - 533 * 5,28,8
6 * 143 * 2^n - 931 * 5,28,8
6 * 149 * 2^n - 283 * 5,28,8
6 * 149 * 2^n - 329 * 5,28,8
6 * 149 * 2^n - 437 * 5,28,8
6 * 151 * 2^n - 685 * 5,28,8
6 * 152 * 2^n - 161 * 5,28,8
6 * 154 * 2^n - 449 * 5,28,8
6 * 156 * 2^n - 101 * 5,28,8
6 * 157 * 2^n - 193 * 5,28,8
6 * 164 * 2^n - 37 * 5,28,8
6 * 164 * 2^n - 305 * 5,28,8
6 * 164 * 2^n - 851 * 5,28,8
6 * 164 * 2^n - 953 * 5,28,8
6 * 166 * 2^n - 539 * 5,28,8
6 * 167 * 2^n - 259 * 5,28,8
6 * 168 * 2^n - 295 * 5,28,8
6 * 168 * 2^n - 697 * 5,28,8
6 * 169 * 2^n - 929 * 5,28,8
6 * 171 * 2^n - 91 * 5,28,8
6 * 171 * 2^n - 127 * 5,28,8
6 * 174 * 2^n - 989 * 5,28,8
6 * 176 * 2^n - 89 * 5,28,8
6 * 176 * 2^n - 101 * 5,28,8
6 * 176 * 2^n - 299 * 5,28,8
6 * 176 * 2^n - 511 * 5,28,8
6 * 176 * 2^n - 647 * 5,28,8
6 * 176 * 2^n - 769 * 5,28,8
6 * 178 * 2^n - 301 * 5,28,8
6 * 178 * 2^n - 343 * 5,28,8
6 * 179 * 2^n - 913 * 5,28,8
6 * 181 * 2^n - 77 * 5,28,8
6 * 181 * 2^n - 637 * 5,28,8
6 * 183 * 2^n - 913 * 5,28,8
6 * 184 * 2^n - 791 * 5,28,8
6 * 186 * 2^n - 979 * 5,28,8
6 * 187 * 2^n - 785 * 5,28,8
6 * 188 * 2^n - 179 * 5,28,8
6 * 189 * 2^n - 703 * 5,28,8
6 * 191 * 2^n - 97 * 5,28,8
6 * 191 * 2^n - 355 * 5,28,8
6 * 193 * 2^n - 871 * 5,28,8
6 * 194 * 2^n - 205 * 5,28,8
6 * 194 * 2^n - 319 * 5,28,8
6 * 196 * 2^n - 29 * 5,28,8
6 * 198 * 2^n - 607 * 5,28,8
6 * 199 * 2^n - 863 * 5,28,8
6 * 202 * 2^n - 581 * 5,28,8
6 * 203 * 2^n - 403 * 5,28,8
6 * 203 * 2^n - 935 * 5,28,8
6 * 204 * 2^n - 59 * 5,28,8
6 * 204 * 2^n - 77 * 5,28,8
6 * 204 * 2^n - 523 * 5,28,8
6 * 206 * 2^n - 305 * 5,28,8
6 * 206 * 2^n - 665 * 5,28,8
6 * 207 * 2^n - 223 * 5,28,8
6 * 208 * 2^n - 313 * 5,28,8
6 * 213 * 2^n - 169 * 5,28,8
6 * 213 * 2^n - 763 * 5,28,8
6 * 214 * 2^n - 665 * 5,28,8
6 * 217 * 2^n - 377 * 5,28,8
6 * 218 * 2^n - 55 * 5,28,8
6 * 218 * 2^n - 481 * 5,28,8
6 * 219 * 2^n - 325 * 5,28,8
6 * 219 * 2^n - 923 * 5,28,8
6 * 222 * 2^n - 263 * 5,28,8
6 * 222 * 2^n - 539 * 5,28,8
6 * 223 * 2^n - 583 * 5,28,8
6 * 224 * 2^n - 493 * 5,28,8
6 * 227 * 2^n - 119 * 5,28,8
6 * 227 * 2^n - 589 * 5,28,8
6 * 228 * 2^n - 815 * 5,28,8
6 * 231 * 2^n - 109 * 5,28,8
6 * 231 * 2^n - 229 * 5,28,8
6 * 231 * 2^n - 893 * 5,28,8
6 * 232 * 2^n - 395 * 5,28,8
6 * 234 * 2^n - 379 * 5,28,8
6 * 237 * 2^n - 23 * 5,28,8
6 * 238 * 2^n - 457 * 5,28,8
6 * 241 * 2^n - 137 * 5,28,8
6 * 241 * 2^n - 953 * 5,28,8
6 * 242 * 2^n - 479 * 5,28,8
6 * 242 * 2^n - 749 * 5,28,8
6 * 243 * 2^n - 247 * 5,28,8
6 * 244 * 2^n - 935 * 5,28,8
6 * 247 * 2^n - 7 * 5,28,8
6 * 247 * 2^n - 311 * 5,28,8
6 * 247 * 2^n - 539 * 5,28,8
6 * 247 * 2^n - 623 * 5,28,8
6 * 248 * 2^n - 485 * 5,28,8
6 * 248 * 2^n - 749 * 5,28,8
6 * 249 * 2^n - 833 * 5,28,8
6 * 252 * 2^n - 667 * 5,28,8
6 * 252 * 2^n - 731 * 5,28,8
2 * 3 * 7 * 2^n - 29 * 5,28,8
2 * 3 * 21 * 2^n - 71 * 5,28,8
2 * 3 * 38 * 2^n - 1 * 5,28,8
2 * 3 * 56 * 2^n - 23 * 5,28,8
2 * 3 * 62 * 2^n - 91 * 5,28,8
2 * 3 * 76 * 2^n - 55 * 5,28,8
2 * 3 * 82 * 2^n - 11 * 5,28,8
2 * 3 * 83 * 2^n - 95 * 5,28,8
2 * 3 * 86 * 2^n - 59 * 5,28,8
2 * 3 * 87 * 2^n - 17 * 5,28,8
2 * 3 * 88 * 2^n - 59 * 5,28,8
2 * 3 * 97 * 2^n - 23 * 5,28,8
2 * 3 * 99 * 2^n - 35 * 5,28,8
2 * 3 * 11 * 101 * 2^n - 13 * 5,28,8
2 * 3 * 11 * 158 * 2^n - 13 * 5,28,8
435 * 2^n + 1,28,8
6213201 * 5 * 2^n - 1,28,8
128214 * 5 * 2^n - 1,28,8
1056054 * 5 * 2^n + 1,28,8
5499261 * 5 * 2^n + 1,28,8
(2) * 3 * 11 * 2 * 2 * 2^n - 13 * 5 * 2459,28,8
(2) * 3 * 11 * 2 * 2 * 2^n - 13 * 5 * 4909,28,8
(2) * 3 * 11 * 2 * 2 * 2^n - 13 * 5 * 7687,28,8
(2) * 3 * 11 * 2 * 3 * 2^n - 13 * 5 * 1669,28,8
(2) * 3 * 11 * 2 * 3 * 2^n - 13 * 5 * 1699,28,8
(2) * 3 * 11 * 2 * 3 * 2^n - 13 * 5 * 2677,28,8
(2) * 3 * 11 * 2 * 3 * 2^n - 13 * 5 * 4861,28,8
(2) * 3 * 11 * 2 * 9461 * 2^n - 13 * 5 * 3539,28,8
(2) * 3 * 11 * 2 * 953 * 2^n - 13 * 5 * 613,28,8
(2) * 3 * 11 * 2 * 239 * 2^n - 13 * 5 * 1373,28,8
(2) * 3 * 11 * 2 * 3769 * 2^n - 13 * 5 * 1823,28,8
(2) * 3 * 11 * 2 * 751 * 2^n - 13 * 5 * 4481,28,8
(2) * 3 * 11 * 2 * 7069 * 2^n - 13 * 5 * 9257,28,8
(2) * 3 * 11 * 2 * 9661 * 2^n - 13 * 5 * 1999,28,8
(2) * 3 * 11 * 2 * 1987 * 2^n - 13 * 5 * 9127,28,8
(2) * 3 * 11 * 2 * 2729 * 2^n - 13 * 5 * 4441,28,8
(2) * 3 * 11 * 2 * 5701 * 2^n - 13 * 5 * 6823,28,8
(2) * 3 * 11 * 2 * 9323 * 2^n - 13 * 5 * 9967,28,8
(2) * 3 * 11 * 2 * 6343 * 2^n - 13 * 5 * 5867,28,8
(2) * 3 * 11 * 2 * 3491 * 2^n - 13 * 5 * 1721,28,8
(2) * 3 * 11 * 2 * 6569 * 2^n - 13 * 5 * 2141,28,8
(2) * 3 * 11 * 2 * 8647 * 2^n - 13 * 5 * 3137,28,8
(2) * 3 * 11 * 2 * 6991 * 2^n - 13 * 5 * 7687,28,8
(2) * 3 * 11 * 2 * 4793 * 2^n - 13 * 5 * 9859,28,8
(2) * 3 * 11 * 2 * 1327 * 2^n - 13 * 5 * 3739,28,8
(2) * 3 * 11 * 2 * 398 * 2^n - 13 * 5 * 23,28,8
(2) * 3 * 11 * 2 * 4 * 2^n - 13 * 5 * 119,28,8
(2) * 3 * 11 * 2 * 8 * 2^n - 13 * 5 * 133,28,8
(2) * 3 * 11 * 2 * 8 * 2^n - 13 * 5 * 217,28,8
(2) * 3 * 11 * 2 * 8 * 2^n - 13 * 5 * 337,28,8
(2) * 3 * 11 * 2 * 7 * 2^n - 13 * 5 * 47,28,8
(2) * 3 * 11 * 2 * 43 * 2^n - 13 * 5 * 163,28,8
(2) * 3 * 11 * 2 * 59 * 2^n - 13 * 5 * 73,28,8
(2) * 3 * 11 * 2 * 83 * 2^n - 13 * 5 * 179,28,8
(2) * 3 * 11 * 2 * 97 * 2^n - 13 * 5 * 19,28,8
(2) * 3 * 11 * 2 * 103 * 2^n - 13 * 5 * 31,28,8
(2) * 3 * 11 * 2 * 109 * 2^n - 13 * 5 * 149,28,8
(2) * 3 * 11 * 2 * 173 * 2^n - 13 * 5 * 59,28,8
(2) * 3 * 11 * 2 * 181 * 2^n - 13 * 5 * 47,28,8
(2) * 3 * 11 * 2 * 191 * 2^n - 13 * 5 * 163,28,8
(2) * 3 * 11 * 2 * 193 * 2^n - 13 * 5 * 71,28,8
(2) * 3 * 11 * 2 * 109 * 7 * 2^n - 13 * 5 * 193 * 503,28,8
5 * 7 * 3^n + 2 * 94,28,8
705 * 2^n - 1,28,8
2793 * 2^n - 1,28,8
2880 * 2^n - 1,28,8
3000 * 2^n - 1,28,8
926304 * 5 * 2^n - 1,28,8
477477 * 5 * 2^n - 1,28,8
879561 * 5 * 2^n - 1,28,8
3396 * 2^n + 1,28,8
3627 * 2^n + 1,28,8
5394 * 2^n + 1,28,8
5961 * 2^n + 1,28,8
6015 * 2^n + 1,28,8
5010 * 2^n - 1,28,8
9135 * 2^n - 1,28,8
9870 * 2^n - 1,28,8
2^n + 753,28,8
4^n + 847,28,8
2^n + 355 * 5,28,8
2^n + 8487 * 5,28,8
2^n + 9183 * 5,28,8
2^n + 13551 * 5,28,8
2^n * 468429 - 1,28,8
2^n * 15249 - 1,28,8
2^n * 793770 - 1,28,8
2^n * 501081 - 1,28,8
2^n * 87540 - 1,28,8
2^n * 41775 - 1,28,8
2^n * 75390 - 1,28,8
2^n * 11196 - 1,28,8
2^n * 70455 - 1,28,8
2^n * 36825 - 1,28,8
2^n * 91398 - 1,28,8
2^n * 23868 - 1,28,8
2^n - 75075,28,8
2^n - 85755,28,8
2^n - 87675,28,8
2^n - 45,28,8
2^n - 1875,28,8
2^n - 16905,28,8
2^n - 24135,28,8
2^n - 26493,28,8
2^n - 29505,28,8
2^n - 42735,28,8
2^n - 72561,28,8
2^n * 33 + 41,28,8
2^n * 33 + 227,28,8
2^n * 33 + 1949,28,8
2^n * 33 + 2525,28,8
2^n * 33 + 2845,28,8
2^n * 33 + 3865,28,8
2^n * 33 + 4757,28,8
2^n * 33 + 5515,28,8
2^n * 33 + 5845,28,8
2^n * 33 + 6295,28,8
2^n + 6345 * 5,27,8
2^n + 4563 * 5,27,8
2^n + 1893 * 5,27,8
2^n + 1407 * 5,27,8
6 * 42 * 2^n - 97 * 5,27,8
6 * 62 * 2^n - 1 * 5,27,8
6 * 17 * 2^n - 53 * 5,27,8
6 * 34 * 2^n - 71 * 5,27,8
6 * 56 * 2^n - 19 * 5,27,8
6 * 62 * 2^n - 53 * 5,27,8
6 * 63 * 2^n - 29 * 5,27,8
6 * 2 * 2^n - 31 * 5,27,8
6 * 44 * 2^n - 47 * 5,27,8
6 * 46 * 2^n - 55 * 5,27,8
6 * 59 * 2^n - 7 * 5,27,8
6 * 59 * 2^n - 37 * 5,27,8
6 * 59 * 2^n - 71 * 5,27,8
6 * 1 * 2^n - 437 * 5,27,8
6 * 2 * 2^n - 143 * 5,27,8
6 * 2 * 2^n - 307 * 5,27,8
6 * 2 * 2^n - 437 * 5,27,8
6 * 4 * 2^n - 685 * 5,27,8
6 * 6 * 2^n - 23 * 5,27,8
6 * 6 * 2^n - 385 * 5,27,8
6 * 7 * 2^n - 187 * 5,27,8
6 * 8 * 2^n - 301 * 5,27,8
6 * 8 * 2^n - 307 * 5,27,8
6 * 13 * 2^n - 259 * 5,27,8
6 * 13 * 2^n - 427 * 5,27,8
6 * 13 * 2^n - 967 * 5,27,8
6 * 14 * 2^n - 407 * 5,27,8
6 * 14 * 2^n - 677 * 5,27,8
6 * 14 * 2^n - 751 * 5,27,8
6 * 16 * 2^n - 7 * 5,27,8
6 * 16 * 2^n - 143 * 5,27,8
6 * 16 * 2^n - 481 * 5,27,8
6 * 18 * 2^n - 269 * 5,27,8
6 * 18 * 2^n - 559 * 5,27,8
6 * 19 * 2^n - 235 * 5,27,8
6 * 19 * 2^n - 617 * 5,27,8
6 * 21 * 2^n - 589 * 5,27,8
6 * 22 * 2^n - 49 * 5,27,8
6 * 22 * 2^n - 985 * 5,27,8
6 * 24 * 2^n - 385 * 5,27,8
6 * 26 * 2^n - 427 * 5,27,8
6 * 26 * 2^n - 967 * 5,27,8
6 * 28 * 2^n - 677 * 5,27,8
6 * 31 * 2^n - 53 * 5,27,8
6 * 34 * 2^n - 67 * 5,27,8
6 * 36 * 2^n - 131 * 5,27,8
6 * 36 * 2^n - 577 * 5,27,8
6 * 39 * 2^n - 1 * 5,27,8
6 * 39 * 2^n - 817 * 5,27,8
6 * 41 * 2^n - 323 * 5,27,8
6 * 43 * 2^n - 677 * 5,27,8
6 * 43 * 2^n - 985 * 5,27,8
6 * 44 * 2^n - 227 * 5,27,8
6 * 51 * 2^n - 131 * 5,27,8
6 * 53 * 2^n - 97 * 5,27,8
6 * 52 * 2^n - 79 * 5,27,8
6 * 54 * 2^n - 49 * 5,27,8
6 * 52 * 2^n - 259 * 5,27,8
6 * 52 * 2^n - 487 * 5,27,8
6 * 52 * 2^n - 821 * 5,27,8
6 * 54 * 2^n - 539 * 5,27,8
6 * 56 * 2^n - 67 * 5,27,8
6 * 56 * 2^n - 407 * 5,27,8
6 * 57 * 2^n - 973 * 5,27,8
6 * 59 * 2^n - 133 * 5,27,8
6 * 59 * 2^n - 191 * 5,27,8
6 * 59 * 2^n - 385 * 5,27,8
6 * 59 * 2^n - 715 * 5,27,8
6 * 62 * 2^n - 427 * 5,27,8
6 * 63 * 2^n - 653 * 5,27,8
6 * 64 * 2^n - 481 * 5,27,8
6 * 69 * 2^n - 29 * 5,27,8
6 * 69 * 2^n - 485 * 5,27,8
6 * 69 * 2^n - 809 * 5,27,8
6 * 71 * 2^n - 341 * 5,27,8
6 * 71 * 2^n - 853 * 5,27,8
6 * 73 * 2^n - 575 * 5,27,8
6 * 76 * 2^n - 193 * 5,27,8
6 * 76 * 2^n - 245 * 5,27,8
6 * 76 * 2^n - 275 * 5,27,8
6 * 76 * 2^n - 515 * 5,27,8
6 * 78 * 2^n - 817 * 5,27,8
6 * 79 * 2^n - 413 * 5,27,8
6 * 81 * 2^n - 923 * 5,27,8
6 * 82 * 2^n - 193 * 5,27,8
6 * 84 * 2^n - 29 * 5,27,8
6 * 83 * 2^n - 779 * 5,27,8
6 * 84 * 2^n - 251 * 5,27,8
6 * 86 * 2^n - 257 * 5,27,8
6 * 86 * 2^n - 461 * 5,27,8
6 * 86 * 2^n - 503 * 5,27,8
6 * 86 * 2^n - 677 * 5,27,8
6 * 88 * 2^n - 985 * 5,27,8
6 * 89 * 2^n - 175 * 5,27,8
6 * 91 * 2^n - 727 * 5,27,8
6 * 92 * 2^n - 355 * 5,27,8
6 * 93 * 2^n - 685 * 5,27,8
6 * 96 * 2^n - 385 * 5,27,8
6 * 96 * 2^n - 851 * 5,27,8
6 * 97 * 2^n - 287 * 5,27,8
6 * 101 * 2^n - 407 * 5,27,8
6 * 101 * 2^n - 653 * 5,27,8
6 * 102 * 2^n - 181 * 5,27,8
6 * 103 * 2^n - 673 * 5,27,8
6 * 104 * 2^n - 263 * 5,27,8
6 * 106 * 2^n - 133 * 5,27,8
6 * 106 * 2^n - 761 * 5,27,8
6 * 107 * 2^n - 229 * 5,27,8
6 * 107 * 2^n - 817 * 5,27,8
6 * 109 * 2^n - 19 * 5,27,8
6 * 109 * 2^n - 437 * 5,27,8
6 * 109 * 2^n - 985 * 5,27,8
6 * 111 * 2^n - 253 * 5,27,8
6 * 111 * 2^n - 835 * 5,27,8
6 * 112 * 2^n - 751 * 5,27,8
6 * 114 * 2^n - 77 * 5,27,8
6 * 114 * 2^n - 959 * 5,27,8
6 * 116 * 2^n - 353 * 5,27,8
6 * 116 * 2^n - 481 * 5,27,8
6 * 117 * 2^n - 29 * 5,27,8
6 * 117 * 2^n - 371 * 5,27,8
6 * 117 * 2^n - 385 * 5,27,8
6 * 117 * 2^n - 671 * 5,27,8
6 * 117 * 2^n - 821 * 5,27,8
6 * 118 * 2^n - 71 * 5,27,8
6 * 118 * 2^n - 133 * 5,27,8
6 * 118 * 2^n - 347 * 5,27,8
6 * 119 * 2^n - 103 * 5,27,8
6 * 119 * 2^n - 229 * 5,27,8
6 * 119 * 2^n - 409 * 5,27,8
6 * 119 * 2^n - 775 * 5,27,8
6 * 119 * 2^n - 811 * 5,27,8
6 * 119 * 2^n - 919 * 5,27,8
6 * 121 * 2^n - 593 * 5,27,8
6 * 121 * 2^n - 745 * 5,27,8
6 * 122 * 2^n - 385 * 5,27,8
6 * 122 * 2^n - 463 * 5,27,8
6 * 123 * 2^n - 143 * 5,27,8
6 * 123 * 2^n - 643 * 5,27,8
6 * 127 * 2^n - 649 * 5,27,8
6 * 128 * 2^n - 55 * 5,27,8
6 * 128 * 2^n - 437 * 5,27,8
6 * 129 * 2^n - 169 * 5,27,8
6 * 131 * 2^n - 113 * 5,27,8
6 * 132 * 2^n - 959 * 5,27,8
6 * 136 * 2^n - 29 * 5,27,8
6 * 138 * 2^n - 65 * 5,27,8
6 * 138 * 2^n - 485 * 5,27,8
6 * 139 * 2^n - 331 * 5,27,8
6 * 141 * 2^n - 593 * 5,27,8
6 * 142 * 2^n - 391 * 5,27,8
6 * 142 * 2^n - 605 * 5,27,8
6 * 142 * 2^n - 935 * 5,27,8
6 * 142 * 2^n - 955 * 5,27,8
6 * 143 * 2^n - 331 * 5,27,8
6 * 143 * 2^n - 505 * 5,27,8
6 * 143 * 2^n - 827 * 5,27,8
6 * 143 * 2^n - 905 * 5,27,8
6 * 144 * 2^n - 269 * 5,27,8
6 * 144 * 2^n - 577 * 5,27,8
6 * 146 * 2^n - 43 * 5,27,8
6 * 147 * 2^n - 239 * 5,27,8
6 * 147 * 2^n - 701 * 5,27,8
6 * 151 * 2^n - 553 * 5,27,8
6 * 152 * 2^n - 617 * 5,27,8
6 * 153 * 2^n - 247 * 5,27,8
6 * 153 * 2^n - 707 * 5,27,8
6 * 154 * 2^n - 577 * 5,27,8
6 * 158 * 2^n - 83 * 5,27,8
6 * 158 * 2^n - 161 * 5,27,8
6 * 158 * 2^n - 937 * 5,27,8
6 * 159 * 2^n - 275 * 5,27,8
6 * 161 * 2^n - 89 * 5,27,8
6 * 161 * 2^n - 295 * 5,27,8
6 * 161 * 2^n - 695 * 5,27,8
6 * 161 * 2^n - 701 * 5,27,8
6 * 161 * 2^n - 827 * 5,27,8
6 * 161 * 2^n - 877 * 5,27,8
6 * 163 * 2^n - 497 * 5,27,8
6 * 166 * 2^n - 889 * 5,27,8
6 * 168 * 2^n - 779 * 5,27,8
6 * 169 * 2^n - 745 * 5,27,8
6 * 171 * 2^n - 253 * 5,27,8
6 * 172 * 2^n - 185 * 5,27,8
6 * 172 * 2^n - 257 * 5,27,8
6 * 172 * 2^n - 677 * 5,27,8
6 * 173 * 2^n - 565 * 5,27,8
6 * 174 * 2^n - 175 * 5,27,8
6 * 174 * 2^n - 583 * 5,27,8
6 * 174 * 2^n - 749 * 5,27,8
6 * 176 * 2^n - 985 * 5,27,8
6 * 181 * 2^n - 137 * 5,27,8
6 * 181 * 2^n - 179 * 5,27,8
6 * 181 * 2^n - 799 * 5,27,8
6 * 182 * 2^n - 431 * 5,27,8
6 * 182 * 2^n - 649 * 5,27,8
6 * 183 * 2^n - 517 * 5,27,8
6 * 184 * 2^n - 355 * 5,27,8
6 * 186 * 2^n - 35 * 5,27,8
6 * 187 * 2^n - 29 * 5,27,8
6 * 187 * 2^n - 305 * 5,27,8
6 * 187 * 2^n - 599 * 5,27,8
6 * 187 * 2^n - 637 * 5,27,8
6 * 188 * 2^n - 655 * 5,27,8
6 * 189 * 2^n - 65 * 5,27,8
6 * 189 * 2^n - 181 * 5,27,8
6 * 191 * 2^n - 83 * 5,27,8
6 * 194 * 2^n - 847 * 5,27,8
6 * 196 * 2^n - 677 * 5,27,8
6 * 198 * 2^n - 931 * 5,27,8
6 * 199 * 2^n - 179 * 5,27,8
6 * 199 * 2^n - 457 * 5,27,8
6 * 201 * 2^n - 407 * 5,27,8
6 * 202 * 2^n - 737 * 5,27,8
6 * 203 * 2^n - 787 * 5,27,8
6 * 203 * 2^n - 997 * 5,27,8
6 * 204 * 2^n - 377 * 5,27,8
6 * 206 * 2^n - 473 * 5,27,8
6 * 207 * 2^n - 31 * 5,27,8
6 * 207 * 2^n - 101 * 5,27,8
6 * 208 * 2^n - 109 * 5,27,8
6 * 208 * 2^n - 163 * 5,27,8
6 * 209 * 2^n - 533 * 5,27,8
6 * 209 * 2^n - 823 * 5,27,8
6 * 211 * 2^n - 475 * 5,27,8
6 * 211 * 2^n - 703 * 5,27,8
6 * 214 * 2^n - 769 * 5,27,8
6 * 214 * 2^n - 875 * 5,27,8
6 * 217 * 2^n - 785 * 5,27,8
6 * 218 * 2^n - 143 * 5,27,8
6 * 219 * 2^n - 139 * 5,27,8
6 * 221 * 2^n - 895 * 5,27,8
6 * 222 * 2^n - 11 * 5,27,8
6 * 222 * 2^n - 287 * 5,27,8
6 * 223 * 2^n - 785 * 5,27,8
6 * 224 * 2^n - 187 * 5,27,8
6 * 224 * 2^n - 677 * 5,27,8
6 * 224 * 2^n - 965 * 5,27,8
6 * 226 * 2^n - 745 * 5,27,8
6 * 226 * 2^n - 817 * 5,27,8
6 * 228 * 2^n - 311 * 5,27,8
6 * 228 * 2^n - 367 * 5,27,8
6 * 229 * 2^n - 785 * 5,27,8
6 * 231 * 2^n - 115 * 5,27,8
6 * 231 * 2^n - 323 * 5,27,8
6 * 231 * 2^n - 841 * 5,27,8
6 * 231 * 2^n - 883 * 5,27,8
6 * 232 * 2^n - 913 * 5,27,8
6 * 236 * 2^n - 347 * 5,27,8
6 * 237 * 2^n - 779 * 5,27,8
6 * 239 * 2^n - 337 * 5,27,8
6 * 239 * 2^n - 677 * 5,27,8
6 * 239 * 2^n - 913 * 5,27,8
6 * 243 * 2^n - 191 * 5,27,8
6 * 243 * 2^n - 407 * 5,27,8
6 * 244 * 2^n - 23 * 5,27,8
6 * 244 * 2^n - 953 * 5,27,8
6 * 246 * 2^n - 623 * 5,27,8
6 * 248 * 2^n - 973 * 5,27,8
6 * 249 * 2^n - 353 * 5,27,8
6 * 249 * 2^n - 595 * 5,27,8
6 * 251 * 2^n - 277 * 5,27,8
6 * 252 * 2^n - 713 * 5,27,8
6 * 252 * 2^n - 953 * 5,27,8
6 * 253 * 2^n - 445 * 5,27,8
2 * 3 * 8 * 2^n - 91 * 5,27,8
2 * 3 * 9 * 2^n - 35 * 5,27,8
2 * 3 * 12 * 2^n - 1 * 5,27,8
2 * 3 * 19 * 2^n - 47 * 5,27,8
2 * 3 * 37 * 2^n - 19 * 5,27,8
2 * 3 * 53 * 2^n - 37 * 5,27,8
2 * 3 * 54 * 2^n - 79 * 5,27,8
2 * 3 * 56 * 2^n - 29 * 5,27,8
2 * 3 * 64 * 2^n - 17 * 5,27,8
2 * 3 * 81 * 2^n - 43 * 5,27,8
3166662 * 5 * 2^n - 1,27,8
1485762 * 5 * 2^n + 1,27,8
6372099 * 5 * 2^n + 1,27,8
(1 + 2) * 2^(n - 1 + 1) - (10 + 1),27,8
(1 + 2) * 2^(n - 4 + 1) - (10 + 1),27,8
(1 + 2) * 2^(n - 6 + 1) - (10 + 1),27,8
(1 + 4) * 2^(n - 1 + 1) - (2 + 1),27,8
(1 + 5) * 2^(n - 2 + 1) - (10 + 1),27,8
(1 + 5) * 2^(n - 5 + 1) - (10 + 1),27,8
(1 + 5) * 2^(n - 7 + 1) - (10 + 1),27,8
(1 + 8) * 2^(n - 2 + 1) - (6 + 1),27,8
(2) * 3 * 11 * 2 * 2 * 2^n - 13 * 5 * 4159,27,8
(2) * 3 * 11 * 2 * 2 * 2^n - 13 * 5 * 6883,27,8
(2) * 3 * 11 * 2 * 3 * 2^n - 13 * 5 * 1951,27,8
(2) * 3 * 11 * 2 * 3 * 2^n - 13 * 5 * 4591,27,8
(2) * 3 * 11 * 2 * 8807 * 2^n - 13 * 5 * 1033,27,8
(2) * 3 * 11 * 2 * 1171 * 2^n - 13 * 5 * 8297,27,8
(2) * 3 * 11 * 2 * 7541 * 2^n - 13 * 5 * 2207,27,8
(2) * 3 * 11 * 2 * 4889 * 2^n - 13 * 5 * 2683,27,8
(2) * 3 * 11 * 2 * 5039 * 2^n - 13 * 5 * 6247,27,8
(2) * 3 * 11 * 2 * 859 * 2^n - 13 * 5 * 4933,27,8
(2) * 3 * 11 * 2 * 7589 * 2^n - 13 * 5 * 3371,27,8
(2) * 3 * 11 * 2 * 277 * 2^n - 13 * 5 * 8117,27,8
(2) * 3 * 11 * 2 * 7349 * 2^n - 13 * 5 * 5011,27,8
(2) * 3 * 11 * 2 * 227 * 2^n - 13 * 5 * 19,27,8
(2) * 3 * 11 * 2 * 366 * 2^n - 13 * 5 * 383,27,8
(2) * 3 * 11 * 2 * 4 * 2^n - 13 * 5 * 163,27,8
(2) * 3 * 11 * 2 * 4 * 2^n - 13 * 5 * 217,27,8
(2) * 3 * 11 * 2 * 7 * 2^n - 13 * 5 * 13,27,8
(2) * 3 * 11 * 2 * 7 * 2^n - 13 * 5 * 379,27,8
(2) * 3 * 11 * 2 * 8 * 2^n - 13 * 5 * 163,27,8
(2) * 3 * 11 * 2 * 12 * 2^n - 13 * 5 * 145,27,8
(2) * 3 * 11 * 2 * 16 * 2^n - 13 * 5 * 17,27,8
(2) * 3 * 11 * 2 * 29 * 2^n - 13 * 5 * 193,27,8
(2) * 3 * 11 * 2 * 47 * 2^n - 13 * 5 * 73,27,8
(2) * 3 * 11 * 2 * 73 * 2^n - 13 * 5 * 7,27,8
(2) * 3 * 11 * 2 * 103 * 2^n - 13 * 5 * 13,27,8
(2) * 3 * 11 * 2 * 109 * 2^n - 13 * 5 * 107,27,8
(2) * 3 * 11 * 2 * 163 * 2^n - 13 * 5 * 139,27,8
(2) * 3 * 11 * 2 * 179 * 2^n - 13 * 5 * 103,27,8
(2) * 3 * 11 * 2 * 181 * 2^n - 13 * 5 * 29,27,8
2 * 3 * 1 * 2^n - 607 * 5,27,8
5 * 17 * 3^n + 2 * 44,27,8
5 * 21 * 3^n + 2 * 59,27,8
5 * 31 * 3^n + 2 * 83,27,8
5 * 35 * 3^n + 2 * 59,27,8
5 * 35 * 3^n + 2 * 89,27,8
5 * 59 * 3^n + 2 * 11,27,8
5 * 5744610 * 2^n - 1,27,8
5 * 2609271 * 2^n - 1,27,8
278628 * 5 * 2^n - 1,27,8
923916 * 5 * 2^n - 1,27,8
2256 * 2^n + 1,27,8
3990 * 2^n + 1,27,8
4620 * 2^n + 1,27,8
5265 * 2^n + 1,27,8
4620 * 2^n - 1,27,8
4710 * 2^n - 1,27,8
5025 * 2^n - 1,27,8
6000 * 2^n - 1,27,8
7335 * 2^n - 1,27,8
7980 * 2^n - 1,27,8
3^n + 910,27,8
2^n + 141 * 5,27,8
2^n + 1701 * 5,27,8
2^n + 5199 * 5,27,8
2^n + 10251 * 5,27,8
2^n + 11337 * 5,27,8
2^n + 11835 * 5,27,8
2^n + 12057 * 5,27,8
2^n + 12267 * 5,27,8
2^n + 12291 * 5,27,8
2^n + 14049 * 5,27,8
2^n + 14955 * 5,27,8
2^n + 15375 * 5,27,8
2^n * 75984 - 1,27,8
2^n * 185220 - 1,27,8
2^n * 170754 - 1,27,8
2^n * 147339 - 1,27,8
2^n * 480381 - 1,27,8
2^n * 555345 - 1,27,8
2^n * 80685 - 1,27,8
2^n * 354381 - 1,27,8
2^n * 321048 - 1,27,8
2^n * 995574 - 1,27,8
2^n * 472104 - 1,27,8
2^n * 347655 - 1,27,8
2^n * 492309 - 1,27,8
2^n * 144030 - 1,27,8
2^n * 467655 - 1,27,8
2^n * 48405 - 1,27,8
2^n * 41769 - 1,27,8
2^n * 49320 - 1,27,8
2^n * 84915 - 1,27,8
2^n * 7335 - 1,27,8
2^n * 5025 - 1,27,8
2^n * 78900 - 1,27,8
2^n - 76965,27,8
2^n - 87285,27,8
2^n - 94395,27,8
2^n - 96801,27,8
2^n - 97971,27,8
2^n - 2595,27,8
2^n - 8337,27,8
2^n - 17499,27,8
2^n - 24015,27,8
2^n - 26355,27,8
2^n - 28005,27,8
2^n - 31071,27,8
2^n - 32541,27,8
2^n - 32445,27,8
2^n - 38391,27,8
2^n - 38709,27,8
2^n - 52485,27,8
2^n - 54435,27,8
2^n - 67809,27,8
2^n - 69741,27,8
2^n - 70035,27,8
2^n - 5 * 45969,27,8
2^n - 5 * 86979,27,8
2^n * 33 + 2357,27,8
2^n * 33 + 2917,27,8
2^n * 33 + 3895,27,8
2^n * 33 + 4457,27,8
2^n * 33 + 6115,27,8
2^n + 7527 * 5,26,8
2^n + 5025 * 5,26,8
2^n + 4827 * 5,26,8
2^n + 2475 * 5,26,8
2^n + 2145 * 5,26,8
2^n + 843 * 5,26,8
921 * 2^n + 1,26,8
231 * 2^n + 1,26,8
2 * 3 * 6 * 2^n - 7 * 5,26,8
6 * 46 * 2^n - 77 * 5,26,8
6 * 57 * 2^n - 41 * 5,26,8
6 * 77 * 2^n - 95 * 5,26,8
6 * 46 * 2^n - 47 * 5,26,8
6 * 74 * 2^n - 61 * 5,26,8
6 * 68 * 2^n - 49 * 5,26,8
6 * 1 * 2^n - 469 * 5,26,8
6 * 2 * 2^n - 227 * 5,26,8
6 * 6 * 2^n - 835 * 5,26,8
6 * 7 * 2^n - 319 * 5,26,8
6 * 7 * 2^n - 577 * 5,26,8
6 * 7 * 2^n - 977 * 5,26,8
6 * 8 * 2^n - 227 * 5,26,8
6 * 9 * 2^n - 343 * 5,26,8
6 * 11 * 2^n - 733 * 5,26,8
6 * 11 * 2^n - 923 * 5,26,8
6 * 12 * 2^n - 365 * 5,26,8
6 * 13 * 2^n - 277 * 5,26,8
6 * 13 * 2^n - 323 * 5,26,8
6 * 14 * 2^n - 173 * 5,26,8
6 * 14 * 2^n - 577 * 5,26,8
6 * 17 * 2^n - 889 * 5,26,8
6 * 17 * 2^n - 919 * 5,26,8
6 * 18 * 2^n - 437 * 5,26,8
6 * 19 * 2^n - 575 * 5,26,8
6 * 21 * 2^n - 533 * 5,26,8
6 * 22 * 2^n - 119 * 5,26,8
6 * 24 * 2^n - 767 * 5,26,8
6 * 27 * 2^n - 491 * 5,26,8
6 * 28 * 2^n - 577 * 5,26,8
6 * 28 * 2^n - 715 * 5,26,8
6 * 29 * 2^n - 391 * 5,26,8
6 * 31 * 2^n - 667 * 5,26,8
6 * 32 * 2^n - 683 * 5,26,8
6 * 33 * 2^n - 155 * 5,26,8
6 * 33 * 2^n - 289 * 5,26,8
6 * 34 * 2^n - 37 * 5,26,8
6 * 33 * 2^n - 893 * 5,26,8
6 * 34 * 2^n - 919 * 5,26,8
6 * 37 * 2^n - 563 * 5,26,8
6 * 38 * 2^n - 1 * 5,26,8
6 * 38 * 2^n - 137 * 5,26,8
6 * 38 * 2^n - 415 * 5,26,8
6 * 38 * 2^n - 575 * 5,26,8
6 * 39 * 2^n - 335 * 5,26,8
6 * 41 * 2^n - 161 * 5,26,8
6 * 41 * 2^n - 325 * 5,26,8
6 * 42 * 2^n - 169 * 5,26,8
6 * 42 * 2^n - 533 * 5,26,8
6 * 42 * 2^n - 845 * 5,26,8
6 * 43 * 2^n - 475 * 5,26,8
6 * 43 * 2^n - 887 * 5,26,8
6 * 44 * 2^n - 395 * 5,26,8
6 * 44 * 2^n - 629 * 5,26,8
6 * 47 * 2^n - 191 * 5,26,8
6 * 47 * 2^n - 389 * 5,26,8
6 * 48 * 2^n - 365 * 5,26,8
6 * 48 * 2^n - 835 * 5,26,8
6 * 49 * 2^n - 215 * 5,26,8
6 * 49 * 2^n - 319 * 5,26,8
6 * 51 * 2^n - 559 * 5,26,8
6 * 52 * 2^n - 113 * 5,26,8
6 * 52 * 2^n - 323 * 5,26,8
6 * 52 * 2^n - 431 * 5,26,8
6 * 52 * 2^n - 697 * 5,26,8
6 * 53 * 2^n - 787 * 5,26,8
6 * 54 * 2^n - 233 * 5,26,8
6 * 54 * 2^n - 725 * 5,26,8
6 * 56 * 2^n - 319 * 5,26,8
6 * 57 * 2^n - 203 * 5,26,8
6 * 57 * 2^n - 451 * 5,26,8
6 * 58 * 2^n - 167 * 5,26,8
6 * 58 * 2^n - 391 * 5,26,8
6 * 59 * 2^n - 227 * 5,26,8
6 * 61 * 2^n - 473 * 5,26,8
6 * 61 * 2^n - 841 * 5,26,8
6 * 62 * 2^n - 389 * 5,26,8
6 * 63 * 2^n - 407 * 5,26,8
6 * 63 * 2^n - 421 * 5,26,8
6 * 63 * 2^n - 697 * 5,26,8
6 * 63 * 2^n - 845 * 5,26,8
6 * 63 * 2^n - 853 * 5,26,8
6 * 66 * 2^n - 323 * 5,26,8
6 * 66 * 2^n - 415 * 5,26,8
6 * 67 * 2^n - 637 * 5,26,8
6 * 71 * 2^n - 559 * 5,26,8
6 * 71 * 2^n - 803 * 5,26,8
6 * 73 * 2^n - 277 * 5,26,8
6 * 73 * 2^n - 613 * 5,26,8
6 * 74 * 2^n - 293 * 5,26,8
6 * 74 * 2^n - 661 * 5,26,8
6 * 77 * 2^n - 325 * 5,26,8
6 * 79 * 2^n - 115 * 5,26,8
6 * 79 * 2^n - 173 * 5,26,8
6 * 79 * 2^n - 341 * 5,26,8
6 * 81 * 2^n - 217 * 5,26,8
6 * 81 * 2^n - 437 * 5,26,8
6 * 81 * 2^n - 629 * 5,26,8
6 * 81 * 2^n - 899 * 5,26,8
6 * 82 * 2^n - 791 * 5,26,8
6 * 83 * 2^n - 793 * 5,26,8
6 * 84 * 2^n - 169 * 5,26,8
6 * 84 * 2^n - 533 * 5,26,8
6 * 86 * 2^n - 539 * 5,26,8
6 * 86 * 2^n - 887 * 5,26,8
6 * 87 * 2^n - 323 * 5,26,8
6 * 87 * 2^n - 499 * 5,26,8
6 * 91 * 2^n - 341 * 5,26,8
6 * 91 * 2^n - 557 * 5,26,8
6 * 91 * 2^n - 743 * 5,26,8
6 * 91 * 2^n - 967 * 5,26,8
6 * 93 * 2^n - 397 * 5,26,8
6 * 93 * 2^n - 845 * 5,26,8
6 * 93 * 2^n - 853 * 5,26,8
6 * 97 * 2^n - 373 * 5,26,8
6 * 99 * 2^n - 115 * 5,26,8
6 * 101 * 2^n - 253 * 5,26,8
6 * 101 * 2^n - 463 * 5,26,8
6 * 101 * 2^n - 709 * 5,26,8
6 * 101 * 2^n - 835 * 5,26,8
6 * 102 * 2^n - 577 * 5,26,8
6 * 104 * 2^n - 113 * 5,26,8
6 * 106 * 2^n - 223 * 5,26,8
6 * 107 * 2^n - 467 * 5,26,8
6 * 107 * 2^n - 679 * 5,26,8
6 * 108 * 2^n - 239 * 5,26,8
6 * 108 * 2^n - 427 * 5,26,8
6 * 108 * 2^n - 491 * 5,26,8
6 * 109 * 2^n - 649 * 5,26,8
6 * 109 * 2^n - 671 * 5,26,8
6 * 111 * 2^n - 193 * 5,26,8
6 * 112 * 2^n - 59 * 5,26,8
6 * 112 * 2^n - 319 * 5,26,8
6 * 114 * 2^n - 733 * 5,26,8
6 * 114 * 2^n - 941 * 5,26,8
6 * 116 * 2^n - 797 * 5,26,8
6 * 116 * 2^n - 913 * 5,26,8
6 * 117 * 2^n - 217 * 5,26,8
6 * 117 * 2^n - 449 * 5,26,8
6 * 118 * 2^n - 877 * 5,26,8
6 * 119 * 2^n - 101 * 5,26,8
6 * 119 * 2^n - 563 * 5,26,8
6 * 121 * 2^n - 133 * 5,26,8
6 * 121 * 2^n - 265 * 5,26,8
6 * 122 * 2^n - 85 * 5,26,8
6 * 122 * 2^n - 841 * 5,26,8
6 * 124 * 2^n - 359 * 5,26,8
6 * 124 * 2^n - 389 * 5,26,8
6 * 126 * 2^n - 341 * 5,26,8
6 * 126 * 2^n - 407 * 5,26,8
6 * 128 * 2^n - 187 * 5,26,8
6 * 129 * 2^n - 611 * 5,26,8
6 * 131 * 2^n - 751 * 5,26,8
6 * 132 * 2^n - 233 * 5,26,8
6 * 132 * 2^n - 289 * 5,26,8
6 * 132 * 2^n - 415 * 5,26,8
6 * 132 * 2^n - 895 * 5,26,8
6 * 134 * 2^n - 301 * 5,26,8
6 * 134 * 2^n - 391 * 5,26,8
6 * 134 * 2^n - 815 * 5,26,8
6 * 136 * 2^n - 67 * 5,26,8
6 * 136 * 2^n - 71 * 5,26,8
6 * 136 * 2^n - 709 * 5,26,8
6 * 136 * 2^n - 751 * 5,26,8
6 * 137 * 2^n - 643 * 5,26,8
6 * 138 * 2^n - 613 * 5,26,8
6 * 139 * 2^n - 205 * 5,26,8
6 * 139 * 2^n - 323 * 5,26,8
6 * 139 * 2^n - 667 * 5,26,8
6 * 141 * 2^n - 385 * 5,26,8
6 * 141 * 2^n - 889 * 5,26,8
6 * 142 * 2^n - 803 * 5,26,8
6 * 143 * 2^n - 511 * 5,26,8
6 * 144 * 2^n - 419 * 5,26,8
6 * 144 * 2^n - 607 * 5,26,8
6 * 146 * 2^n - 289 * 5,26,8
6 * 146 * 2^n - 961 * 5,26,8
6 * 147 * 2^n - 149 * 5,26,8
6 * 147 * 2^n - 509 * 5,26,8
6 * 148 * 2^n - 161 * 5,26,8
6 * 148 * 2^n - 203 * 5,26,8
6 * 149 * 2^n - 59 * 5,26,8
6 * 151 * 2^n - 385 * 5,26,8
6 * 152 * 2^n - 137 * 5,26,8
6 * 152 * 2^n - 413 * 5,26,8
6 * 154 * 2^n - 167 * 5,26,8
6 * 156 * 2^n - 157 * 5,26,8
6 * 156 * 2^n - 335 * 5,26,8
6 * 156 * 2^n - 713 * 5,26,8
6 * 157 * 2^n - 533 * 5,26,8
6 * 157 * 2^n - 707 * 5,26,8
6 * 157 * 2^n - 833 * 5,26,8
6 * 158 * 2^n - 115 * 5,26,8
6 * 158 * 2^n - 341 * 5,26,8
6 * 158 * 2^n - 905 * 5,26,8
6 * 161 * 2^n - 407 * 5,26,8
6 * 161 * 2^n - 521 * 5,26,8
6 * 161 * 2^n - 797 * 5,26,8
6 * 162 * 2^n - 385 * 5,26,8
6 * 162 * 2^n - 805 * 5,26,8
6 * 162 * 2^n - 875 * 5,26,8
6 * 162 * 2^n - 913 * 5,26,8
6 * 163 * 2^n - 461 * 5,26,8
6 * 164 * 2^n - 325 * 5,26,8
6 * 164 * 2^n - 739 * 5,26,8
6 * 164 * 2^n - 785 * 5,26,8
6 * 166 * 2^n - 7 * 5,26,8
6 * 167 * 2^n - 331 * 5,26,8
6 * 168 * 2^n - 845 * 5,26,8
6 * 169 * 2^n - 581 * 5,26,8
6 * 171 * 2^n - 233 * 5,26,8
6 * 171 * 2^n - 721 * 5,26,8
6 * 171 * 2^n - 767 * 5,26,8
6 * 172 * 2^n - 803 * 5,26,8
6 * 173 * 2^n - 277 * 5,26,8
6 * 174 * 2^n - 373 * 5,26,8
6 * 174 * 2^n - 463 * 5,26,8
6 * 174 * 2^n - 959 * 5,26,8
6 * 176 * 2^n - 395 * 5,26,8
6 * 177 * 2^n - 409 * 5,26,8
6 * 177 * 2^n - 439 * 5,26,8
6 * 177 * 2^n - 719 * 5,26,8
6 * 178 * 2^n - 263 * 5,26,8
6 * 178 * 2^n - 701 * 5,26,8
6 * 178 * 2^n - 709 * 5,26,8
6 * 178 * 2^n - 833 * 5,26,8
6 * 179 * 2^n - 811 * 5,26,8
6 * 179 * 2^n - 941 * 5,26,8
6 * 181 * 2^n - 539 * 5,26,8
6 * 182 * 2^n - 569 * 5,26,8
6 * 182 * 2^n - 935 * 5,26,8
6 * 182 * 2^n - 967 * 5,26,8
6 * 184 * 2^n - 511 * 5,26,8
6 * 186 * 2^n - 91 * 5,26,8
6 * 186 * 2^n - 199 * 5,26,8
6 * 186 * 2^n - 245 * 5,26,8
6 * 187 * 2^n - 541 * 5,26,8
6 * 187 * 2^n - 823 * 5,26,8
6 * 188 * 2^n - 389 * 5,26,8
6 * 189 * 2^n - 125 * 5,26,8
6 * 189 * 2^n - 271 * 5,26,8
6 * 192 * 2^n - 79 * 5,26,8
6 * 192 * 2^n - 767 * 5,26,8
6 * 192 * 2^n - 835 * 5,26,8
6 * 193 * 2^n - 685 * 5,26,8
6 * 193 * 2^n - 923 * 5,26,8
6 * 194 * 2^n - 43 * 5,26,8
6 * 194 * 2^n - 841 * 5,26,8
6 * 194 * 2^n - 863 * 5,26,8
6 * 196 * 2^n - 305 * 5,26,8
6 * 196 * 2^n - 319 * 5,26,8
6 * 199 * 2^n - 413 * 5,26,8
6 * 202 * 2^n - 127 * 5,26,8
6 * 202 * 2^n - 253 * 5,26,8
6 * 202 * 2^n - 835 * 5,26,8
6 * 203 * 2^n - 953 * 5,26,8
6 * 204 * 2^n - 349 * 5,26,8
6 * 204 * 2^n - 413 * 5,26,8
6 * 204 * 2^n - 581 * 5,26,8
6 * 207 * 2^n - 35 * 5,26,8
6 * 207 * 2^n - 187 * 5,26,8
6 * 208 * 2^n - 277 * 5,26,8
6 * 208 * 2^n - 581 * 5,26,8
6 * 208 * 2^n - 697 * 5,26,8
6 * 209 * 2^n - 799 * 5,26,8
6 * 209 * 2^n - 859 * 5,26,8
6 * 211 * 2^n - 763 * 5,26,8
6 * 212 * 2^n - 241 * 5,26,8
6 * 212 * 2^n - 259 * 5,26,8
6 * 212 * 2^n - 787 * 5,26,8
6 * 212 * 2^n - 847 * 5,26,8
6 * 213 * 2^n - 487 * 5,26,8
6 * 214 * 2^n - 307 * 5,26,8
6 * 214 * 2^n - 703 * 5,26,8
6 * 216 * 2^n - 49 * 5,26,8
6 * 217 * 2^n - 929 * 5,26,8
6 * 218 * 2^n - 35 * 5,26,8
6 * 219 * 2^n - 271 * 5,26,8
6 * 221 * 2^n - 503 * 5,26,8
6 * 221 * 2^n - 539 * 5,26,8
6 * 221 * 2^n - 965 * 5,26,8
6 * 222 * 2^n - 589 * 5,26,8
6 * 223 * 2^n - 149 * 5,26,8
6 * 223 * 2^n - 317 * 5,26,8
6 * 224 * 2^n - 521 * 5,26,8
6 * 224 * 2^n - 577 * 5,26,8
6 * 224 * 2^n - 691 * 5,26,8
6 * 224 * 2^n - 871 * 5,26,8
6 * 226 * 2^n - 61 * 5,26,8
6 * 226 * 2^n - 773 * 5,26,8
6 * 226 * 2^n - 845 * 5,26,8
6 * 227 * 2^n - 457 * 5,26,8
6 * 228 * 2^n - 283 * 5,26,8
6 * 228 * 2^n - 451 * 5,26,8
6 * 229 * 2^n - 827 * 5,26,8
6 * 231 * 2^n - 65 * 5,26,8
6 * 231 * 2^n - 313 * 5,26,8
6 * 231 * 2^n - 625 * 5,26,8
6 * 232 * 2^n - 311 * 5,26,8
6 * 232 * 2^n - 467 * 5,26,8
6 * 232 * 2^n - 797 * 5,26,8
6 * 233 * 2^n - 685 * 5,26,8
6 * 234 * 2^n - 217 * 5,26,8
6 * 234 * 2^n - 739 * 5,26,8
6 * 234 * 2^n - 743 * 5,26,8
6 * 236 * 2^n - 659 * 5,26,8
6 * 237 * 2^n - 155 * 5,26,8
6 * 237 * 2^n - 457 * 5,26,8
6 * 237 * 2^n - 521 * 5,26,8
6 * 237 * 2^n - 799 * 5,26,8
6 * 237 * 2^n - 959 * 5,26,8
6 * 238 * 2^n - 257 * 5,26,8
6 * 238 * 2^n - 619 * 5,26,8
6 * 239 * 2^n - 7 * 5,26,8
6 * 239 * 2^n - 691 * 5,26,8
6 * 241 * 2^n - 707 * 5,26,8
6 * 243 * 2^n - 115 * 5,26,8
6 * 243 * 2^n - 511 * 5,26,8
6 * 244 * 2^n - 473 * 5,26,8
6 * 244 * 2^n - 841 * 5,26,8
6 * 244 * 2^n - 925 * 5,26,8
6 * 246 * 2^n - 19 * 5,26,8
6 * 246 * 2^n - 131 * 5,26,8
6 * 247 * 2^n - 83 * 5,26,8
6 * 247 * 2^n - 427 * 5,26,8
6 * 247 * 2^n - 791 * 5,26,8
6 * 248 * 2^n - 389 * 5,26,8
6 * 248 * 2^n - 611 * 5,26,8
6 * 248 * 2^n - 667 * 5,26,8
6 * 248 * 2^n - 697 * 5,26,8
6 * 249 * 2^n - 203 * 5,26,8
6 * 252 * 2^n - 47 * 5,26,8
6 * 252 * 2^n - 265 * 5,26,8
6 * 252 * 2^n - 457 * 5,26,8
2 * 3 * 12 * 2^n - 67 * 5,26,8
2 * 3 * 26 * 2^n - 5 * 5,26,8
2 * 3 * 48 * 2^n - 37 * 5,26,8
2 * 3 * 52 * 2^n - 7 * 5,26,8
2 * 3 * 57 * 2^n - 7 * 5,26,8
2 * 3 * 74 * 2^n - 5 * 5,26,8
2 * 3 * 81 * 2^n - 65 * 5,26,8
2 * 3 * 84 * 2^n - 83 * 5,26,8
2 * 3 * 87 * 2^n - 77 * 5,26,8
2 * 3 * 88 * 2^n - 25 * 5,26,8
2 * 3 * 96 * 2^n - 47 * 5,26,8
2 * 3 * 97 * 2^n - 17 * 5,26,8
2 * 3 * 11 * 95386 * 2^n - 25 * 5,26,8
7623819 * 5 * 2^n - 1,26,8
4769601 * 5 * 2^n - 1,26,8
2423232 * 5 * 2^n - 1,26,8
1018479 * 5 * 2^n - 1,26,8
122013 * 5 * 2^n + 1,26,8
9008103 * 5 * 2^n + 1,26,8
9544884 * 5 * 2^n + 1,26,8
(1 + 8) * 2^(n - 8 + 1) - (6 + 1),26,8
(1 + 8) * 2^(n - 10 + 1) - (4 + 1),26,8
(1 + 9) * 2^(n - 2 + 1) - (2 + 1),26,8
(1 + 9) * 2^(n - 7 + 1) - (2 + 1),26,8
(1 + 43) * 2^(n - 2 + 1) - (2 + 1),26,8
(2) * 3 * 11 * 2 * 2 * 2^n - 13 * 5 * 317,26,8
(2) * 3 * 11 * 2 * 2 * 2^n - 13 * 5 * 1021,26,8
(2) * 3 * 11 * 2 * 2 * 2^n - 13 * 5 * 3187,26,8
(2) * 3 * 11 * 2 * 2 * 2^n - 13 * 5 * 4643,26,8
(2) * 3 * 11 * 2 * 2 * 2^n - 13 * 5 * 4673,26,8
(2) * 3 * 11 * 2 * 2 * 2^n - 13 * 5 * 7879,26,8
(2) * 3 * 11 * 2 * 3 * 2^n - 13 * 5 * 2477,26,8
(2) * 3 * 11 * 2 * 3 * 2^n - 13 * 5 * 2693,26,8
(2) * 3 * 11 * 2 * 8803 * 2^n - 13 * 5 * 7039,26,8
(2) * 3 * 11 * 2 * 359 * 2^n - 13 * 5 * 4129,26,8
(2) * 3 * 11 * 2 * 7757 * 2^n - 13 * 5 * 1499,26,8
(2) * 3 * 11 * 2 * 7873 * 2^n - 13 * 5 * 1637,26,8
(2) * 3 * 11 * 2 * 9091 * 2^n - 13 * 5 * 6781,26,8
(2) * 3 * 11 * 2 * 3457 * 2^n - 13 * 5 * 1259,26,8
(2) * 3 * 11 * 2 * 7507 * 2^n - 13 * 5 * 2953,26,8
(2) * 3 * 11 * 2 * 4079 * 2^n - 13 * 5 * 1667,26,8
(2) * 3 * 11 * 2 * 6779 * 2^n - 13 * 5 * 5101,26,8
(2) * 3 * 11 * 2 * 1069 * 2^n - 13 * 5 * 8363,26,8
(2) * 3 * 11 * 2 * 1901 * 2^n - 13 * 5 * 3257,26,8
(2) * 3 * 11 * 2 * 2099 * 2^n - 13 * 5 * 7817,26,8
(2) * 3 * 11 * 2 * 6257 * 2^n - 13 * 5 * 419,26,8
(2) * 3 * 11 * 2 * 9967 * 2^n - 13 * 5 * 2887,26,8
(2) * 3 * 11 * 2 * 4523 * 2^n - 13 * 5 * 1439,26,8
(2) * 3 * 11 * 2 * 9463 * 2^n - 13 * 5 * 2399,26,8
(2) * 3 * 11 * 2 * 1 * 2^n - 13 * 5 * 113,26,8
(2) * 3 * 11 * 2 * 1 * 2^n - 13 * 5 * 157,26,8
(2) * 3 * 11 * 2 * 2 * 2^n - 13 * 5 * 125,26,8
(2) * 3 * 11 * 2 * 11 * 2^n - 13 * 5 * 65,26,8
(2) * 3 * 11 * 2 * 11 * 2^n - 13 * 5 * 247,26,8
(2) * 3 * 11 * 2 * 12 * 2^n - 13 * 5 * 79,26,8
(2) * 3 * 11 * 2 * 12 * 2^n - 13 * 5 * 139,26,8
(2) * 3 * 11 * 2 * 14 * 2^n - 13 * 5 * 137,26,8
(2) * 3 * 11 * 2 * 16 * 2^n - 13 * 5 * 125,26,8
(2) * 3 * 11 * 2 * 11 * 2^n - 13 * 5 * 127,26,8
(2) * 3 * 11 * 2 * 23 * 2^n - 13 * 5 * 127,26,8
(2) * 3 * 11 * 2 * 43 * 2^n - 13 * 5 * 79,26,8
(2) * 3 * 11 * 2 * 61 * 2^n - 13 * 5 * 197,26,8
(2) * 3 * 11 * 2 * 107 * 2^n - 13 * 5 * 197,26,8
(2) * 3 * 11 * 2 * 151 * 2^n - 13 * 5 * 71,26,8
(2) * 3 * 11 * 2 * 157 * 2^n - 13 * 5 * 19,26,8
(2) * 3 * 11 * 2 * 173 * 2^n - 13 * 5 * 23,26,8
(2) * 3 * 11 * 2 * 173 * 2^n - 13 * 5 * 181,26,8
2 * 3 * 1 * 2^n - 119 * 5,26,8
(2) * 3 * 11 * 2 * 109 * 7 * 2^n - 13 * 5 * 193 * 419,26,8
(2) * 3 * 11 * 2 * 109 * 11 * 2^n - 13 * 5 * 193 * 347,26,8
(2) * 3 * 11 * 2 * 109 * 17 * 2^n - 13 * 5 * 193 * 59,26,8
(2) * 3 * 11 * 2 * 109 * 17 * 2^n - 13 * 5 * 193 * 61,26,8
(2) * 3 * 11 * 2 * 109 * 17 * 2^n - 13 * 5 * 193 * 167,26,8
(2) * 3 * 11 * 2 * 109 * 17 * 2^n - 13 * 5 * 193 * 461,26,8
(2) * 3 * 11 * 2 * 109 * 17 * 2^n - 13 * 5 * 193 * 503,26,8
(2) * 3 * 11 * 2 * 109 * 17 * 2^n - 13 * 5 * 193 * 661,26,8
(2) * 3 * 11 * 2 * 109 * 23 * 2^n - 13 * 5 * 193 * 113,26,8
5 * 21 * 3^n + 2 * 82,26,8
5 * 31 * 3^n + 2 * 88,26,8
5 * 63 * 3^n + 2 * 59,26,8
978 * 2^n - 1,26,8
1476 * 2^n - 1,26,8
1875 * 2^n - 1,26,8
5 * 6013506 * 2^n - 1,26,8
407346 * 5 * 2^n - 1,26,8
481587 * 5 * 2^n - 1,26,8
1338 * 2^n + 1,26,8
1992 * 2^n + 1,26,8
2025 * 2^n + 1,26,8
3879 * 2^n + 1,26,8
5709 * 2^n + 1,26,8
5964 * 2^n + 1,26,8
6240 * 2^n - 1,26,8
6303 * 2^n - 1,26,8
7500 * 2^n - 1,26,8
10689 * 2^n - 1,26,8
10755 * 2^n - 1,26,8
2^n + 945,26,8
4^n + 435,26,8
2^n + 189 * 5,26,8
2^n + 5425 * 5,26,8
120 * 2^n - 1,26,8
2^n + 10419 * 5,26,8
2^n + 10605 * 5,26,8
2^n + 11073 * 5,26,8
2^n + 12339 * 5,26,8
2^n + 12519 * 5,26,8
2^n + 12927 * 5,26,8
2^n + 13299 * 5,26,8
2^n + 14475 * 5,26,8
2^n + 15819 * 5,26,8
2^n * 934164 - 1,26,8
2^n * 539790 - 1,26,8
2^n * 342870 - 1,26,8
2^n * 147840 - 1,26,8
2^n * 317310 - 1,26,8
2^n * 701595 - 1,26,8
2^n * 36195 - 1,26,8
2^n * 17835 - 1,26,8
2^n * 12453 - 1,26,8
2^n * 20394 - 1,26,8
2^n * 1875 - 1,26,8
2^n * 72369 - 1,26,8
2^n * 93555 - 1,26,8
2^n * 22875 - 1,26,8
2^n * 50874 - 1,26,8
2^n * 6240 - 1,26,8
2^n * 22854 - 1,26,8
2^n * 59409 - 1,26,8
2^n * 52380 - 1,26,8
2^n - 59475,26,8
2^n - 77259,26,8
2^n - 78819,26,8
2^n - 79665,26,8
2^n - 85575,26,8
2^n - 92469,26,8
2^n - 93735,26,8
2^n - 405,26,8
2^n - 14685,26,8
2^n - 19215,26,8
2^n - 20223,26,8
2^n - 20355,26,8
2^n - 21321,26,8
2^n - 23695,26,8
2^n - 24111,26,8
2^n - 29511,26,8
2^n - 37539,26,8
2^n - 41655,26,8
2^n - 44775,26,8
2^n - 48075,26,8
2^n - 56511,26,8
2^n - 56241,26,8
2^n - 68379,26,8
2^n - 72675,26,8
2^n * 33 + 1147,26,8
2^n * 33 + 2005,26,8
2^n * 33 + 2639,26,8
2^n * 33 + 5155,26,8
2^n * 33 + 6187,26,8
3^n * 5 + 1 * 2^n + 30,26,8
3^n * 7 + 2 * 2^n + 18,26,8
3^n * 13 + 16 * 2^n + 30,26,8
3^n * 14 + 25 * 2^n + 15,26,8
3^n * 15 + 2 * 2^n + 30,26,8
3^n * 25 + 15 * 2^n + 26,26,8
2^n + 8229 * 5,25,8
2^n + 7899 * 5,25,8
2^n + 7623 * 5,25,8
2^n + 7539 * 5,25,8
2^n + 7159 * 5,25,8
2^n + 6177 * 5,25,8
2^n + 6513 * 5,25,8
2^n + 6117 * 5,25,8
2^n + 4989 * 5,25,8
2^n + 4557 * 5,25,8
2^n + 4899 * 5,25,8
2^n + 3183 * 5,25,8
2^n + 2295 * 5,25,8
2^n + 2523 * 5,25,8
2^n + 2271 * 5,25,8
2^n + 1207 * 5,25,8
504 * 2^n + 1,25,8
540 * 2^n + 1,25,8
6 * 52 * 2^n - 67 * 5,25,8
6 * 53 * 2^n - 13 * 5,25,8
6 * 61 * 2^n - 25 * 5,25,8
6 * 62 * 2^n - 95 * 5,25,8
6 * 67 * 2^n - 97 * 5,25,8
6 * 12 * 2^n - 49 * 5,25,8
6 * 39 * 2^n - 89 * 5,25,8
6 * 76 * 2^n - 1 * 5,25,8
6 * 99 * 2^n - 85 * 5,25,8
6 * 1 * 2^n - 175 * 5,25,8
6 * 1 * 2^n - 349 * 5,25,8
6 * 1 * 2^n - 607 * 5,25,8
6 * 2 * 2^n - 299 * 5,25,8
6 * 4 * 2^n - 419 * 5,25,8
6 * 7 * 2^n - 41 * 5,25,8
6 * 9 * 2^n - 293 * 5,25,8
6 * 9 * 2^n - 455 * 5,25,8
6 * 9 * 2^n - 481 * 5,25,8
6 * 9 * 2^n - 497 * 5,25,8
6 * 9 * 2^n - 997 * 5,25,8
6 * 11 * 2^n - 577 * 5,25,8
6 * 13 * 2^n - 245 * 5,25,8
6 * 14 * 2^n - 143 * 5,25,8
6 * 14 * 2^n - 467 * 5,25,8
6 * 14 * 2^n - 521 * 5,25,8
6 * 16 * 2^n - 413 * 5,25,8
6 * 16 * 2^n - 671 * 5,25,8
6 * 17 * 2^n - 379 * 5,25,8
6 * 17 * 2^n - 445 * 5,25,8
6 * 17 * 2^n - 725 * 5,25,8
6 * 17 * 2^n - 977 * 5,25,8
6 * 18 * 2^n - 145 * 5,25,8
6 * 18 * 2^n - 895 * 5,25,8
6 * 18 * 2^n - 979 * 5,25,8
6 * 21 * 2^n - 125 * 5,25,8
6 * 22 * 2^n - 965 * 5,25,8
6 * 23 * 2^n - 629 * 5,25,8
6 * 23 * 2^n - 649 * 5,25,8
6 * 23 * 2^n - 931 * 5,25,8
6 * 26 * 2^n - 245 * 5,25,8
6 * 27 * 2^n - 779 * 5,25,8
6 * 28 * 2^n - 467 * 5,25,8
6 * 28 * 2^n - 923 * 5,25,8
6 * 29 * 2^n - 923 * 5,25,8
6 * 31 * 2^n - 611 * 5,25,8
6 * 32 * 2^n - 73 * 5,25,8
6 * 31 * 2^n - 967 * 5,25,8
6 * 32 * 2^n - 419 * 5,25,8
6 * 32 * 2^n - 901 * 5,25,8
6 * 34 * 2^n - 239 * 5,25,8
6 * 36 * 2^n - 497 * 5,25,8
6 * 38 * 2^n - 109 * 5,25,8
6 * 38 * 2^n - 487 * 5,25,8
6 * 38 * 2^n - 799 * 5,25,8
6 * 39 * 2^n - 665 * 5,25,8
6 * 41 * 2^n - 395 * 5,25,8
6 * 41 * 2^n - 715 * 5,25,8
6 * 42 * 2^n - 191 * 5,25,8
6 * 42 * 2^n - 419 * 5,25,8
6 * 43 * 2^n - 727 * 5,25,8
6 * 44 * 2^n - 185 * 5,25,8
6 * 46 * 2^n - 217 * 5,25,8
6 * 47 * 2^n - 371 * 5,25,8
6 * 49 * 2^n - 269 * 5,25,8
6 * 49 * 2^n - 671 * 5,25,8
6 * 51 * 2^n - 397 * 5,25,8
6 * 51 * 2^n - 511 * 5,25,8
6 * 51 * 2^n - 521 * 5,25,8
6 * 52 * 2^n - 203 * 5,25,8
6 * 53 * 2^n - 143 * 5,25,8
6 * 53 * 2^n - 679 * 5,25,8
6 * 54 * 2^n - 779 * 5,25,8
6 * 59 * 2^n - 73 * 5,25,8
6 * 56 * 2^n - 335 * 5,25,8
6 * 56 * 2^n - 521 * 5,25,8
6 * 56 * 2^n - 769 * 5,25,8
6 * 57 * 2^n - 301 * 5,25,8
6 * 61 * 2^n - 253 * 5,25,8
6 * 61 * 2^n - 989 * 5,25,8
6 * 62 * 2^n - 161 * 5,25,8
6 * 62 * 2^n - 365 * 5,25,8
6 * 62 * 2^n - 443 * 5,25,8
6 * 62 * 2^n - 491 * 5,25,8
6 * 62 * 2^n - 935 * 5,25,8
6 * 63 * 2^n - 359 * 5,25,8
6 * 64 * 2^n - 7 * 5,25,8
6 * 66 * 2^n - 623 * 5,25,8
6 * 66 * 2^n - 799 * 5,25,8
6 * 74 * 2^n - 5 * 5,25,8
6 * 68 * 2^n - 389 * 5,25,8
6 * 68 * 2^n - 737 * 5,25,8
6 * 69 * 2^n - 287 * 5,25,8
6 * 69 * 2^n - 365 * 5,25,8
6 * 72 * 2^n - 853 * 5,25,8
6 * 73 * 2^n - 359 * 5,25,8
6 * 78 * 2^n - 89 * 5,25,8
6 * 74 * 2^n - 319 * 5,25,8
6 * 74 * 2^n - 665 * 5,25,8
6 * 76 * 2^n - 527 * 5,25,8
6 * 77 * 2^n - 347 * 5,25,8
6 * 77 * 2^n - 851 * 5,25,8
6 * 77 * 2^n - 871 * 5,25,8
6 * 78 * 2^n - 665 * 5,25,8
6 * 79 * 2^n - 425 * 5,25,8
6 * 81 * 2^n - 541 * 5,25,8
6 * 82 * 2^n - 137 * 5,25,8
6 * 82 * 2^n - 277 * 5,25,8
6 * 82 * 2^n - 527 * 5,25,8
6 * 82 * 2^n - 667 * 5,25,8
6 * 83 * 2^n - 301 * 5,25,8
6 * 84 * 2^n - 731 * 5,25,8
6 * 86 * 2^n - 139 * 5,25,8
6 * 86 * 2^n - 299 * 5,25,8
6 * 86 * 2^n - 451 * 5,25,8
6 * 87 * 2^n - 373 * 5,25,8
6 * 87 * 2^n - 529 * 5,25,8
6 * 88 * 2^n - 535 * 5,25,8
6 * 89 * 2^n - 145 * 5,25,8
6 * 89 * 2^n - 527 * 5,25,8
6 * 89 * 2^n - 673 * 5,25,8
6 * 89 * 2^n - 835 * 5,25,8
6 * 91 * 2^n - 451 * 5,25,8
6 * 92 * 2^n - 535 * 5,25,8
6 * 92 * 2^n - 623 * 5,25,8
6 * 92 * 2^n - 629 * 5,25,8
6 * 92 * 2^n - 649 * 5,25,8
6 * 93 * 2^n - 109 * 5,25,8
6 * 93 * 2^n - 605 * 5,25,8
6 * 97 * 2^n - 427 * 5,25,8
6 * 98 * 2^n - 193 * 5,25,8
6 * 98 * 2^n - 335 * 5,25,8
6 * 98 * 2^n - 851 * 5,25,8
6 * 99 * 2^n - 269 * 5,25,8
6 * 99 * 2^n - 773 * 5,25,8
6 * 101 * 2^n - 935 * 5,25,8
6 * 102 * 2^n - 5 * 5,25,8
6 * 102 * 2^n - 343 * 5,25,8
6 * 102 * 2^n - 461 * 5,25,8
6 * 102 * 2^n - 521 * 5,25,8
6 * 103 * 2^n - 709 * 5,25,8
6 * 106 * 2^n - 47 * 5,25,8
6 * 106 * 2^n - 871 * 5,25,8
6 * 107 * 2^n - 727 * 5,25,8
6 * 108 * 2^n - 29 * 5,25,8
6 * 108 * 2^n - 35 * 5,25,8
6 * 108 * 2^n - 151 * 5,25,8
6 * 108 * 2^n - 347 * 5,25,8
6 * 109 * 2^n - 245 * 5,25,8
6 * 109 * 2^n - 257 * 5,25,8
6 * 109 * 2^n - 413 * 5,25,8
6 * 109 * 2^n - 455 * 5,25,8
6 * 111 * 2^n - 217 * 5,25,8
6 * 111 * 2^n - 611 * 5,25,8
6 * 111 * 2^n - 931 * 5,25,8
6 * 112 * 2^n - 143 * 5,25,8
6 * 112 * 2^n - 691 * 5,25,8
6 * 112 * 2^n - 935 * 5,25,8
6 * 114 * 2^n - 41 * 5,25,8
6 * 114 * 2^n - 125 * 5,25,8
6 * 118 * 2^n - 73 * 5,25,8
6 * 119 * 2^n - 311 * 5,25,8
6 * 119 * 2^n - 655 * 5,25,8
6 * 119 * 2^n - 787 * 5,25,8
6 * 121 * 2^n - 545 * 5,25,8
6 * 123 * 2^n - 65 * 5,25,8
6 * 123 * 2^n - 229 * 5,25,8
6 * 123 * 2^n - 829 * 5,25,8
6 * 123 * 2^n - 895 * 5,25,8
6 * 124 * 2^n - 443 * 5,25,8
6 * 124 * 2^n - 449 * 5,25,8
6 * 124 * 2^n - 791 * 5,25,8
6 * 126 * 2^n - 37 * 5,25,8
6 * 126 * 2^n - 43 * 5,25,8
6 * 126 * 2^n - 541 * 5,25,8
6 * 126 * 2^n - 989 * 5,25,8
6 * 127 * 2^n - 131 * 5,25,8
6 * 127 * 2^n - 857 * 5,25,8
6 * 129 * 2^n - 463 * 5,25,8
6 * 129 * 2^n - 527 * 5,25,8
6 * 131 * 2^n - 361 * 5,25,8
6 * 131 * 2^n - 595 * 5,25,8
6 * 132 * 2^n - 317 * 5,25,8
6 * 132 * 2^n - 361 * 5,25,8
6 * 132 * 2^n - 371 * 5,25,8
6 * 133 * 2^n - 937 * 5,25,8
6 * 134 * 2^n - 97 * 5,25,8
6 * 134 * 2^n - 649 * 5,25,8
6 * 136 * 2^n - 49 * 5,25,8
6 * 136 * 2^n - 109 * 5,25,8
6 * 136 * 2^n - 389 * 5,25,8
6 * 136 * 2^n - 725 * 5,25,8
6 * 137 * 2^n - 61 * 5,25,8
6 * 137 * 2^n - 343 * 5,25,8
6 * 138 * 2^n - 683 * 5,25,8
6 * 139 * 2^n - 473 * 5,25,8
6 * 141 * 2^n - 101 * 5,25,8
6 * 142 * 2^n - 577 * 5,25,8
6 * 143 * 2^n - 107 * 5,25,8
6 * 143 * 2^n - 127 * 5,25,8
6 * 143 * 2^n - 557 * 5,25,8
6 * 144 * 2^n - 175 * 5,25,8
6 * 144 * 2^n - 199 * 5,25,8
6 * 144 * 2^n - 293 * 5,25,8
6 * 144 * 2^n - 997 * 5,25,8
6 * 147 * 2^n - 187 * 5,25,8
6 * 147 * 2^n - 695 * 5,25,8
6 * 148 * 2^n - 61 * 5,25,8
6 * 148 * 2^n - 383 * 5,25,8
6 * 149 * 2^n - 125 * 5,25,8
6 * 149 * 2^n - 559 * 5,25,8
6 * 149 * 2^n - 913 * 5,25,8
6 * 149 * 2^n - 937 * 5,25,8
6 * 152 * 2^n - 1 * 5,25,8
6 * 153 * 2^n - 203 * 5,25,8
6 * 153 * 2^n - 977 * 5,25,8
6 * 154 * 2^n - 215 * 5,25,8
6 * 154 * 2^n - 271 * 5,25,8
6 * 154 * 2^n - 851 * 5,25,8
6 * 154 * 2^n - 991 * 5,25,8
6 * 157 * 2^n - 337 * 5,25,8
6 * 158 * 2^n - 229 * 5,25,8
6 * 158 * 2^n - 293 * 5,25,8
6 * 158 * 2^n - 451 * 5,25,8
6 * 158 * 2^n - 689 * 5,25,8
6 * 161 * 2^n - 355 * 5,25,8
6 * 161 * 2^n - 485 * 5,25,8
6 * 163 * 2^n - 875 * 5,25,8
6 * 164 * 2^n - 137 * 5,25,8
6 * 164 * 2^n - 169 * 5,25,8
6 * 164 * 2^n - 527 * 5,25,8
6 * 164 * 2^n - 665 * 5,25,8
6 * 164 * 2^n - 749 * 5,25,8
6 * 164 * 2^n - 875 * 5,25,8
6 * 166 * 2^n - 445 * 5,25,8
6 * 166 * 2^n - 737 * 5,25,8
6 * 167 * 2^n - 547 * 5,25,8
6 * 167 * 2^n - 749 * 5,25,8
6 * 167 * 2^n - 863 * 5,25,8
6 * 168 * 2^n - 103 * 5,25,8
6 * 168 * 2^n - 215 * 5,25,8
6 * 168 * 2^n - 347 * 5,25,8
6 * 169 * 2^n - 397 * 5,25,8
6 * 169 * 2^n - 769 * 5,25,8
6 * 169 * 2^n - 791 * 5,25,8
6 * 171 * 2^n - 751 * 5,25,8
6 * 171 * 2^n - 785 * 5,25,8
6 * 171 * 2^n - 847 * 5,25,8
6 * 172 * 2^n - 341 * 5,25,8
6 * 172 * 2^n - 451 * 5,25,8
6 * 172 * 2^n - 551 * 5,25,8
6 * 172 * 2^n - 733 * 5,25,8
6 * 173 * 2^n - 569 * 5,25,8
6 * 174 * 2^n - 431 * 5,25,8
6 * 174 * 2^n - 553 * 5,25,8
6 * 176 * 2^n - 19 * 5,25,8
6 * 176 * 2^n - 593 * 5,25,8
6 * 176 * 2^n - 859 * 5,25,8
6 * 176 * 2^n - 899 * 5,25,8
6 * 177 * 2^n - 203 * 5,25,8
6 * 177 * 2^n - 451 * 5,25,8
6 * 178 * 2^n - 401 * 5,25,8
6 * 178 * 2^n - 541 * 5,25,8
6 * 179 * 2^n - 307 * 5,25,8
6 * 179 * 2^n - 539 * 5,25,8
6 * 181 * 2^n - 641 * 5,25,8
6 * 182 * 2^n - 95 * 5,25,8
6 * 182 * 2^n - 397 * 5,25,8
6 * 183 * 2^n - 31 * 5,25,8
6 * 183 * 2^n - 559 * 5,25,8
6 * 183 * 2^n - 845 * 5,25,8
6 * 184 * 2^n - 535 * 5,25,8
6 * 184 * 2^n - 623 * 5,25,8
6 * 184 * 2^n - 649 * 5,25,8
6 * 186 * 2^n - 77 * 5,25,8
6 * 186 * 2^n - 601 * 5,25,8
6 * 187 * 2^n - 329 * 5,25,8
6 * 188 * 2^n - 193 * 5,25,8
6 * 189 * 2^n - 31 * 5,25,8
6 * 189 * 2^n - 97 * 5,25,8
6 * 189 * 2^n - 107 * 5,25,8
6 * 191 * 2^n - 815 * 5,25,8
6 * 192 * 2^n - 611 * 5,25,8
6 * 194 * 2^n - 529 * 5,25,8
6 * 196 * 2^n - 295 * 5,25,8
6 * 196 * 2^n - 709 * 5,25,8
6 * 196 * 2^n - 797 * 5,25,8
6 * 198 * 2^n - 419 * 5,25,8
6 * 199 * 2^n - 767 * 5,25,8
6 * 201 * 2^n - 893 * 5,25,8
6 * 202 * 2^n - 905 * 5,25,8
6 * 203 * 2^n - 5 * 5,25,8
6 * 203 * 2^n - 137 * 5,25,8
6 * 203 * 2^n - 617 * 5,25,8
6 * 204 * 2^n - 511 * 5,25,8
6 * 206 * 2^n - 205 * 5,25,8
6 * 207 * 2^n - 229 * 5,25,8
6 * 207 * 2^n - 829 * 5,25,8
6 * 207 * 2^n - 953 * 5,25,8
6 * 208 * 2^n - 991 * 5,25,8
6 * 209 * 2^n - 641 * 5,25,8
6 * 209 * 2^n - 653 * 5,25,8
6 * 212 * 2^n - 679 * 5,25,8
6 * 212 * 2^n - 731 * 5,25,8
6 * 212 * 2^n - 871 * 5,25,8
6 * 212 * 2^n - 931 * 5,25,8
6 * 213 * 2^n - 385 * 5,25,8
6 * 216 * 2^n - 119 * 5,25,8
6 * 216 * 2^n - 499 * 5,25,8
6 * 216 * 2^n - 721 * 5,25,8
6 * 218 * 2^n - 451 * 5,25,8
6 * 219 * 2^n - 587 * 5,25,8
6 * 219 * 2^n - 839 * 5,25,8
6 * 222 * 2^n - 235 * 5,25,8
6 * 223 * 2^n - 85 * 5,25,8
6 * 226 * 2^n - 455 * 5,25,8
6 * 227 * 2^n - 49 * 5,25,8
6 * 227 * 2^n - 533 * 5,25,8
6 * 229 * 2^n - 65 * 5,25,8
6 * 229 * 2^n - 305 * 5,25,8
6 * 229 * 2^n - 631 * 5,25,8
6 * 231 * 2^n - 349 * 5,25,8
6 * 231 * 2^n - 785 * 5,25,8
6 * 231 * 2^n - 827 * 5,25,8
6 * 231 * 2^n - 925 * 5,25,8
6 * 232 * 2^n - 187 * 5,25,8
6 * 232 * 2^n - 383 * 5,25,8
6 * 232 * 2^n - 803 * 5,25,8
6 * 233 * 2^n - 115 * 5,25,8
6 * 234 * 2^n - 161 * 5,25,8
6 * 236 * 2^n - 49 * 5,25,8
6 * 237 * 2^n - 851 * 5,25,8
6 * 238 * 2^n - 787 * 5,25,8
6 * 239 * 2^n - 97 * 5,25,8
6 * 239 * 2^n - 551 * 5,25,8
6 * 241 * 2^n - 539 * 5,25,8
6 * 243 * 2^n - 737 * 5,25,8
6 * 243 * 2^n - 907 * 5,25,8
6 * 244 * 2^n - 497 * 5,25,8
6 * 246 * 2^n - 895 * 5,25,8
6 * 247 * 2^n - 167 * 5,25,8
6 * 247 * 2^n - 259 * 5,25,8
6 * 248 * 2^n - 77 * 5,25,8
6 * 248 * 2^n - 151 * 5,25,8
6 * 248 * 2^n - 203 * 5,25,8
6 * 248 * 2^n - 365 * 5,25,8
6 * 249 * 2^n - 271 * 5,25,8
6 * 251 * 2^n - 649 * 5,25,8
6 * 251 * 2^n - 959 * 5,25,8
6 * 252 * 2^n - 503 * 5,25,8
6 * 252 * 2^n - 971 * 5,25,8
2 * 3 * 9 * 2^n - 29 * 5,25,8
2 * 3 * 17 * 2^n - 89 * 5,25,8
2 * 3 * 24 * 2^n - 19 * 5,25,8
2 * 3 * 28 * 2^n - 89 * 5,25,8
2 * 3 * 48 * 2^n - 43 * 5,25,8
2 * 3 * 56 * 2^n - 89 * 5,25,8
2 * 3 * 58 * 2^n - 17 * 5,25,8
2 * 3 * 69 * 2^n - 59 * 5,25,8
2 * 3 * 97 * 2^n - 91 * 5,25,8
2 * 3 * 7000798 * 2^n - 25 * 5,25,8
2 * 3 * 19 * 86 * 2^n - 25 * 5,25,8
2 * 3 * 11 * 96767 * 2^n - 25 * 5,25,8
2 * 3 * 11 * 39392 * 2^n - 25 * 5,25,8
2 * 3 * 11 * 16452 * 2^n - 25 * 5,25,8
2 * 3 * 11 * 178 * 2^n - 13 * 5,25,8
6930 * 2^n + 1,25,8
1662108 * 5 * 2^n - 1,25,8
608433 * 5 * 2^n - 1,25,8
2764623 * 5 * 2^n - 1,25,8
2849256 * 5 * 2^n - 1,25,8
8471019 * 5 * 2^n - 1,25,8
47 * 2^(n - 23) - 79,25,8
(1 + 19) * 2^(n - 3 + 1) - (2 + 1),25,8
(1 + 19) * 2^(n - 5 + 1) - (2 + 1),25,8
(1 + 19) * 2^(n - 29 + 1) - (2 + 1),25,8
(2) * 3 * 11 * 2 * 2 * 2^n - 13 * 5 * 3863,25,8
(2) * 3 * 11 * 2 * 2 * 2^n - 13 * 5 * 6197,25,8
(2) * 3 * 11 * 2 * 2 * 2^n - 13 * 5 * 8969,25,8
(2) * 3 * 11 * 2 * 3 * 2^n - 13 * 5 * 307,25,8
(2) * 3 * 11 * 2 * 3 * 2^n - 13 * 5 * 2239,25,8
(2) * 3 * 11 * 2 * 3 * 2^n - 13 * 5 * 2579,25,8
(2) * 3 * 11 * 2 * 1451 * 2^n - 13 * 5 * 683,25,8
(2) * 3 * 11 * 2 * 823 * 2^n - 13 * 5 * 1373,25,8
(2) * 3 * 11 * 2 * 8681 * 2^n - 13 * 5 * 8719,25,8
(2) * 3 * 11 * 2 * 2713 * 2^n - 13 * 5 * 4349,25,8
(2) * 3 * 11 * 2 * 2297 * 2^n - 13 * 5 * 3061,25,8
(2) * 3 * 11 * 2 * 1583 * 2^n - 13 * 5 * 7753,25,8
(2) * 3 * 11 * 2 * 8461 * 2^n - 13 * 5 * 1399,25,8
(2) * 3 * 11 * 2 * 3109 * 2^n - 13 * 5 * 2447,25,8
(2) * 3 * 11 * 2 * 9901 * 2^n - 13 * 5 * 3533,25,8
(2) * 3 * 11 * 2 * 2741 * 2^n - 13 * 5 * 7487,25,8
(2) * 3 * 11 * 2 * 3 * 2^n - 13 * 5 * 35,25,8
(2) * 3 * 11 * 2 * 7 * 2^n - 13 * 5 * 383,25,8
(2) * 3 * 11 * 2 * 11 * 2^n - 13 * 5 * 89,25,8
(2) * 3 * 11 * 2 * 37 * 2^n - 13 * 5 * 109,25,8
(2) * 3 * 11 * 2 * 47 * 2^n - 13 * 5 * 89,25,8
(2) * 3 * 11 * 2 * 137 * 2^n - 13 * 5 * 197,25,8
(2) * 3 * 11 * 2 * 179 * 2^n - 13 * 5 * 5,25,8
(2) * 3 * 11 * 2 * 179 * 2^n - 13 * 5 * 19,25,8
(2) * 3 * 11 * 2 * 109 * 7 * 2^n - 13 * 5 * 193 * 251,25,8
(2) * 3 * 11 * 2 * 109 * 11 * 2^n - 13 * 5 * 193 * 709,25,8
(2) * 3 * 11 * 2 * 109 * 17 * 2^n - 13 * 5 * 193 * 727,25,8
(2) * 3 * 11 * 2 * 109 * 37 * 2^n - 13 * 5 * 193 * 7,25,8
5 * 9 * 3^n + 2 * 74,25,8
5 * 39 * 3^n + 2 * 71,25,8
5 * 41 * 3^n + 2 * 97,25,8
5 * 43 * 3^n + 2 * 77,25,8
990 * 2^n - 1,25,8
1365 * 2^n - 1,25,8
1755 * 2^n - 1,25,8
2259 * 2^n - 1,25,8
5 * 3495342 * 2^n - 1,25,8
762498 * 5 * 2^n - 1,25,8
2934 * 2^n + 1,25,8
3201 * 2^n + 1,25,8
7155 * 2^n - 1,25,8
7530 * 2^n - 1,25,8
8211 * 2^n - 1,25,8
8221 * 2^n - 1,25,8
9945 * 2^n - 1,25,8
2^n + 471,25,8
3^n + 190,25,8
3^n + 988,25,8
2^n + 753 * 5,25,8
2^n + 1995 * 5,25,8
2^n + 2037 * 5,25,8
2^n + 6327 * 5,25,8
2^n + 7197 * 5,25,8
2^n + 9621 * 5,25,8
2^n + 9699 * 5,25,8
2^n + 10029 * 5,25,8
2^n + 11367 * 5,25,8
2^n + 12315 * 5,25,8
2^n + 13461 * 5,25,8
2^n + 13857 * 5,25,8
2^n + 14499 * 5,25,8
2^n + 14949 * 5,25,8
2^n + 15069 * 5,25,8
2^n * 156159 - 1,25,8
2^n * 420090 - 1,25,8
2^n * 61071 - 1,25,8
2^n * 192429 - 1,25,8
2^n * 255843 - 1,25,8
2^n * 420591 - 1,25,8
2^n * 450330 - 1,25,8
2^n * 320166 - 1,25,8
2^n * 848595 - 1,25,8
2^n * 448878 - 1,25,8
2^n * 296835 - 1,25,8
2^n * 788130 - 1,25,8
2^n * 236649 - 1,25,8
2^n * 13719 - 1,25,8
2^n * 41985 - 1,25,8
2^n * 75750 - 1,25,8
2^n * 55254 - 1,25,8
2^n * 64095 - 1,25,8
2^n * 8211 - 1,25,8
2^n * 15510 - 1,25,8
2^n * 76701 - 1,25,8
2^n * 26460 - 1,25,8
2^n * 8221 - 1,25,8
2^n * 2259 - 1,25,8
2^n * 24279 - 1,25,8
2^n * 74130 - 1,25,8
2^n * 81150 - 1,25,8
2^n * 48846 - 1,25,8
2^n - 82575,25,8
2^n - 85305,25,8
2^n - 89169,25,8
2^n - 90411,25,8
2^n - 93135,25,8
2^n - 97209,25,8
2^n - 3255,25,8
2^n - 8085,25,8
2^n - 9651,25,8
2^n - 10461,25,8
2^n - 14811,25,8
2^n - 19761,25,8
2^n - 28185,25,8
2^n - 33675,25,8
2^n - 38325,25,8
2^n - 40449,25,8
2^n - 40701,25,8
2^n - 47733,25,8
2^n - 50385,25,8
2^n - 55131,25,8
2^n - 67989,25,8
2^n - 71715,25,8
2^n - 71505,25,8
2^n - 73605,25,8
2^n - 5 * 17193,25,8
2^n * 33 + 13,25,8
2^n * 33 + 235,25,8
2^n * 33 + 397,25,8
2^n * 33 + 959,25,8
2^n * 33 + 2075,25,8
2^n * 33 + 3457,25,8
2^n * 33 + 4069,25,8
2^n * 33 + 5389,25,8
3^n * 7 + 16 * 2^n + 30,25,8
3^n * 12 + 9 * 2^n + 13,25,8
3^n * 18 + 4 * 2^n + 21,25,8
3^n * 20 + 17 * 2^n + 15,25,8
2^n + 7797 * 5,24,8
2^n + 7531 * 5,24,8
2^n + 7653 * 5,24,8
2^n + 6399 * 5,24,8
2^n + 4173 * 5,24,8
2^n + 3639 * 5,24,8
2^n + 2607 * 5,24,8
2^n + 1179 * 5,24,8
6 * 18 * 2^n - 49 * 5,24,8
6 * 72 * 2^n - 49 * 5,24,8
6 * 81 * 2^n - 55 * 5,24,8
6 * 3 * 2^n - 13 * 5,24,8
6 * 6 * 2^n - 151 * 5,24,8
6 * 6 * 2^n - 331 * 5,24,8
6 * 7 * 2^n - 583 * 5,24,8
6 * 9 * 2^n - 19 * 5,24,8
6 * 12 * 2^n - 445 * 5,24,8
6 * 12 * 2^n - 673 * 5,24,8
6 * 13 * 2^n - 361 * 5,24,8
6 * 13 * 2^n - 457 * 5,24,8
6 * 13 * 2^n - 553 * 5,24,8
6 * 13 * 2^n - 791 * 5,24,8
6 * 14 * 2^n - 481 * 5,24,8
6 * 14 * 2^n - 563 * 5,24,8
6 * 14 * 2^n - 659 * 5,24,8
6 * 14 * 2^n - 971 * 5,24,8
6 * 17 * 2^n - 77 * 5,24,8
6 * 17 * 2^n - 113 * 5,24,8
6 * 17 * 2^n - 707 * 5,24,8
6 * 19 * 2^n - 539 * 5,24,8
6 * 21 * 2^n - 151 * 5,24,8
6 * 21 * 2^n - 401 * 5,24,8
6 * 23 * 2^n - 133 * 5,24,8
6 * 23 * 2^n - 587 * 5,24,8
6 * 23 * 2^n - 937 * 5,24,8
6 * 24 * 2^n - 103 * 5,24,8
6 * 24 * 2^n - 169 * 5,24,8
6 * 24 * 2^n - 331 * 5,24,8
6 * 26 * 2^n - 127 * 5,24,8
6 * 26 * 2^n - 361 * 5,24,8
6 * 27 * 2^n - 65 * 5,24,8
6 * 27 * 2^n - 253 * 5,24,8
6 * 27 * 2^n - 497 * 5,24,8
6 * 27 * 2^n - 527 * 5,24,8
6 * 27 * 2^n - 667 * 5,24,8
6 * 28 * 2^n - 365 * 5,24,8
6 * 28 * 2^n - 473 * 5,24,8
6 * 28 * 2^n - 481 * 5,24,8
6 * 28 * 2^n - 649 * 5,24,8
6 * 29 * 2^n - 305 * 5,24,8
6 * 29 * 2^n - 335 * 5,24,8
6 * 31 * 2^n - 323 * 5,24,8
6 * 32 * 2^n - 439 * 5,24,8
6 * 33 * 2^n - 665 * 5,24,8
6 * 33 * 2^n - 725 * 5,24,8
6 * 34 * 2^n - 113 * 5,24,8
6 * 34 * 2^n - 623 * 5,24,8
6 * 36 * 2^n - 931 * 5,24,8
6 * 37 * 2^n - 187 * 5,24,8
6 * 39 * 2^n - 115 * 5,24,8
6 * 39 * 2^n - 355 * 5,24,8
6 * 39 * 2^n - 679 * 5,24,8
6 * 41 * 2^n - 569 * 5,24,8
6 * 41 * 2^n - 577 * 5,24,8
6 * 41 * 2^n - 961 * 5,24,8
6 * 42 * 2^n - 437 * 5,24,8
6 * 42 * 2^n - 613 * 5,24,8
6 * 42 * 2^n - 911 * 5,24,8
6 * 43 * 2^n - 517 * 5,24,8
6 * 46 * 2^n - 133 * 5,24,8
6 * 46 * 2^n - 593 * 5,24,8
6 * 46 * 2^n - 707 * 5,24,8
6 * 47 * 2^n - 581 * 5,24,8
6 * 47 * 2^n - 809 * 5,24,8
6 * 48 * 2^n - 295 * 5,24,8
6 * 48 * 2^n - 935 * 5,24,8
6 * 49 * 2^n - 919 * 5,24,8
6 * 52 * 2^n - 289 * 5,24,8
6 * 52 * 2^n - 407 * 5,24,8
6 * 54 * 2^n - 197 * 5,24,8
6 * 54 * 2^n - 511 * 5,24,8
6 * 56 * 2^n - 241 * 5,24,8
6 * 58 * 2^n - 355 * 5,24,8
6 * 59 * 2^n - 947 * 5,24,8
6 * 61 * 2^n - 169 * 5,24,8
6 * 62 * 2^n - 49 * 5,24,8
6 * 63 * 2^n - 995 * 5,24,8
6 * 64 * 2^n - 439 * 5,24,8
6 * 66 * 2^n - 191 * 5,24,8
6 * 66 * 2^n - 833 * 5,24,8
6 * 67 * 2^n - 805 * 5,24,8
6 * 73 * 2^n - 29 * 5,24,8
6 * 68 * 2^n - 25 * 5,24,8
6 * 68 * 2^n - 511 * 5,24,8
6 * 68 * 2^n - 533 * 5,24,8
6 * 68 * 2^n - 625 * 5,24,8
6 * 72 * 2^n - 913 * 5,24,8
6 * 73 * 2^n - 301 * 5,24,8
6 * 73 * 2^n - 665 * 5,24,8
6 * 73 * 2^n - 697 * 5,24,8
6 * 73 * 2^n - 947 * 5,24,8
6 * 74 * 2^n - 679 * 5,24,8
6 * 74 * 2^n - 731 * 5,24,8
6 * 74 * 2^n - 803 * 5,24,8
6 * 77 * 2^n - 311 * 5,24,8
6 * 77 * 2^n - 409 * 5,24,8
6 * 78 * 2^n - 473 * 5,24,8
6 * 78 * 2^n - 493 * 5,24,8
6 * 78 * 2^n - 503 * 5,24,8
6 * 78 * 2^n - 679 * 5,24,8
6 * 79 * 2^n - 817 * 5,24,8
6 * 81 * 2^n - 817 * 5,24,8
6 * 82 * 2^n - 541 * 5,24,8
6 * 82 * 2^n - 577 * 5,24,8
6 * 82 * 2^n - 679 * 5,24,8
6 * 83 * 2^n - 49 * 5,24,8
6 * 83 * 2^n - 385 * 5,24,8
6 * 84 * 2^n - 139 * 5,24,8
6 * 84 * 2^n - 487 * 5,24,8
6 * 84 * 2^n - 797 * 5,24,8
6 * 86 * 2^n - 449 * 5,24,8
6 * 86 * 2^n - 671 * 5,24,8
6 * 89 * 2^n - 457 * 5,24,8
6 * 91 * 2^n - 425 * 5,24,8
6 * 91 * 2^n - 523 * 5,24,8
6 * 91 * 2^n - 733 * 5,24,8
6 * 92 * 2^n - 131 * 5,24,8
6 * 93 * 2^n - 139 * 5,24,8
6 * 93 * 2^n - 643 * 5,24,8
6 * 93 * 2^n - 811 * 5,24,8
6 * 94 * 2^n - 725 * 5,24,8
6 * 97 * 2^n - 127 * 5,24,8
6 * 98 * 2^n - 97 * 5,24,8
6 * 98 * 2^n - 689 * 5,24,8
6 * 98 * 2^n - 877 * 5,24,8
6 * 99 * 2^n - 437 * 5,24,8
6 * 101 * 2^n - 443 * 5,24,8
6 * 101 * 2^n - 991 * 5,24,8
6 * 102 * 2^n - 593 * 5,24,8
6 * 102 * 2^n - 605 * 5,24,8
6 * 102 * 2^n - 965 * 5,24,8
6 * 103 * 2^n - 7 * 5,24,8
6 * 103 * 2^n - 833 * 5,24,8
6 * 104 * 2^n - 407 * 5,24,8
6 * 104 * 2^n - 791 * 5,24,8
6 * 104 * 2^n - 907 * 5,24,8
6 * 107 * 2^n - 181 * 5,24,8
6 * 107 * 2^n - 349 * 5,24,8
6 * 107 * 2^n - 563 * 5,24,8
6 * 107 * 2^n - 803 * 5,24,8
6 * 108 * 2^n - 149 * 5,24,8
6 * 108 * 2^n - 205 * 5,24,8
6 * 108 * 2^n - 329 * 5,24,8
6 * 109 * 2^n - 707 * 5,24,8
6 * 109 * 2^n - 845 * 5,24,8
6 * 111 * 2^n - 149 * 5,24,8
6 * 111 * 2^n - 373 * 5,24,8
6 * 111 * 2^n - 557 * 5,24,8
6 * 112 * 2^n - 473 * 5,24,8
6 * 112 * 2^n - 481 * 5,24,8
6 * 112 * 2^n - 583 * 5,24,8
6 * 112 * 2^n - 817 * 5,24,8
6 * 112 * 2^n - 893 * 5,24,8
6 * 112 * 2^n - 967 * 5,24,8
6 * 113 * 2^n - 769 * 5,24,8
6 * 113 * 2^n - 875 * 5,24,8
6 * 113 * 2^n - 959 * 5,24,8
6 * 114 * 2^n - 5 * 5,24,8
6 * 116 * 2^n - 355 * 5,24,8
6 * 116 * 2^n - 497 * 5,24,8
6 * 117 * 2^n - 427 * 5,24,8
6 * 117 * 2^n - 751 * 5,24,8
6 * 119 * 2^n - 95 * 5,24,8
6 * 119 * 2^n - 233 * 5,24,8
6 * 119 * 2^n - 551 * 5,24,8
6 * 119 * 2^n - 715 * 5,24,8
6 * 121 * 2^n - 145 * 5,24,8
6 * 121 * 2^n - 595 * 5,24,8
6 * 123 * 2^n - 521 * 5,24,8
6 * 123 * 2^n - 529 * 5,24,8
6 * 124 * 2^n - 323 * 5,24,8
6 * 128 * 2^n - 565 * 5,24,8
6 * 129 * 2^n - 205 * 5,24,8
6 * 129 * 2^n - 259 * 5,24,8
6 * 131 * 2^n - 175 * 5,24,8
6 * 131 * 2^n - 935 * 5,24,8
6 * 132 * 2^n - 43 * 5,24,8
6 * 132 * 2^n - 293 * 5,24,8
6 * 132 * 2^n - 637 * 5,24,8
6 * 133 * 2^n - 73 * 5,24,8
6 * 133 * 2^n - 619 * 5,24,8
6 * 134 * 2^n - 119 * 5,24,8
6 * 134 * 2^n - 341 * 5,24,8
6 * 134 * 2^n - 805 * 5,24,8
6 * 136 * 2^n - 127 * 5,24,8
6 * 136 * 2^n - 905 * 5,24,8
6 * 137 * 2^n - 83 * 5,24,8
6 * 137 * 2^n - 461 * 5,24,8
6 * 137 * 2^n - 791 * 5,24,8
6 * 137 * 2^n - 913 * 5,24,8
6 * 139 * 2^n - 361 * 5,24,8
6 * 139 * 2^n - 805 * 5,24,8
6 * 141 * 2^n - 299 * 5,24,8
6 * 141 * 2^n - 553 * 5,24,8
6 * 141 * 2^n - 587 * 5,24,8
6 * 141 * 2^n - 817 * 5,24,8
6 * 141 * 2^n - 973 * 5,24,8
6 * 142 * 2^n - 157 * 5,24,8
6 * 143 * 2^n - 151 * 5,24,8
6 * 143 * 2^n - 413 * 5,24,8
6 * 143 * 2^n - 683 * 5,24,8
6 * 143 * 2^n - 863 * 5,24,8
6 * 144 * 2^n - 931 * 5,24,8
6 * 146 * 2^n - 133 * 5,24,8
6 * 146 * 2^n - 697 * 5,24,8
6 * 146 * 2^n - 935 * 5,24,8
6 * 147 * 2^n - 37 * 5,24,8
6 * 147 * 2^n - 527 * 5,24,8
6 * 147 * 2^n - 809 * 5,24,8
6 * 147 * 2^n - 911 * 5,24,8
6 * 148 * 2^n - 371 * 5,24,8
6 * 148 * 2^n - 679 * 5,24,8
6 * 149 * 2^n - 173 * 5,24,8
6 * 149 * 2^n - 301 * 5,24,8
6 * 151 * 2^n - 139 * 5,24,8
6 * 151 * 2^n - 245 * 5,24,8
6 * 151 * 2^n - 493 * 5,24,8
6 * 151 * 2^n - 737 * 5,24,8
6 * 152 * 2^n - 107 * 5,24,8
6 * 152 * 2^n - 715 * 5,24,8
6 * 152 * 2^n - 757 * 5,24,8
6 * 153 * 2^n - 113 * 5,24,8
6 * 153 * 2^n - 361 * 5,24,8
6 * 154 * 2^n - 229 * 5,24,8
6 * 154 * 2^n - 299 * 5,24,8
6 * 156 * 2^n - 619 * 5,24,8
6 * 156 * 2^n - 679 * 5,24,8
6 * 157 * 2^n - 91 * 5,24,8
6 * 158 * 2^n - 175 * 5,24,8
6 * 159 * 2^n - 385 * 5,24,8
6 * 159 * 2^n - 473 * 5,24,8
6 * 159 * 2^n - 967 * 5,24,8
6 * 161 * 2^n - 671 * 5,24,8
6 * 161 * 2^n - 715 * 5,24,8
6 * 163 * 2^n - 185 * 5,24,8
6 * 163 * 2^n - 679 * 5,24,8
6 * 164 * 2^n - 373 * 5,24,8
6 * 164 * 2^n - 541 * 5,24,8
6 * 164 * 2^n - 553 * 5,24,8
6 * 164 * 2^n - 863 * 5,24,8
6 * 166 * 2^n - 385 * 5,24,8
6 * 166 * 2^n - 541 * 5,24,8
6 * 168 * 2^n - 167 * 5,24,8
6 * 168 * 2^n - 365 * 5,24,8
6 * 168 * 2^n - 613 * 5,24,8
6 * 168 * 2^n - 743 * 5,24,8
6 * 169 * 2^n - 493 * 5,24,8
6 * 169 * 2^n - 703 * 5,24,8
6 * 171 * 2^n - 245 * 5,24,8
6 * 171 * 2^n - 281 * 5,24,8
6 * 171 * 2^n - 511 * 5,24,8
6 * 173 * 2^n - 413 * 5,24,8
6 * 173 * 2^n - 511 * 5,24,8
6 * 173 * 2^n - 557 * 5,24,8
6 * 176 * 2^n - 301 * 5,24,8
6 * 176 * 2^n - 353 * 5,24,8
6 * 177 * 2^n - 301 * 5,24,8
6 * 177 * 2^n - 833 * 5,24,8
6 * 177 * 2^n - 875 * 5,24,8
6 * 179 * 2^n - 187 * 5,24,8
6 * 181 * 2^n - 71 * 5,24,8
6 * 181 * 2^n - 145 * 5,24,8
6 * 181 * 2^n - 235 * 5,24,8
6 * 181 * 2^n - 247 * 5,24,8
6 * 182 * 2^n - 523 * 5,24,8
6 * 182 * 2^n - 583 * 5,24,8
6 * 183 * 2^n - 803 * 5,24,8
6 * 184 * 2^n - 47 * 5,24,8
6 * 184 * 2^n - 157 * 5,24,8
6 * 184 * 2^n - 637 * 5,24,8
6 * 184 * 2^n - 883 * 5,24,8
6 * 186 * 2^n - 47 * 5,24,8
6 * 186 * 2^n - 125 * 5,24,8
6 * 186 * 2^n - 889 * 5,24,8
6 * 187 * 2^n - 413 * 5,24,8
6 * 187 * 2^n - 589 * 5,24,8
6 * 188 * 2^n - 49 * 5,24,8
6 * 189 * 2^n - 377 * 5,24,8
6 * 189 * 2^n - 925 * 5,24,8
6 * 191 * 2^n - 131 * 5,24,8
6 * 191 * 2^n - 481 * 5,24,8
6 * 191 * 2^n - 559 * 5,24,8
6 * 191 * 2^n - 895 * 5,24,8
6 * 192 * 2^n - 637 * 5,24,8
6 * 192 * 2^n - 673 * 5,24,8
6 * 193 * 2^n - 119 * 5,24,8
6 * 193 * 2^n - 521 * 5,24,8
6 * 193 * 2^n - 769 * 5,24,8
6 * 194 * 2^n - 127 * 5,24,8
6 * 194 * 2^n - 671 * 5,24,8
6 * 194 * 2^n - 803 * 5,24,8
6 * 196 * 2^n - 731 * 5,24,8
6 * 197 * 2^n - 859 * 5,24,8
6 * 198 * 2^n - 175 * 5,24,8
6 * 198 * 2^n - 185 * 5,24,8
6 * 201 * 2^n - 47 * 5,24,8
6 * 201 * 2^n - 65 * 5,24,8
6 * 201 * 2^n - 121 * 5,24,8
6 * 201 * 2^n - 401 * 5,24,8
6 * 201 * 2^n - 821 * 5,24,8
6 * 202 * 2^n - 449 * 5,24,8
6 * 202 * 2^n - 659 * 5,24,8
6 * 203 * 2^n - 635 * 5,24,8
6 * 204 * 2^n - 811 * 5,24,8
6 * 206 * 2^n - 133 * 5,24,8
6 * 206 * 2^n - 583 * 5,24,8
6 * 206 * 2^n - 833 * 5,24,8
6 * 208 * 2^n - 569 * 5,24,8
6 * 208 * 2^n - 599 * 5,24,8
6 * 208 * 2^n - 907 * 5,24,8
6 * 209 * 2^n - 637 * 5,24,8
6 * 209 * 2^n - 977 * 5,24,8
6 * 211 * 2^n - 143 * 5,24,8
6 * 211 * 2^n - 229 * 5,24,8
6 * 212 * 2^n - 13 * 5,24,8
6 * 212 * 2^n - 227 * 5,24,8
6 * 213 * 2^n - 583 * 5,24,8
6 * 214 * 2^n - 349 * 5,24,8
6 * 214 * 2^n - 689 * 5,24,8
6 * 216 * 2^n - 631 * 5,24,8
6 * 216 * 2^n - 749 * 5,24,8
6 * 217 * 2^n - 257 * 5,24,8
6 * 217 * 2^n - 415 * 5,24,8
6 * 217 * 2^n - 461 * 5,24,8
6 * 217 * 2^n - 641 * 5,24,8
6 * 219 * 2^n - 509 * 5,24,8
6 * 221 * 2^n - 419 * 5,24,8
6 * 223 * 2^n - 245 * 5,24,8
6 * 223 * 2^n - 401 * 5,24,8
6 * 223 * 2^n - 725 * 5,24,8
6 * 223 * 2^n - 847 * 5,24,8
6 * 223 * 2^n - 923 * 5,24,8
6 * 224 * 2^n - 503 * 5,24,8
6 * 224 * 2^n - 659 * 5,24,8
6 * 224 * 2^n - 989 * 5,24,8
6 * 226 * 2^n - 377 * 5,24,8
6 * 226 * 2^n - 875 * 5,24,8
6 * 229 * 2^n - 169 * 5,24,8
6 * 229 * 2^n - 211 * 5,24,8
6 * 229 * 2^n - 793 * 5,24,8
6 * 231 * 2^n - 73 * 5,24,8
6 * 231 * 2^n - 559 * 5,24,8
6 * 232 * 2^n - 55 * 5,24,8
6 * 232 * 2^n - 115 * 5,24,8
6 * 232 * 2^n - 967 * 5,24,8
6 * 234 * 2^n - 359 * 5,24,8
6 * 234 * 2^n - 641 * 5,24,8
6 * 234 * 2^n - 751 * 5,24,8
6 * 236 * 2^n - 527 * 5,24,8
6 * 237 * 2^n - 637 * 5,24,8
6 * 239 * 2^n - 775 * 5,24,8
6 * 241 * 2^n - 169 * 5,24,8
6 * 241 * 2^n - 641 * 5,24,8
6 * 242 * 2^n - 241 * 5,24,8
6 * 242 * 2^n - 607 * 5,24,8
6 * 242 * 2^n - 643 * 5,24,8
6 * 244 * 2^n - 35 * 5,24,8
6 * 244 * 2^n - 679 * 5,24,8
6 * 246 * 2^n - 521 * 5,24,8
6 * 247 * 2^n - 769 * 5,24,8
6 * 247 * 2^n - 829 * 5,24,8
6 * 248 * 2^n - 871 * 5,24,8
6 * 249 * 2^n - 223 * 5,24,8
6 * 249 * 2^n - 427 * 5,24,8
6 * 249 * 2^n - 959 * 5,24,8
6 * 251 * 2^n - 37 * 5,24,8
6 * 252 * 2^n - 529 * 5,24,8
6 * 252 * 2^n - 715 * 5,24,8
6 * 252 * 2^n - 899 * 5,24,8
2 * 3 * 13 * 2^n - 73 * 5,24,8
2 * 3 * 54 * 2^n - 83 * 5,24,8
2 * 3 * 76 * 2^n - 53 * 5,24,8
2 * 3 * 87 * 2^n - 5 * 5,24,8
2 * 3 * 93 * 2^n - 67 * 5,24,8
2 * 3 * 96 * 2^n - 1 * 5,24,8
2 * 3 * 11 * 159 * 2^n - 13 * 5,24,8
450 * 2^n + 1,24,8
4459482 * 5 * 2^n + 1,24,8
7216755 * 5 * 2^n + 1,24,8
5783823 * 5 * 2^n + 1,24,8
2^n - n * n + 6 * 5,24,8
3 * 2^n - 373,24,8
5 * 2^n - 3,24,8
(1 + 19) * 2^(n - 53 + 1) - (2 + 1),24,8
(1 + 19) * 2^(n - 59 + 1) - (2 + 1),24,8
(2) * 3 * 11 * 2 * 2 * 2^n - 13 * 5 * 727,24,8
(2) * 3 * 11 * 2 * 2 * 2^n - 13 * 5 * 3769,24,8
(2) * 3 * 11 * 2 * 2 * 2^n - 13 * 5 * 4409,24,8
(2) * 3 * 11 * 2 * 2 * 2^n - 13 * 5 * 8563,24,8
(2) * 3 * 11 * 2 * 3 * 2^n - 13 * 5 * 271,24,8
(2) * 3 * 11 * 2 * 3 * 2^n - 13 * 5 * 727,24,8
(2) * 3 * 11 * 2 * 3 * 2^n - 13 * 5 * 1319,24,8
(2) * 3 * 11 * 2 * 3 * 2^n - 13 * 5 * 3433,24,8
(2) * 3 * 11 * 2 * 5779 * 2^n - 13 * 5 * 9587,24,8
(2) * 3 * 11 * 2 * 137 * 2^n - 13 * 5 * 3767,24,8
(2) * 3 * 11 * 2 * 9029 * 2^n - 13 * 5 * 8893,24,8
(2) * 3 * 11 * 2 * 1381 * 2^n - 13 * 5 * 1201,24,8
(2) * 3 * 11 * 2 * 331 * 2^n - 13 * 5 * 2473,24,8
(2) * 3 * 11 * 2 * 4751 * 2^n - 13 * 5 * 1907,24,8
(2) * 3 * 11 * 2 * 2731 * 2^n - 13 * 5 * 2179,24,8
(2) * 3 * 11 * 2 * 8821 * 2^n - 13 * 5 * 7703,24,8
(2) * 3 * 11 * 2 * 613 * 2^n - 13 * 5 * 1301,24,8
(2) * 3 * 11 * 2 * 5783 * 2^n - 13 * 5 * 8171,24,8
(2) * 3 * 11 * 2 * 3209 * 2^n - 13 * 5 * 3911,24,8
(2) * 3 * 11 * 2 * 16 * 2^n - 13 * 5 * 169,24,8
(2) * 3 * 11 * 2 * 1 * 2^n - 13 * 5 * 65,24,8
(2) * 3 * 11 * 2 * 4 * 2^n - 13 * 5 * 29,24,8
(2) * 3 * 11 * 2 * 8 * 2^n - 13 * 5 * 29,24,8
(2) * 3 * 11 * 2 * 9 * 2^n - 13 * 5 * 29,24,8
(2) * 3 * 11 * 2 * 9 * 2^n - 13 * 5 * 67,24,8
(2) * 3 * 11 * 2 * 9 * 2^n - 13 * 5 * 127,24,8
(2) * 3 * 11 * 2 * 12 * 2^n - 13 * 5 * 29,24,8
(2) * 3 * 11 * 2 * 19 * 2^n - 13 * 5 * 61,24,8
(2) * 3 * 11 * 2 * 19 * 2^n - 13 * 5 * 157,24,8
(2) * 3 * 11 * 2 * 53 * 2^n - 13 * 5 * 103,24,8
(2) * 3 * 11 * 2 * 61 * 2^n - 13 * 5 * 193,24,8
(2) * 3 * 11 * 2 * 71 * 2^n - 13 * 5 * 79,24,8
(2) * 3 * 11 * 2 * 79 * 2^n - 13 * 5 * 43,24,8
(2) * 3 * 11 * 2 * 113 * 2^n - 13 * 5 * 31,24,8
(2) * 3 * 11 * 2 * 127 * 2^n - 13 * 5 * 61,24,8
(2) * 3 * 11 * 2 * 157 * 2^n - 13 * 5 * 191,24,8
(2) * 3 * 11 * 2 * 199 * 2^n - 13 * 5 * 103,24,8
(2) * 3 * 11 * 2 * 109 * 3 * 2^n - 13 * 5 * 193 * 37,24,8
(2) * 3 * 11 * 2 * 109 * 17 * 2^n - 13 * 5 * 193 * 149,24,8
(2) * 3 * 11 * 2 * 109 * 17 * 2^n - 13 * 5 * 193 * 647,24,8
(2) * 3 * 11 * 2 * 109 * 23 * 2^n - 13 * 5 * 193 * 37,24,8
(2) * 3 * 11 * 2 * 109 * 31 * 2^n - 13 * 5 * 193 * 349,24,8
5 * 19 * 3^n + 2 * 14,24,8
5 * 23 * 3^n + 2 * 44,24,8
5 * 51 * 3^n + 2 * 11,24,8
5 * 63 * 3^n + 2 * 8,24,8
924 * 2^n - 1,24,8
1209 * 2^n - 1,24,8
1809 * 2^n - 1,24,8
2721 * 2^n - 1,24,8
3219 * 2^n - 1,24,8
2226 * 2^n + 1,24,8
2475 * 2^n + 1,24,8
4230 * 2^n + 1,24,8
4614 * 2^n + 1,24,8
5145 * 2^n + 1,24,8
3939 * 2^n - 1,24,8
7305 * 2^n - 1,24,8
8544 * 2^n - 1,24,8
9309 * 2^n - 1,24,8
10839 * 2^n - 1,24,8
2^n + 2421 * 5,24,8
2^n + 8949 * 5,24,8
2^n + 9189 * 5,24,8
2^n + 9513 * 5,24,8
2^n + 9783 * 5,24,8
2^n + 12879 * 5,24,8
2^n + 13587 * 5,24,8
2^n + 13905 * 5,24,8
2^n + 14847 * 5,24,8
2^n + 15135 * 5,24,8
2^n + 15517 * 5,24,8
2^n * 776370 - 1,24,8
2^n * 398475 - 1,24,8
2^n * 812439 - 1,24,8
2^n * 920415 - 1,24,8
2^n * 672528 - 1,24,8
2^n * 530025 - 1,24,8
2^n * 704185 - 1,24,8
2^n * 461700 - 1,24,8
2^n * 584946 - 1,24,8
2^n * 467214 - 1,24,8
2^n * 630864 - 1,24,8
2^n * 846114 - 1,24,8
2^n * 814869 - 1,24,8
2^n * 726474 - 1,24,8
2^n * 209100 - 1,24,8
2^n * 214179 - 1,24,8
2^n * 36564 - 1,24,8
2^n * 657999 - 1,24,8
2^n * 42216 - 1,24,8
2^n * 39249 - 1,24,8
2^n * 79875 - 1,24,8
2^n * 22203 - 1,24,8
2^n * 39588 - 1,24,8
2^n * 16044 - 1,24,8
2^n * 51456 - 1,24,8
2^n * 54549 - 1,24,8
2^n * 3939 - 1,24,8
2^n * 22326 - 1,24,8
2^n * 54213 - 1,24,8
2^n * 17370 - 1,24,8
2^n * 93456 - 1,24,8
2^n * 65259 - 1,24,8
2^n * 10839 - 1,24,8
2^n * 32280 - 1,24,8
2^n - 75915,24,8
2^n - 78135,24,8
2^n - 79695,24,8
2^n - 85965,24,8
2^n - 89325,24,8
2^n - 1221,24,8
2^n - 7705,24,8
2^n - 9555,24,8
2^n - 9609,24,8
2^n - 14721,24,8
2^n - 17505,24,8
2^n - 24531,24,8
2^n - 27471,24,8
2^n - 29265,24,8
2^n - 31149,24,8
2^n - 33801,24,8
2^n - 38961,24,8
2^n - 39675,24,8
2^n - 45375,24,8
2^n - 48669,24,8
2^n - 53331,24,8
2^n - 55125,24,8
2^n - 58527,24,8
2^n - 59421,24,8
2^n - 73125,24,8
2^n - 5 * 11025,24,8
2^n - 5 * 63231,24,8
2^n * 33 + 1597,24,8
2^n * 33 + 1615,24,8
2^n * 33 + 1987,24,8
2^n * 33 + 2147,24,8
2^n * 33 + 2477,24,8
2^n * 33 + 3757,24,8
2^n * 33 + 4067,24,8
2^n * 33 + 4343,24,8
2^n * 33 + 5035,24,8
2^n * 33 + 5837,24,8
2^n * 33 + 6467,24,8
3^n * 9 + 19 * 2^n + 6,24,8
3^n * 13 + 23 * 2^n + 12,24,8
3^n * 19 + 29 * 2^n + 24,24,8
3^n * 23 + 13 * 2^n + 18,24,8
3^n * 24 + 8 * 2^n + 15,24,8
3^n * 28 + 29 * 2^n + 21,24,8
3^n * 30 + 6 * 2^n + 25,24,8
3^n * 68 + 9 * 2^n - 1,24,8
8^n + 345,24,8
2^n + 4653 * 5,23,8
2^n + 2331 * 5,23,8
2^n + 1647 * 5,23,8
2^n + 603 * 5,23,8
2 * 3 * 2 * 2^n - 7 * 5,23,8
6 * 3 * 2^n - 47 * 5,23,8
6 * 19 * 2^n - 85 * 5,23,8
6 * 21 * 2^n - 5 * 5,23,8
6 * 32 * 2^n - 79 * 5,23,8
6 * 37 * 2^n - 89 * 5,23,8
6 * 53 * 2^n - 61 * 5,23,8
6 * 12 * 2^n - 29 * 5,23,8
6 * 16 * 2^n - 77 * 5,23,8
6 * 68 * 2^n - 83 * 5,23,8
6 * 13 * 2^n - 43 * 5,23,8
6 * 28 * 2^n - 83 * 5,23,8
6 * 77 * 2^n - 97 * 5,23,8
6 * 86 * 2^n - 7 * 5,23,8
6 * 1 * 2^n - 209 * 5,23,8
6 * 3 * 2^n - 95 * 5,23,8
6 * 3 * 2^n - 113 * 5,23,8
6 * 4 * 2^n - 41 * 5,23,8
6 * 4 * 2^n - 479 * 5,23,8
6 * 6 * 2^n - 949 * 5,23,8
6 * 7 * 2^n - 631 * 5,23,8
6 * 8 * 2^n - 41 * 5,23,8
6 * 8 * 2^n - 203 * 5,23,8
6 * 9 * 2^n - 923 * 5,23,8
6 * 11 * 2^n - 133 * 5,23,8
6 * 11 * 2^n - 961 * 5,23,8
6 * 12 * 2^n - 289 * 5,23,8
6 * 12 * 2^n - 695 * 5,23,8
6 * 14 * 2^n - 83 * 5,23,8
6 * 14 * 2^n - 589 * 5,23,8
6 * 14 * 2^n - 667 * 5,23,8
6 * 14 * 2^n - 937 * 5,23,8
6 * 16 * 2^n - 61 * 5,23,8
6 * 16 * 2^n - 283 * 5,23,8
6 * 16 * 2^n - 887 * 5,23,8
6 * 18 * 2^n - 125 * 5,23,8
6 * 18 * 2^n - 773 * 5,23,8
6 * 19 * 2^n - 289 * 5,23,8
6 * 21 * 2^n - 187 * 5,23,8
6 * 21 * 2^n - 593 * 5,23,8
6 * 21 * 2^n - 895 * 5,23,8
6 * 22 * 2^n - 895 * 5,23,8
6 * 23 * 2^n - 155 * 5,23,8
6 * 23 * 2^n - 539 * 5,23,8
6 * 24 * 2^n - 29 * 5,23,8
6 * 23 * 2^n - 761 * 5,23,8
6 * 23 * 2^n - 833 * 5,23,8
6 * 23 * 2^n - 883 * 5,23,8
6 * 24 * 2^n - 205 * 5,23,8
6 * 24 * 2^n - 485 * 5,23,8
6 * 24 * 2^n - 697 * 5,23,8
6 * 27 * 2^n - 967 * 5,23,8
6 * 28 * 2^n - 239 * 5,23,8
6 * 28 * 2^n - 431 * 5,23,8
6 * 29 * 2^n - 101 * 5,23,8
6 * 29 * 2^n - 259 * 5,23,8
6 * 29 * 2^n - 385 * 5,23,8
6 * 31 * 2^n - 559 * 5,23,8
6 * 31 * 2^n - 623 * 5,23,8
6 * 32 * 2^n - 203 * 5,23,8
6 * 32 * 2^n - 647 * 5,23,8
6 * 36 * 2^n - 581 * 5,23,8
6 * 36 * 2^n - 907 * 5,23,8
6 * 37 * 2^n - 409 * 5,23,8
6 * 38 * 2^n - 85 * 5,23,8
6 * 37 * 2^n - 943 * 5,23,8
6 * 39 * 2^n - 623 * 5,23,8
6 * 39 * 2^n - 707 * 5,23,8
6 * 39 * 2^n - 731 * 5,23,8
6 * 44 * 2^n - 311 * 5,23,8
6 * 44 * 2^n - 551 * 5,23,8
6 * 44 * 2^n - 973 * 5,23,8
6 * 46 * 2^n - 283 * 5,23,8
6 * 48 * 2^n - 205 * 5,23,8
6 * 48 * 2^n - 361 * 5,23,8
6 * 49 * 2^n - 101 * 5,23,8
6 * 49 * 2^n - 289 * 5,23,8
6 * 51 * 2^n - 35 * 5,23,8
6 * 51 * 2^n - 199 * 5,23,8
6 * 52 * 2^n - 841 * 5,23,8
6 * 53 * 2^n - 703 * 5,23,8
6 * 54 * 2^n - 361 * 5,23,8
6 * 54 * 2^n - 833 * 5,23,8
6 * 56 * 2^n - 545 * 5,23,8
6 * 56 * 2^n - 653 * 5,23,8
6 * 56 * 2^n - 667 * 5,23,8
6 * 56 * 2^n - 725 * 5,23,8
6 * 57 * 2^n - 983 * 5,23,8
6 * 58 * 2^n - 101 * 5,23,8
6 * 58 * 2^n - 209 * 5,23,8
6 * 58 * 2^n - 745 * 5,23,8
6 * 58 * 2^n - 931 * 5,23,8
6 * 59 * 2^n - 163 * 5,23,8
6 * 59 * 2^n - 175 * 5,23,8
6 * 59 * 2^n - 427 * 5,23,8
6 * 59 * 2^n - 995 * 5,23,8
6 * 63 * 2^n - 191 * 5,23,8
6 * 63 * 2^n - 589 * 5,23,8
6 * 63 * 2^n - 617 * 5,23,8
6 * 63 * 2^n - 871 * 5,23,8
6 * 64 * 2^n - 647 * 5,23,8
6 * 66 * 2^n - 287 * 5,23,8
6 * 67 * 2^n - 521 * 5,23,8
6 * 67 * 2^n - 605 * 5,23,8
6 * 67 * 2^n - 931 * 5,23,8
6 * 68 * 2^n - 823 * 5,23,8
6 * 69 * 2^n - 407 * 5,23,8
6 * 69 * 2^n - 569 * 5,23,8
6 * 71 * 2^n - 535 * 5,23,8
6 * 71 * 2^n - 755 * 5,23,8
6 * 73 * 2^n - 343 * 5,23,8
6 * 73 * 2^n - 455 * 5,23,8
6 * 74 * 2^n - 511 * 5,23,8
6 * 74 * 2^n - 677 * 5,23,8
6 * 76 * 2^n - 385 * 5,23,8
6 * 76 * 2^n - 599 * 5,23,8
6 * 77 * 2^n - 731 * 5,23,8
6 * 78 * 2^n - 241 * 5,23,8
6 * 78 * 2^n - 635 * 5,23,8
6 * 79 * 2^n - 713 * 5,23,8
6 * 81 * 2^n - 335 * 5,23,8
6 * 83 * 2^n - 455 * 5,23,8
6 * 84 * 2^n - 107 * 5,23,8
6 * 84 * 2^n - 725 * 5,23,8
6 * 84 * 2^n - 851 * 5,23,8
6 * 86 * 2^n - 661 * 5,23,8
6 * 87 * 2^n - 803 * 5,23,8
6 * 88 * 2^n - 133 * 5,23,8
6 * 88 * 2^n - 271 * 5,23,8
6 * 88 * 2^n - 361 * 5,23,8
6 * 89 * 2^n - 109 * 5,23,8
6 * 91 * 2^n - 167 * 5,23,8
6 * 91 * 2^n - 331 * 5,23,8
6 * 91 * 2^n - 541 * 5,23,8
6 * 92 * 2^n - 259 * 5,23,8
6 * 92 * 2^n - 833 * 5,23,8
6 * 93 * 2^n - 941 * 5,23,8
6 * 94 * 2^n - 415 * 5,23,8
6 * 94 * 2^n - 571 * 5,23,8
6 * 98 * 2^n - 323 * 5,23,8
6 * 98 * 2^n - 773 * 5,23,8
6 * 98 * 2^n - 971 * 5,23,8
6 * 101 * 2^n - 469 * 5,23,8
6 * 102 * 2^n - 383 * 5,23,8
6 * 103 * 2^n - 377 * 5,23,8
6 * 104 * 2^n - 49 * 5,23,8
6 * 106 * 2^n - 935 * 5,23,8
6 * 107 * 2^n - 283 * 5,23,8
6 * 107 * 2^n - 325 * 5,23,8
6 * 107 * 2^n - 833 * 5,23,8
6 * 108 * 2^n - 421 * 5,23,8
6 * 109 * 2^n - 223 * 5,23,8
6 * 109 * 2^n - 467 * 5,23,8
6 * 111 * 2^n - 301 * 5,23,8
6 * 112 * 2^n - 199 * 5,23,8
6 * 112 * 2^n - 431 * 5,23,8
6 * 112 * 2^n - 433 * 5,23,8
6 * 112 * 2^n - 485 * 5,23,8
6 * 112 * 2^n - 527 * 5,23,8
6 * 113 * 2^n - 13 * 5,23,8
6 * 113 * 2^n - 91 * 5,23,8
6 * 113 * 2^n - 269 * 5,23,8
6 * 113 * 2^n - 325 * 5,23,8
6 * 114 * 2^n - 101 * 5,23,8
6 * 114 * 2^n - 185 * 5,23,8
6 * 114 * 2^n - 629 * 5,23,8
6 * 117 * 2^n - 413 * 5,23,8
6 * 118 * 2^n - 527 * 5,23,8
6 * 118 * 2^n - 533 * 5,23,8
6 * 118 * 2^n - 967 * 5,23,8
6 * 119 * 2^n - 41 * 5,23,8
6 * 119 * 2^n - 277 * 5,23,8
6 * 119 * 2^n - 467 * 5,23,8
6 * 119 * 2^n - 809 * 5,23,8
6 * 121 * 2^n - 169 * 5,23,8
6 * 121 * 2^n - 217 * 5,23,8
6 * 121 * 2^n - 481 * 5,23,8
6 * 121 * 2^n - 493 * 5,23,8
6 * 121 * 2^n - 805 * 5,23,8
6 * 121 * 2^n - 871 * 5,23,8
6 * 123 * 2^n - 79 * 5,23,8
6 * 123 * 2^n - 125 * 5,23,8
6 * 123 * 2^n - 653 * 5,23,8
6 * 124 * 2^n - 671 * 5,23,8
6 * 126 * 2^n - 389 * 5,23,8
6 * 126 * 2^n - 589 * 5,23,8
6 * 126 * 2^n - 601 * 5,23,8
6 * 126 * 2^n - 643 * 5,23,8
6 * 127 * 2^n - 217 * 5,23,8
6 * 128 * 2^n - 251 * 5,23,8
6 * 128 * 2^n - 391 * 5,23,8
6 * 128 * 2^n - 811 * 5,23,8
6 * 129 * 2^n - 53 * 5,23,8
6 * 129 * 2^n - 715 * 5,23,8
6 * 129 * 2^n - 763 * 5,23,8
6 * 131 * 2^n - 763 * 5,23,8
6 * 132 * 2^n - 287 * 5,23,8
6 * 133 * 2^n - 433 * 5,23,8
6 * 134 * 2^n - 269 * 5,23,8
6 * 134 * 2^n - 299 * 5,23,8
6 * 134 * 2^n - 425 * 5,23,8
6 * 134 * 2^n - 937 * 5,23,8
6 * 136 * 2^n - 77 * 5,23,8
6 * 136 * 2^n - 331 * 5,23,8
6 * 136 * 2^n - 413 * 5,23,8
6 * 136 * 2^n - 515 * 5,23,8
6 * 137 * 2^n - 559 * 5,23,8
6 * 137 * 2^n - 899 * 5,23,8
6 * 138 * 2^n - 385 * 5,23,8
6 * 139 * 2^n - 23 * 5,23,8
6 * 139 * 2^n - 305 * 5,23,8
6 * 141 * 2^n - 629 * 5,23,8
6 * 141 * 2^n - 781 * 5,23,8
6 * 142 * 2^n - 467 * 5,23,8
6 * 143 * 2^n - 497 * 5,23,8
6 * 143 * 2^n - 617 * 5,23,8
6 * 146 * 2^n - 29 * 5,23,8
6 * 146 * 2^n - 445 * 5,23,8
6 * 146 * 2^n - 587 * 5,23,8
6 * 146 * 2^n - 725 * 5,23,8
6 * 147 * 2^n - 737 * 5,23,8
6 * 148 * 2^n - 635 * 5,23,8
6 * 148 * 2^n - 677 * 5,23,8
6 * 148 * 2^n - 893 * 5,23,8
6 * 148 * 2^n - 943 * 5,23,8
6 * 149 * 2^n - 293 * 5,23,8
6 * 149 * 2^n - 973 * 5,23,8
6 * 151 * 2^n - 371 * 5,23,8
6 * 151 * 2^n - 539 * 5,23,8
6 * 153 * 2^n - 197 * 5,23,8
6 * 153 * 2^n - 317 * 5,23,8
6 * 153 * 2^n - 479 * 5,23,8
6 * 154 * 2^n - 569 * 5,23,8
6 * 154 * 2^n - 727 * 5,23,8
6 * 154 * 2^n - 929 * 5,23,8
6 * 156 * 2^n - 407 * 5,23,8
6 * 156 * 2^n - 707 * 5,23,8
6 * 158 * 2^n - 409 * 5,23,8
6 * 159 * 2^n - 835 * 5,23,8
6 * 161 * 2^n - 313 * 5,23,8
6 * 161 * 2^n - 689 * 5,23,8
6 * 162 * 2^n - 259 * 5,23,8
6 * 163 * 2^n - 685 * 5,23,8
6 * 163 * 2^n - 721 * 5,23,8
6 * 164 * 2^n - 175 * 5,23,8
6 * 164 * 2^n - 529 * 5,23,8
6 * 164 * 2^n - 763 * 5,23,8
6 * 166 * 2^n - 109 * 5,23,8
6 * 166 * 2^n - 281 * 5,23,8
6 * 166 * 2^n - 389 * 5,23,8
6 * 166 * 2^n - 715 * 5,23,8
6 * 167 * 2^n - 161 * 5,23,8
6 * 167 * 2^n - 205 * 5,23,8
6 * 168 * 2^n - 107 * 5,23,8
6 * 168 * 2^n - 547 * 5,23,8
6 * 169 * 2^n - 283 * 5,23,8
6 * 171 * 2^n - 43 * 5,23,8
6 * 171 * 2^n - 805 * 5,23,8
6 * 172 * 2^n - 125 * 5,23,8
6 * 172 * 2^n - 437 * 5,23,8
6 * 172 * 2^n - 689 * 5,23,8
6 * 172 * 2^n - 755 * 5,23,8
6 * 173 * 2^n - 53 * 5,23,8
6 * 173 * 2^n - 163 * 5,23,8
6 * 173 * 2^n - 269 * 5,23,8
6 * 174 * 2^n - 827 * 5,23,8
6 * 176 * 2^n - 343 * 5,23,8
6 * 176 * 2^n - 961 * 5,23,8
6 * 177 * 2^n - 563 * 5,23,8
6 * 177 * 2^n - 623 * 5,23,8
6 * 178 * 2^n - 499 * 5,23,8
6 * 178 * 2^n - 973 * 5,23,8
6 * 179 * 2^n - 557 * 5,23,8
6 * 181 * 2^n - 175 * 5,23,8
6 * 181 * 2^n - 623 * 5,23,8
6 * 181 * 2^n - 749 * 5,23,8
6 * 181 * 2^n - 847 * 5,23,8
6 * 181 * 2^n - 953 * 5,23,8
6 * 182 * 2^n - 575 * 5,23,8
6 * 183 * 2^n - 461 * 5,23,8
6 * 183 * 2^n - 979 * 5,23,8
6 * 184 * 2^n - 155 * 5,23,8
6 * 184 * 2^n - 229 * 5,23,8
6 * 184 * 2^n - 475 * 5,23,8
6 * 184 * 2^n - 671 * 5,23,8
6 * 184 * 2^n - 887 * 5,23,8
6 * 187 * 2^n - 749 * 5,23,8
6 * 188 * 2^n - 163 * 5,23,8
6 * 188 * 2^n - 589 * 5,23,8
6 * 188 * 2^n - 883 * 5,23,8
6 * 191 * 2^n - 425 * 5,23,8
6 * 191 * 2^n - 719 * 5,23,8
6 * 192 * 2^n - 49 * 5,23,8
6 * 192 * 2^n - 289 * 5,23,8
6 * 192 * 2^n - 305 * 5,23,8
6 * 192 * 2^n - 361 * 5,23,8
6 * 193 * 2^n - 185 * 5,23,8
6 * 193 * 2^n - 217 * 5,23,8
6 * 193 * 2^n - 335 * 5,23,8
6 * 193 * 2^n - 409 * 5,23,8
6 * 194 * 2^n - 25 * 5,23,8
6 * 194 * 2^n - 259 * 5,23,8
6 * 194 * 2^n - 337 * 5,23,8
6 * 194 * 2^n - 737 * 5,23,8
6 * 196 * 2^n - 535 * 5,23,8
6 * 196 * 2^n - 857 * 5,23,8
6 * 197 * 2^n - 371 * 5,23,8
6 * 197 * 2^n - 983 * 5,23,8
6 * 198 * 2^n - 103 * 5,23,8
6 * 199 * 2^n - 659 * 5,23,8
6 * 201 * 2^n - 473 * 5,23,8
6 * 201 * 2^n - 739 * 5,23,8
6 * 202 * 2^n - 751 * 5,23,8
6 * 202 * 2^n - 869 * 5,23,8
6 * 203 * 2^n - 337 * 5,23,8
6 * 203 * 2^n - 439 * 5,23,8
6 * 203 * 2^n - 583 * 5,23,8
6 * 203 * 2^n - 661 * 5,23,8
6 * 203 * 2^n - 949 * 5,23,8
6 * 204 * 2^n - 367 * 5,23,8
6 * 204 * 2^n - 685 * 5,23,8
6 * 206 * 2^n - 145 * 5,23,8
6 * 207 * 2^n - 199 * 5,23,8
6 * 207 * 2^n - 749 * 5,23,8
6 * 211 * 2^n - 433 * 5,23,8
6 * 211 * 2^n - 761 * 5,23,8
6 * 212 * 2^n - 713 * 5,23,8
6 * 212 * 2^n - 895 * 5,23,8
6 * 213 * 2^n - 617 * 5,23,8
6 * 213 * 2^n - 749 * 5,23,8
6 * 214 * 2^n - 55 * 5,23,8
6 * 214 * 2^n - 385 * 5,23,8
6 * 216 * 2^n - 13 * 5,23,8
6 * 216 * 2^n - 457 * 5,23,8
6 * 217 * 2^n - 425 * 5,23,8
6 * 217 * 2^n - 895 * 5,23,8
6 * 217 * 2^n - 923 * 5,23,8
6 * 218 * 2^n - 965 * 5,23,8
6 * 219 * 2^n - 41 * 5,23,8
6 * 219 * 2^n - 125 * 5,23,8
6 * 219 * 2^n - 313 * 5,23,8
6 * 221 * 2^n - 89 * 5,23,8
6 * 221 * 2^n - 313 * 5,23,8
6 * 221 * 2^n - 439 * 5,23,8
6 * 222 * 2^n - 71 * 5,23,8
6 * 222 * 2^n - 337 * 5,23,8
6 * 224 * 2^n - 781 * 5,23,8
6 * 226 * 2^n - 577 * 5,23,8
6 * 226 * 2^n - 655 * 5,23,8
6 * 226 * 2^n - 661 * 5,23,8
6 * 227 * 2^n - 281 * 5,23,8
6 * 228 * 2^n - 629 * 5,23,8
6 * 228 * 2^n - 637 * 5,23,8
6 * 229 * 2^n - 547 * 5,23,8
6 * 231 * 2^n - 629 * 5,23,8
6 * 231 * 2^n - 965 * 5,23,8
6 * 232 * 2^n - 949 * 5,23,8
6 * 233 * 2^n - 467 * 5,23,8
6 * 233 * 2^n - 719 * 5,23,8
6 * 234 * 2^n - 479 * 5,23,8
6 * 234 * 2^n - 877 * 5,23,8
6 * 234 * 2^n - 935 * 5,23,8
6 * 236 * 2^n - 617 * 5,23,8
6 * 236 * 2^n - 707 * 5,23,8
6 * 237 * 2^n - 721 * 5,23,8
6 * 238 * 2^n - 401 * 5,23,8
6 * 241 * 2^n - 193 * 5,23,8
6 * 242 * 2^n - 89 * 5,23,8
6 * 242 * 2^n - 355 * 5,23,8
6 * 243 * 2^n - 401 * 5,23,8
6 * 243 * 2^n - 749 * 5,23,8
6 * 243 * 2^n - 893 * 5,23,8
6 * 243 * 2^n - 925 * 5,23,8
6 * 246 * 2^n - 85 * 5,23,8
6 * 246 * 2^n - 181 * 5,23,8
6 * 246 * 2^n - 307 * 5,23,8
6 * 246 * 2^n - 329 * 5,23,8
6 * 246 * 2^n - 679 * 5,23,8
6 * 247 * 2^n - 29 * 5,23,8
6 * 247 * 2^n - 89 * 5,23,8
6 * 247 * 2^n - 649 * 5,23,8
6 * 247 * 2^n - 775 * 5,23,8
6 * 247 * 2^n - 943 * 5,23,8
6 * 249 * 2^n - 409 * 5,23,8
6 * 251 * 2^n - 527 * 5,23,8
6 * 252 * 2^n - 53 * 5,23,8
6 * 252 * 2^n - 155 * 5,23,8
6 * 252 * 2^n - 163 * 5,23,8
6 * 252 * 2^n - 191 * 5,23,8
6 * 253 * 2^n - 149 * 5,23,8
6 * 253 * 2^n - 395 * 5,23,8
2 * 3 * 39 * 2^n - 83 * 5,23,8
2 * 3 * 47 * 2^n - 13 * 5,23,8
2 * 3 * 47 * 2^n - 19 * 5,23,8
2 * 3 * 74 * 2^n - 65 * 5,23,8
2 * 3 * 82 * 2^n - 13 * 5,23,8
2 * 3 * 92 * 2^n - 95 * 5,23,8
2 * 3 * 93 * 2^n - 85 * 5,23,8
2 * 3 * 946659 * 2^n - 25 * 5,23,8
2 * 3 * 19 * 21 * 2^n - 25 * 5,23,8
2 * 3 * 11 * 129 * 2^n - 13 * 5,23,8
1465800 * 5 * 2^n - 1,23,8
2453973 * 5 * 2^n - 1,23,8
8460510 * 5 * 2^n - 1,23,8
9070086 * 5 * 2^n - 1,23,8
(1 + 1) * 2^(n - 7 + 1) - (2 + 1),23,8
(1 + 3) * 2^(n - 8 + 1) - (2 + 1),23,8
(1 + 7) * 2^(n - 9 + 1) - (2 + 1),23,8
(1 + 7) * 2^(n - 13 + 1) - (2 + 1),23,8
(1 + 7) * 2^(n - 19 + 1) - (2 + 1),23,8
(1 + 7) * 2^(n - 41 + 1) - (2 + 1),23,8
(1 + 79) * 2^(n - 2 + 1) - (2 + 1),23,8
(2) * 3 * 11 * 2 * 2 * 2^n - 13 * 5 * 2399,23,8
(2) * 3 * 11 * 2 * 2 * 2^n - 13 * 5 * 9923,23,8
(2) * 3 * 11 * 2 * 3 * 2^n - 13 * 5 * 4111,23,8
(2) * 3 * 11 * 2 * 7681 * 2^n - 13 * 5 * 97,23,8
(2) * 3 * 11 * 2 * 6329 * 2^n - 13 * 5 * 9887,23,8
(2) * 3 * 11 * 2 * 389 * 2^n - 13 * 5 * 1901,23,8
(2) * 3 * 11 * 2 * 269 * 2^n - 13 * 5 * 5417,23,8
(2) * 3 * 11 * 2 * 7219 * 2^n - 13 * 5 * 8311,23,8
(2) * 3 * 11 * 2 * 9719 * 2^n - 13 * 5 * 59,23,8
(2) * 3 * 11 * 2 * 1481 * 2^n - 13 * 5 * 1087,23,8
(2) * 3 * 11 * 2 * 6143 * 2^n - 13 * 5 * 1997,23,8
(2) * 3 * 11 * 2 * 5981 * 2^n - 13 * 5 * 1979,23,8
(2) * 3 * 11 * 2 * 1283 * 2^n - 13 * 5 * 8369,23,8
(2) * 3 * 11 * 2 * 7673 * 2^n - 13 * 5 * 7247,23,8
(2) * 3 * 11 * 2 * 7529 * 2^n - 13 * 5 * 4253,23,8
(2) * 3 * 11 * 2 * 12 * 2^n - 13 * 5 * 293,23,8
(2) * 3 * 11 * 2 * 12 * 2^n - 13 * 5 * 323,23,8
(2) * 3 * 11 * 2 * 14 * 2^n - 13 * 5 * 271,23,8
(2) * 3 * 11 * 2 * 7 * 2^n - 13 * 5 * 127,23,8
(2) * 3 * 11 * 2 * 53 * 2^n - 13 * 5 * 107,23,8
(2) * 3 * 11 * 2 * 67 * 2^n - 13 * 5 * 79,23,8
(2) * 3 * 11 * 2 * 71 * 2^n - 13 * 5 * 179,23,8
(2) * 3 * 11 * 2 * 107 * 2^n - 13 * 5 * 41,23,8
(2) * 3 * 11 * 2 * 109 * 2^n - 13 * 5 * 19,23,8
(2) * 3 * 11 * 2 * 139 * 2^n - 13 * 5 * 13,23,8
(2) * 3 * 11 * 2 * 167 * 2^n - 13 * 5 * 89,23,8
(2) * 3 * 11 * 2 * 199 * 2^n - 13 * 5 * 137,23,8
(2) * 3 * 11 * 2 * 109 * 2 * 2^n - 13 * 5 * 193 * 71,23,8
(2) * 3 * 11 * 2 * 109 * 2 * 2^n - 13 * 5 * 193 * 149,23,8
(2) * 3 * 11 * 2 * 109 * 3 * 2^n - 13 * 5 * 193 * 173,23,8
(2) * 3 * 11 * 2 * 109 * 3 * 2^n - 13 * 5 * 193 * 293,23,8
(2) * 3 * 11 * 2 * 109 * 23 * 2^n - 13 * 5 * 193 * 53,23,8
(2) * 3 * 11 * 2 * 109 * 23 * 2^n - 13 * 5 * 193 * 317,23,8
(2) * 3 * 11 * 2 * 109 * 23 * 2^n - 13 * 5 * 193 * 653,23,8
(2) * 3 * 11 * 2 * 109 * 31 * 2^n - 13 * 5 * 193 * 13,23,8
5 * 1 * 3^n + 2 * 29,23,8
5 * 5 * 3^n + 2 * 17,23,8
5 * 15 * 3^n + 2 * 32,23,8
5 * 15 * 3^n + 2 * 91,23,8
5 * 23 * 3^n + 2 * 43,23,8
5 * 47 * 3^n + 2 * 17,23,8
5 * 47 * 3^n + 2 * 23,23,8
5 * 59 * 3^n + 2 * 46,23,8
1959 * 2^n - 1,23,8
563823 * 5 * 2^n - 1,23,8
143520 * 5 * 2^n - 1,23,8
623064 * 5 * 2^n - 1,23,8
1121 * 2^n + 1,23,8
1401 * 2^n + 1,23,8
1421 * 2^n + 1,23,8
1551 * 2^n + 1,23,8
1815 * 2^n + 1,23,8
1950 * 2^n + 1,23,8
3945 * 2^n + 1,23,8
4026 * 2^n + 1,23,8
5280 * 2^n + 1,23,8
5349 * 2^n + 1,23,8
6045 * 2^n + 1,23,8
4194 * 2^n - 1,23,8
5901 * 2^n - 1,23,8
6081 * 2^n - 1,23,8
6228 * 2^n - 1,23,8
6831 * 2^n - 1,23,8
7236 * 2^n - 1,23,8
9516 * 2^n - 1,23,8
10575 * 2^n - 1,23,8
10884 * 2^n - 1,23,8
10989 * 2^n - 1,23,8
2^n + 381,23,8
2^n + 393,23,8
2^n + 609,23,8
2^n + 693,23,8
2^n + 385 * 5,23,8
2^n + 3777 * 5,23,8
2^n + 4263 * 5,23,8
2^n + 7641 * 5,23,8
2^n + 8799 * 5,23,8
2^n + 9537 * 5,23,8
2^n + 10533 * 5,23,8
2^n + 10549 * 5,23,8
2^n + 11205 * 5,23,8
2^n + 11229 * 5,23,8
2^n + 11721 * 5,23,8
2^n + 12141 * 5,23,8
2^n + 12639 * 5,23,8
2^n + 13407 * 5,23,8
2^n * 421350 - 1,23,8
2^n * 364749 - 1,23,8
2^n * 514029 - 1,23,8
2^n * 37329 - 1,23,8
2^n * 211270 - 1,23,8
2^n * 513214 - 1,23,8
2^n * 791571 - 1,23,8
2^n * 969996 - 1,23,8
2^n * 246750 - 1,23,8
2^n * 788100 - 1,23,8
2^n * 949410 - 1,23,8
2^n * 14334 - 1,23,8
2^n * 700185 - 1,23,8
2^n * 874809 - 1,23,8
2^n * 490395 - 1,23,8
2^n * 10884 - 1,23,8
2^n * 178104 - 1,23,8
2^n * 42675 - 1,23,8
2^n * 61710 - 1,23,8
2^n * 70299 - 1,23,8
2^n * 77505 - 1,23,8
2^n * 74490 - 1,23,8
2^n * 23994 - 1,23,8
2^n * 46605 - 1,23,8
2^n * 9516 - 1,23,8
2^n * 1959 - 1,23,8
2^n * 33060 - 1,23,8
2^n * 52716 - 1,23,8
2^n * 54165 - 1,23,8
2^n - 75621,23,8
2^n - 77685,23,8
2^n - 77775,23,8
2^n - 81555,23,8
2^n - 87741,23,8
2^n - 1281,23,8
2^n - 2313,23,8
2^n - 7509,23,8
2^n - 9579,23,8
2^n - 12615,23,8
2^n - 15975,23,8
2^n - 18105,23,8
2^n - 19335,23,8
2^n - 23709,23,8
2^n - 28395,23,8
2^n - 28509,23,8
2^n - 28539,23,8
2^n - 33381,23,8
2^n - 37245,23,8
2^n - 46791,23,8
2^n - 51441,23,8
2^n - 54501,23,8
2^n - 56841,23,8
2^n - 62859,23,8
2^n - 5 * 7449,23,8
2^n * 33 + 245,23,8
2^n * 33 + 377,23,8
2^n * 33 + 1097,23,8
2^n * 33 + 2537,23,8
2^n * 33 + 3407,23,8
2^n * 33 + 3547,23,8
2^n * 33 + 5735,23,8
2^n * 33 + 5887,23,8
3^n * 2 + 12 * 2^n + 13,23,8
3^n * 5 + 15 * 2^n + 8,23,8
3^n * 6 + 24 * 2^n + 13,23,8
3^n * 7 + 13 * 2^n + 24,23,8
3^n * 16 + 18 * 2^n + 13,23,8
3^n * 20 + 27 * 2^n + 25,23,8
n# * 368 - 1,23,8
2^n + 6277 * 5,22,8
2^n + 5955 * 5,22,8
2^n + 3351 * 5,22,8
2^n + 2181 * 5,22,8
2^n + 1735 * 5,22,8
6 * 13 * 2^n - 31 * 5,22,8
6 * 22 * 2^n - 83 * 5,22,8
6 * 71 * 2^n - 47 * 5,22,8
6 * 71 * 2^n - 49 * 5,22,8
6 * 73 * 2^n - 53 * 5,22,8
6 * 79 * 2^n - 13 * 5,22,8
6 * 92 * 2^n - 17 * 5,22,8
6 * 7 * 2^n - 55 * 5,22,8
6 * 31 * 2^n - 29 * 5,22,8
6 * 42 * 2^n - 23 * 5,22,8
6 * 1 * 2^n - 931 * 5,22,8
6 * 4 * 2^n - 335 * 5,22,8
6 * 6 * 2^n - 451 * 5,22,8
6 * 7 * 2^n - 151 * 5,22,8
6 * 12 * 2^n - 667 * 5,22,8
6 * 14 * 2^n - 157 * 5,22,8
6 * 19 * 2^n - 305 * 5,22,8
6 * 19 * 2^n - 343 * 5,22,8
6 * 19 * 2^n - 385 * 5,22,8
6 * 19 * 2^n - 499 * 5,22,8
6 * 21 * 2^n - 433 * 5,22,8
6 * 21 * 2^n - 941 * 5,22,8
6 * 21 * 2^n - 943 * 5,22,8
6 * 21 * 2^n - 983 * 5,22,8
6 * 23 * 2^n - 901 * 5,22,8
6 * 26 * 2^n - 673 * 5,22,8
6 * 27 * 2^n - 247 * 5,22,8
6 * 27 * 2^n - 451 * 5,22,8
6 * 27 * 2^n - 589 * 5,22,8
6 * 27 * 2^n - 611 * 5,22,8
6 * 27 * 2^n - 617 * 5,22,8
6 * 28 * 2^n - 55 * 5,22,8
6 * 28 * 2^n - 157 * 5,22,8
6 * 28 * 2^n - 593 * 5,22,8
6 * 31 * 2^n - 409 * 5,22,8
6 * 32 * 2^n - 721 * 5,22,8
6 * 32 * 2^n - 761 * 5,22,8
6 * 32 * 2^n - 983 * 5,22,8
6 * 33 * 2^n - 149 * 5,22,8
6 * 33 * 2^n - 281 * 5,22,8
6 * 33 * 2^n - 455 * 5,22,8
6 * 34 * 2^n - 343 * 5,22,8
6 * 34 * 2^n - 877 * 5,22,8
6 * 36 * 2^n - 811 * 5,22,8
6 * 37 * 2^n - 155 * 5,22,8
6 * 38 * 2^n - 263 * 5,22,8
6 * 39 * 2^n - 875 * 5,22,8
6 * 39 * 2^n - 941 * 5,22,8
6 * 41 * 2^n - 101 * 5,22,8
6 * 41 * 2^n - 295 * 5,22,8
6 * 41 * 2^n - 421 * 5,22,8
6 * 41 * 2^n - 889 * 5,22,8
6 * 42 * 2^n - 517 * 5,22,8
6 * 43 * 2^n - 11 * 5,22,8
6 * 42 * 2^n - 901 * 5,22,8
6 * 43 * 2^n - 199 * 5,22,8
6 * 47 * 2^n - 961 * 5,22,8
6 * 48 * 2^n - 193 * 5,22,8
6 * 48 * 2^n - 919 * 5,22,8
6 * 49 * 2^n - 361 * 5,22,8
6 * 49 * 2^n - 443 * 5,22,8
6 * 49 * 2^n - 491 * 5,22,8
6 * 49 * 2^n - 647 * 5,22,8
6 * 51 * 2^n - 775 * 5,22,8
6 * 52 * 2^n - 449 * 5,22,8
6 * 52 * 2^n - 883 * 5,22,8
6 * 53 * 2^n - 185 * 5,22,8
6 * 54 * 2^n - 931 * 5,22,8
6 * 57 * 2^n - 223 * 5,22,8
6 * 57 * 2^n - 419 * 5,22,8
6 * 57 * 2^n - 427 * 5,22,8
6 * 57 * 2^n - 881 * 5,22,8
6 * 58 * 2^n - 463 * 5,22,8
6 * 58 * 2^n - 479 * 5,22,8
6 * 59 * 2^n - 217 * 5,22,8
6 * 61 * 2^n - 217 * 5,22,8
6 * 61 * 2^n - 275 * 5,22,8
6 * 61 * 2^n - 539 * 5,22,8
6 * 61 * 2^n - 697 * 5,22,8
6 * 62 * 2^n - 473 * 5,22,8
6 * 63 * 2^n - 103 * 5,22,8
6 * 63 * 2^n - 115 * 5,22,8
6 * 63 * 2^n - 289 * 5,22,8
6 * 64 * 2^n - 857 * 5,22,8
6 * 66 * 2^n - 463 * 5,22,8
6 * 67 * 2^n - 215 * 5,22,8
6 * 68 * 2^n - 421 * 5,22,8
6 * 68 * 2^n - 683 * 5,22,8
6 * 69 * 2^n - 571 * 5,22,8
6 * 69 * 2^n - 791 * 5,22,8
6 * 72 * 2^n - 245 * 5,22,8
6 * 72 * 2^n - 335 * 5,22,8
6 * 73 * 2^n - 119 * 5,22,8
6 * 73 * 2^n - 389 * 5,22,8
6 * 73 * 2^n - 569 * 5,22,8
6 * 76 * 2^n - 55 * 5,22,8
6 * 79 * 2^n - 5 * 5,22,8
6 * 78 * 2^n - 31 * 5,22,8
6 * 74 * 2^n - 377 * 5,22,8
6 * 76 * 2^n - 499 * 5,22,8
6 * 76 * 2^n - 889 * 5,22,8
6 * 77 * 2^n - 127 * 5,22,8
6 * 77 * 2^n - 613 * 5,22,8
6 * 78 * 2^n - 853 * 5,22,8
6 * 79 * 2^n - 199 * 5,22,8
6 * 79 * 2^n - 563 * 5,22,8
6 * 79 * 2^n - 593 * 5,22,8
6 * 79 * 2^n - 595 * 5,22,8
6 * 81 * 2^n - 665 * 5,22,8
6 * 82 * 2^n - 449 * 5,22,8
6 * 82 * 2^n - 497 * 5,22,8
6 * 82 * 2^n - 557 * 5,22,8
6 * 82 * 2^n - 931 * 5,22,8
6 * 83 * 2^n - 343 * 5,22,8
6 * 83 * 2^n - 613 * 5,22,8
6 * 83 * 2^n - 667 * 5,22,8
6 * 86 * 2^n - 355 * 5,22,8
6 * 86 * 2^n - 707 * 5,22,8
6 * 87 * 2^n - 401 * 5,22,8
6 * 88 * 2^n - 257 * 5,22,8
6 * 88 * 2^n - 421 * 5,22,8
6 * 88 * 2^n - 833 * 5,22,8
6 * 91 * 2^n - 349 * 5,22,8
6 * 91 * 2^n - 373 * 5,22,8
6 * 92 * 2^n - 419 * 5,22,8
6 * 92 * 2^n - 481 * 5,22,8
6 * 92 * 2^n - 745 * 5,22,8
6 * 92 * 2^n - 881 * 5,22,8
6 * 92 * 2^n - 917 * 5,22,8
6 * 93 * 2^n - 343 * 5,22,8
6 * 93 * 2^n - 635 * 5,22,8
6 * 93 * 2^n - 827 * 5,22,8
6 * 94 * 2^n - 607 * 5,22,8
6 * 94 * 2^n - 785 * 5,22,8
6 * 96 * 2^n - 961 * 5,22,8
6 * 99 * 2^n - 559 * 5,22,8
6 * 101 * 2^n - 329 * 5,22,8
6 * 102 * 2^n - 125 * 5,22,8
6 * 102 * 2^n - 761 * 5,22,8
6 * 104 * 2^n - 877 * 5,22,8
6 * 106 * 2^n - 385 * 5,22,8
6 * 106 * 2^n - 941 * 5,22,8
6 * 107 * 2^n - 7 * 5,22,8
6 * 107 * 2^n - 83 * 5,22,8
6 * 107 * 2^n - 119 * 5,22,8
6 * 107 * 2^n - 917 * 5,22,8
6 * 107 * 2^n - 971 * 5,22,8
6 * 107 * 2^n - 983 * 5,22,8
6 * 108 * 2^n - 145 * 5,22,8
6 * 108 * 2^n - 365 * 5,22,8
6 * 108 * 2^n - 581 * 5,22,8
6 * 109 * 2^n - 241 * 5,22,8
6 * 109 * 2^n - 665 * 5,22,8
6 * 109 * 2^n - 973 * 5,22,8
6 * 111 * 2^n - 331 * 5,22,8
6 * 112 * 2^n - 593 * 5,22,8
6 * 112 * 2^n - 811 * 5,22,8
6 * 113 * 2^n - 677 * 5,22,8
6 * 114 * 2^n - 13 * 5,22,8
6 * 117 * 2^n - 463 * 5,22,8
6 * 118 * 2^n - 221 * 5,22,8
6 * 118 * 2^n - 515 * 5,22,8
6 * 119 * 2^n - 509 * 5,22,8
6 * 119 * 2^n - 587 * 5,22,8
6 * 121 * 2^n - 199 * 5,22,8
6 * 121 * 2^n - 287 * 5,22,8
6 * 121 * 2^n - 997 * 5,22,8
6 * 122 * 2^n - 527 * 5,22,8
6 * 122 * 2^n - 707 * 5,22,8
6 * 123 * 2^n - 47 * 5,22,8
6 * 123 * 2^n - 59 * 5,22,8
6 * 123 * 2^n - 119 * 5,22,8
6 * 124 * 2^n - 877 * 5,22,8
6 * 126 * 2^n - 277 * 5,22,8
6 * 128 * 2^n - 839 * 5,22,8
6 * 129 * 2^n - 625 * 5,22,8
6 * 131 * 2^n - 95 * 5,22,8
6 * 131 * 2^n - 925 * 5,22,8
6 * 132 * 2^n - 343 * 5,22,8
6 * 132 * 2^n - 787 * 5,22,8
6 * 133 * 2^n - 127 * 5,22,8
6 * 133 * 2^n - 655 * 5,22,8
6 * 134 * 2^n - 797 * 5,22,8
6 * 136 * 2^n - 617 * 5,22,8
6 * 136 * 2^n - 665 * 5,22,8
6 * 137 * 2^n - 353 * 5,22,8
6 * 137 * 2^n - 733 * 5,22,8
6 * 138 * 2^n - 85 * 5,22,8
6 * 138 * 2^n - 947 * 5,22,8
6 * 139 * 2^n - 25 * 5,22,8
6 * 139 * 2^n - 245 * 5,22,8
6 * 139 * 2^n - 277 * 5,22,8
6 * 139 * 2^n - 415 * 5,22,8
6 * 139 * 2^n - 491 * 5,22,8
6 * 141 * 2^n - 293 * 5,22,8
6 * 142 * 2^n - 31 * 5,22,8
6 * 142 * 2^n - 461 * 5,22,8
6 * 142 * 2^n - 817 * 5,22,8
6 * 146 * 2^n - 77 * 5,22,8
6 * 146 * 2^n - 499 * 5,22,8
6 * 146 * 2^n - 569 * 5,22,8
6 * 147 * 2^n - 865 * 5,22,8
6 * 148 * 2^n - 91 * 5,22,8
6 * 148 * 2^n - 329 * 5,22,8
6 * 148 * 2^n - 959 * 5,22,8
6 * 151 * 2^n - 971 * 5,22,8
6 * 153 * 2^n - 653 * 5,22,8
6 * 153 * 2^n - 785 * 5,22,8
6 * 154 * 2^n - 5 * 5,22,8
6 * 154 * 2^n - 169 * 5,22,8
6 * 154 * 2^n - 337 * 5,22,8
6 * 154 * 2^n - 349 * 5,22,8
6 * 154 * 2^n - 611 * 5,22,8
6 * 154 * 2^n - 755 * 5,22,8
6 * 156 * 2^n - 523 * 5,22,8
6 * 157 * 2^n - 211 * 5,22,8
6 * 157 * 2^n - 607 * 5,22,8
6 * 158 * 2^n - 47 * 5,22,8
6 * 158 * 2^n - 461 * 5,22,8
6 * 158 * 2^n - 769 * 5,22,8
6 * 159 * 2^n - 529 * 5,22,8
6 * 159 * 2^n - 539 * 5,22,8
6 * 161 * 2^n - 337 * 5,22,8
6 * 162 * 2^n - 163 * 5,22,8
6 * 162 * 2^n - 341 * 5,22,8
6 * 164 * 2^n - 11 * 5,22,8
6 * 164 * 2^n - 473 * 5,22,8
6 * 164 * 2^n - 901 * 5,22,8
6 * 164 * 2^n - 991 * 5,22,8
6 * 166 * 2^n - 209 * 5,22,8
6 * 168 * 2^n - 173 * 5,22,8
6 * 168 * 2^n - 403 * 5,22,8
6 * 168 * 2^n - 433 * 5,22,8
6 * 168 * 2^n - 901 * 5,22,8
6 * 169 * 2^n - 935 * 5,22,8
6 * 171 * 2^n - 385 * 5,22,8
6 * 171 * 2^n - 413 * 5,22,8
6 * 172 * 2^n - 199 * 5,22,8
6 * 172 * 2^n - 355 * 5,22,8
6 * 173 * 2^n - 151 * 5,22,8
6 * 173 * 2^n - 713 * 5,22,8
6 * 176 * 2^n - 257 * 5,22,8
6 * 176 * 2^n - 377 * 5,22,8
6 * 176 * 2^n - 713 * 5,22,8
6 * 178 * 2^n - 481 * 5,22,8
6 * 178 * 2^n - 961 * 5,22,8
6 * 179 * 2^n - 341 * 5,22,8
6 * 179 * 2^n - 635 * 5,22,8
6 * 179 * 2^n - 721 * 5,22,8
6 * 179 * 2^n - 937 * 5,22,8
6 * 181 * 2^n - 473 * 5,22,8
6 * 181 * 2^n - 863 * 5,22,8
6 * 182 * 2^n - 101 * 5,22,8
6 * 182 * 2^n - 103 * 5,22,8
6 * 182 * 2^n - 181 * 5,22,8
6 * 182 * 2^n - 229 * 5,22,8
6 * 182 * 2^n - 467 * 5,22,8
6 * 182 * 2^n - 821 * 5,22,8
6 * 182 * 2^n - 971 * 5,22,8
6 * 183 * 2^n - 257 * 5,22,8
6 * 183 * 2^n - 497 * 5,22,8
6 * 184 * 2^n - 41 * 5,22,8
6 * 186 * 2^n - 383 * 5,22,8
6 * 186 * 2^n - 595 * 5,22,8
6 * 186 * 2^n - 635 * 5,22,8
6 * 186 * 2^n - 649 * 5,22,8
6 * 187 * 2^n - 1 * 5,22,8
6 * 187 * 2^n - 247 * 5,22,8
6 * 188 * 2^n - 379 * 5,22,8
6 * 189 * 2^n - 257 * 5,22,8
6 * 189 * 2^n - 419 * 5,22,8
6 * 191 * 2^n - 467 * 5,22,8
6 * 191 * 2^n - 665 * 5,22,8
6 * 191 * 2^n - 671 * 5,22,8
6 * 192 * 2^n - 29 * 5,22,8
6 * 192 * 2^n - 95 * 5,22,8
6 * 192 * 2^n - 919 * 5,22,8
6 * 193 * 2^n - 115 * 5,22,8
6 * 193 * 2^n - 665 * 5,22,8
6 * 194 * 2^n - 515 * 5,22,8
6 * 196 * 2^n - 361 * 5,22,8
6 * 196 * 2^n - 557 * 5,22,8
6 * 196 * 2^n - 565 * 5,22,8
6 * 197 * 2^n - 389 * 5,22,8
6 * 197 * 2^n - 703 * 5,22,8
6 * 197 * 2^n - 719 * 5,22,8
6 * 197 * 2^n - 755 * 5,22,8
6 * 198 * 2^n - 467 * 5,22,8
6 * 198 * 2^n - 611 * 5,22,8
6 * 199 * 2^n - 347 * 5,22,8
6 * 201 * 2^n - 149 * 5,22,8
6 * 201 * 2^n - 487 * 5,22,8
6 * 201 * 2^n - 875 * 5,22,8
6 * 202 * 2^n - 7 * 5,22,8
6 * 204 * 2^n - 61 * 5,22,8
6 * 204 * 2^n - 419 * 5,22,8
6 * 204 * 2^n - 607 * 5,22,8
6 * 204 * 2^n - 871 * 5,22,8
6 * 206 * 2^n - 47 * 5,22,8
6 * 206 * 2^n - 541 * 5,22,8
6 * 206 * 2^n - 557 * 5,22,8
6 * 206 * 2^n - 581 * 5,22,8
6 * 208 * 2^n - 583 * 5,22,8
6 * 211 * 2^n - 251 * 5,22,8
6 * 211 * 2^n - 439 * 5,22,8
6 * 211 * 2^n - 607 * 5,22,8
6 * 212 * 2^n - 49 * 5,22,8
6 * 212 * 2^n - 509 * 5,22,8
6 * 212 * 2^n - 863 * 5,22,8
6 * 213 * 2^n - 113 * 5,22,8
6 * 213 * 2^n - 415 * 5,22,8
6 * 213 * 2^n - 541 * 5,22,8
6 * 213 * 2^n - 737 * 5,22,8
6 * 213 * 2^n - 805 * 5,22,8
6 * 213 * 2^n - 827 * 5,22,8
6 * 216 * 2^n - 617 * 5,22,8
6 * 217 * 2^n - 211 * 5,22,8
6 * 217 * 2^n - 575 * 5,22,8
6 * 217 * 2^n - 953 * 5,22,8
6 * 218 * 2^n - 11 * 5,22,8
6 * 218 * 2^n - 325 * 5,22,8
6 * 219 * 2^n - 311 * 5,22,8
6 * 219 * 2^n - 551 * 5,22,8
6 * 219 * 2^n - 775 * 5,22,8
6 * 221 * 2^n - 535 * 5,22,8
6 * 221 * 2^n - 635 * 5,22,8
6 * 221 * 2^n - 887 * 5,22,8
6 * 222 * 2^n - 331 * 5,22,8
6 * 222 * 2^n - 413 * 5,22,8
6 * 222 * 2^n - 643 * 5,22,8
6 * 222 * 2^n - 907 * 5,22,8
6 * 223 * 2^n - 11 * 5,22,8
6 * 223 * 2^n - 541 * 5,22,8
6 * 223 * 2^n - 637 * 5,22,8
6 * 223 * 2^n - 821 * 5,22,8
6 * 226 * 2^n - 581 * 5,22,8
6 * 227 * 2^n - 113 * 5,22,8
6 * 227 * 2^n - 611 * 5,22,8
6 * 227 * 2^n - 713 * 5,22,8
6 * 227 * 2^n - 781 * 5,22,8
6 * 228 * 2^n - 83 * 5,22,8
6 * 228 * 2^n - 427 * 5,22,8
6 * 229 * 2^n - 623 * 5,22,8
6 * 231 * 2^n - 283 * 5,22,8
6 * 231 * 2^n - 811 * 5,22,8
6 * 231 * 2^n - 905 * 5,22,8
6 * 232 * 2^n - 425 * 5,22,8
6 * 232 * 2^n - 479 * 5,22,8
6 * 233 * 2^n - 971 * 5,22,8
6 * 234 * 2^n - 697 * 5,22,8
6 * 234 * 2^n - 835 * 5,22,8
6 * 236 * 2^n - 217 * 5,22,8
6 * 237 * 2^n - 533 * 5,22,8
6 * 237 * 2^n - 571 * 5,22,8
6 * 239 * 2^n - 119 * 5,22,8
6 * 239 * 2^n - 383 * 5,22,8
6 * 241 * 2^n - 431 * 5,22,8
6 * 241 * 2^n - 523 * 5,22,8
6 * 242 * 2^n - 791 * 5,22,8
6 * 242 * 2^n - 845 * 5,22,8
6 * 243 * 2^n - 1 * 5,22,8
6 * 243 * 2^n - 149 * 5,22,8
6 * 243 * 2^n - 337 * 5,22,8
6 * 243 * 2^n - 365 * 5,22,8
6 * 243 * 2^n - 743 * 5,22,8
6 * 243 * 2^n - 977 * 5,22,8
6 * 243 * 2^n - 991 * 5,22,8
6 * 244 * 2^n - 959 * 5,22,8
6 * 246 * 2^n - 377 * 5,22,8
6 * 246 * 2^n - 469 * 5,22,8
6 * 246 * 2^n - 875 * 5,22,8
6 * 247 * 2^n - 607 * 5,22,8
6 * 247 * 2^n - 799 * 5,22,8
6 * 247 * 2^n - 985 * 5,22,8
6 * 248 * 2^n - 683 * 5,22,8
6 * 249 * 2^n - 467 * 5,22,8
6 * 249 * 2^n - 779 * 5,22,8
6 * 249 * 2^n - 931 * 5,22,8
6 * 251 * 2^n - 263 * 5,22,8
6 * 251 * 2^n - 611 * 5,22,8
6 * 251 * 2^n - 637 * 5,22,8
6 * 251 * 2^n - 785 * 5,22,8
6 * 251 * 2^n - 889 * 5,22,8
6 * 253 * 2^n - 97 * 5,22,8
6 * 253 * 2^n - 103 * 5,22,8
2 * 3 * 26 * 2^n - 19 * 5,22,8
2 * 3 * 37 * 2^n - 79 * 5,22,8
2 * 3 * 57 * 2^n - 43 * 5,22,8
2 * 3 * 68 * 2^n - 55 * 5,22,8
6738 * 2^n + 1,22,8
7050 * 2^n + 1,22,8
9674478 * 5 * 2^n - 1,22,8
86286 * 5 * 2^n - 1,22,8
3371160 * 5 * 2^n - 1,22,8
1441173 * 5 * 2^n + 1,22,8
8632749 * 5 * 2^n + 1,22,8
9238404 * 5 * 2^n + 1,22,8
4152621 * 5 * 2^n + 1,22,8
4233960 * 5 * 2^n + 1,22,8
5695611 * 5 * 2^n + 1,22,8
3 * 2^n - 11,22,8
3 * 2^(n - 7) - 11,22,8
11 * 2^(n - 17) - 3,22,8
(1 + 79) * 2^(n - 37 + 1) - (2 + 1),22,8
(2) * 3 * 11 * 2 * 2 * 2^n - 13 * 5 * 277,22,8
(2) * 3 * 11 * 2 * 2 * 2^n - 13 * 5 * 6299,22,8
(2) * 3 * 11 * 2 * 2 * 2^n - 13 * 5 * 8101,22,8
(2) * 3 * 11 * 2 * 2 * 2^n - 13 * 5 * 9337,22,8
(2) * 3 * 11 * 2 * 3 * 2^n - 13 * 5 * 317,22,8
(2) * 3 * 11 * 2 * 3 * 2^n - 13 * 5 * 5021,22,8
(2) * 3 * 11 * 2 * 3 * 2^n - 13 * 5 * 5557,22,8
(2) * 3 * 11 * 2 * 3769 * 2^n - 13 * 5 * 5039,22,8
(2) * 3 * 11 * 2 * 3881 * 2^n - 13 * 5 * 9803,22,8
(2) * 3 * 11 * 2 * 5861 * 2^n - 13 * 5 * 1733,22,8
(2) * 3 * 11 * 2 * 5399 * 2^n - 13 * 5 * 1031,22,8
(2) * 3 * 11 * 2 * 9613 * 2^n - 13 * 5 * 5507,22,8
(2) * 3 * 11 * 2 * 9587 * 2^n - 13 * 5 * 8009,22,8
(2) * 3 * 11 * 2 * 2531 * 2^n - 13 * 5 * 9859,22,8
(2) * 3 * 11 * 2 * 3593 * 2^n - 13 * 5 * 2027,22,8
(2) * 3 * 11 * 2 * 219 * 2^n - 13 * 5 * 175,22,8
(2) * 3 * 11 * 2 * 1 * 2^n - 13 * 5 * 259,22,8
(2) * 3 * 11 * 2 * 4 * 2^n - 13 * 5 * 245,22,8
(2) * 3 * 11 * 2 * 4 * 2^n - 13 * 5 * 347,22,8
(2) * 3 * 11 * 2 * 6 * 2^n - 13 * 5 * 257,22,8
(2) * 3 * 11 * 2 * 8 * 2^n - 13 * 5 * 95,22,8
(2) * 3 * 11 * 2 * 8 * 2^n - 13 * 5 * 277,22,8
(2) * 3 * 11 * 2 * 9 * 2^n - 13 * 5 * 113,22,8
(2) * 3 * 11 * 2 * 11 * 2^n - 13 * 5 * 49,22,8
(2) * 3 * 11 * 2 * 16 * 2^n - 13 * 5 * 97,22,8
(2) * 3 * 11 * 2 * 16 * 2^n - 13 * 5 * 259,22,8
(2) * 3 * 11 * 2 * 7 * 2^n - 13 * 5 * 41,22,8
(2) * 3 * 11 * 2 * 11 * 2^n - 13 * 5 * 47,22,8
(2) * 3 * 11 * 2 * 17 * 2^n - 13 * 5 * 37,22,8
(2) * 3 * 11 * 2 * 53 * 2^n - 13 * 5 * 89,22,8
(2) * 3 * 11 * 2 * 109 * 2^n - 13 * 5 * 89,22,8
(2) * 3 * 11 * 2 * 109 * 2^n - 13 * 5 * 173,22,8
(2) * 3 * 11 * 2 * 137 * 2^n - 13 * 5 * 131,22,8
(2) * 3 * 11 * 2 * 181 * 2^n - 13 * 5 * 109,22,8
2 * 3 * 1 * 2^n - 473 * 5,22,8
6 * 38742 * 2^n - 24737 * 5,22,8
(2) * 3 * 11 * 2 * 109 * 2 * 2^n - 13 * 5 * 193 * 821,22,8
(2) * 3 * 11 * 2 * 109 * 3 * 2^n - 13 * 5 * 193 * 587,22,8
(2) * 3 * 11 * 2 * 109 * 17 * 2^n - 13 * 5 * 193 * 607,22,8
(2) * 3 * 11 * 2 * 109 * 29 * 2^n - 13 * 5 * 193 * 173,22,8
5 * 3 * 3^n + 2 * 98,22,8
5 * 29 * 3^n + 2 * 64,22,8
5 * 31 * 3^n + 2 * 52,22,8
5 * 33 * 3^n + 2 * 16,22,8
5 * 33 * 3^n + 2 * 71,22,8
5 * 45 * 3^n + 2 * 94,22,8
5 * 55 * 3^n + 2 * 91,22,8
5 * 61 * 3^n + 2 * 44,22,8
1251 * 2^n - 1,22,8
1425 * 2^n - 1,22,8
3094 * 2^n - 1,22,8
929190 * 5 * 2^n - 1,22,8
714879 * 5 * 2^n - 1,22,8
260397 * 5 * 2^n - 1,22,8
1905 * 2^n + 1,22,8
2430 * 2^n + 1,22,8
3012 * 2^n + 1,22,8
3423 * 2^n + 1,22,8
4545 * 2^n + 1,22,8
4551 * 2^n + 1,22,8
5684 * 2^n + 1,22,8
5061 * 2^n - 1,22,8
5535 * 2^n - 1,22,8
6459 * 2^n - 1,22,8
8520 * 2^n - 1,22,8
8680 * 2^n - 1,22,8
10296 * 2^n - 1,22,8
2^n + 99,22,8
2^n + 701,22,8
2^n + 711,22,8
3^n + 136,22,8
3^n + 950,22,8
2^n + 285 * 5,22,8
2^n + 1419 * 5,22,8
2^n + 3339 * 5,22,8
2^n + 4071 * 5,22,8
2^n + 9511 * 5,22,8
2^n + 11061 * 5,22,8
2^n + 11673 * 5,22,8
2^n + 15873 * 5,22,8
2^n + 15915 * 5,22,8
2^n + 16201 * 5,22,8
2^n + 521115 * n * 5,22,8
2^n * 906409 - 1,22,8
2^n * 466170 - 1,22,8
2^n * 569530 - 1,22,8
2^n * 561930 - 1,22,8
2^n * 880584 - 1,22,8
2^n * 810906 - 1,22,8
2^n * 332022 - 1,22,8
2^n * 979390 - 1,22,8
2^n * 554896 - 1,22,8
2^n * 612699 - 1,22,8
2^n * 577710 - 1,22,8
2^n * 607566 - 1,22,8
2^n * 462234 - 1,22,8
2^n * 108585 - 1,22,8
2^n * 246345 - 1,22,8
2^n * 19771 - 1,22,8
2^n * 54978 - 1,22,8
2^n * 20020 - 1,22,8
2^n * 97464 - 1,22,8
2^n * 12444 - 1,22,8
2^n * 71559 - 1,22,8
2^n * 22071 - 1,22,8
2^n * 50358 - 1,22,8
2^n * 48786 - 1,22,8
2^n * 61998 - 1,22,8
2^n * 11289 - 1,22,8
2^n * 97041 - 1,22,8
2^n * 11199 - 1,22,8
2^n * 73776 - 1,22,8
2^n - 17559,22,8
2^n - 19029,22,8
2^n - 38121,22,8
2^n - 72471,22,8
2^n - 86425,22,8
2^n - 88815,22,8
2^n - 89001,22,8
2^n - 91089,22,8
2^n - 92211,22,8
2^n - 98505,22,8
2^n - 1329,22,8
2^n - 4291,22,8
2^n - 7731,22,8
2^n - 8109,22,8
2^n - 20299,22,8
2^n - 20881,22,8
2^n - 23481,22,8
2^n - 24177,22,8
2^n - 25399,22,8
2^n - 27765,22,8
2^n - 29529,22,8
2^n - 29991,22,8
2^n - 30045,22,8
2^n - 31191,22,8
2^n - 35091,22,8
2^n - 35979,22,8
2^n - 37959,22,8
2^n - 45225,22,8
2^n - 47211,22,8
2^n - 46389,22,8
2^n - 47799,22,8
2^n - 54621,22,8
2^n - 61407,22,8
2^n - 62265,22,8
2^n - 62335,22,8
2^n - 67791,22,8
2^n - 69681,22,8
2^n - 72189,22,8
2^n - 73995,22,8
2^n * 33 + 65,22,8
2^n * 33 + 793,22,8
2^n * 33 + 833,22,8
2^n * 33 + 1337,22,8
2^n * 33 + 1423,22,8
2^n * 33 + 1853,22,8
2^n * 33 + 2087,22,8
2^n * 33 + 5297,22,8
2^n * 33 + 5551,22,8
3^n * 1 + 18 * 2^n + 20,22,8
3^n * 3 + 11 * 2^n + 12,22,8
3^n * 7 + 1 * 2^n + 30,22,8
3^n * 7 + 14 * 2^n + 30,22,8
3^n * 13 + 12 * 2^n + 16,22,8
3^n * 13 + 30 * 2^n + 2,22,8
3^n * 15 + 15 * 2^n + 4,22,8
3^n * 18 + 20 * 2^n + 9,22,8
3^n * 19 + 13 * 2^n + 30,22,8
3^n * 22 + 6 * 2^n + 1,22,8
3^n * 22 + 29 * 2^n + 3,22,8
3^n * 23 + 1 * 2^n + 12,22,8
3^n * 30 + 30 * 2^n + 13,22,8
3^n * 2 + 18 * 2^n - 1,22,8
3^n * 58 + 9 * 2^n - 1,22,8
2^n + 7347 * 5,21,8
2^n + 6591 * 5,21,8
2^n + 6313 * 5,21,8
2^n + 3609 * 5,21,8
393 * 2^n + 1,21,8
6 * 21 * 2^n - 71 * 5,21,8
6 * 33 * 2^n - 53 * 5,21,8
6 * 73 * 2^n - 23 * 5,21,8
6 * 18 * 2^n - 97 * 5,21,8
6 * 22 * 2^n - 97 * 5,21,8
6 * 34 * 2^n - 13 * 5,21,8
6 * 19 * 2^n - 47 * 5,21,8
6 * 12 * 2^n - 55 * 5,21,8
6 * 1 * 2^n - 535 * 5,21,8
6 * 1 * 2^n - 803 * 5,21,8
6 * 2 * 2^n - 761 * 5,21,8
6 * 3 * 2^n - 317 * 5,21,8
6 * 3 * 2^n - 733 * 5,21,8
6 * 4 * 2^n - 275 * 5,21,8
6 * 4 * 2^n - 535 * 5,21,8
6 * 6 * 2^n - 55 * 5,21,8
6 * 6 * 2^n - 325 * 5,21,8
6 * 8 * 2^n - 583 * 5,21,8
6 * 9 * 2^n - 959 * 5,21,8
6 * 13 * 2^n - 809 * 5,21,8
6 * 13 * 2^n - 875 * 5,21,8
6 * 14 * 2^n - 601 * 5,21,8
6 * 17 * 2^n - 271 * 5,21,8
6 * 18 * 2^n - 223 * 5,21,8
6 * 21 * 2^n - 53 * 5,21,8
6 * 21 * 2^n - 629 * 5,21,8
6 * 23 * 2^n - 425 * 5,21,8
6 * 23 * 2^n - 569 * 5,21,8
6 * 24 * 2^n - 799 * 5,21,8
6 * 24 * 2^n - 947 * 5,21,8
6 * 26 * 2^n - 209 * 5,21,8
6 * 26 * 2^n - 239 * 5,21,8
6 * 27 * 2^n - 55 * 5,21,8
6 * 26 * 2^n - 911 * 5,21,8
6 * 26 * 2^n - 989 * 5,21,8
6 * 29 * 2^n - 41 * 5,21,8
6 * 29 * 2^n - 623 * 5,21,8
6 * 31 * 2^n - 331 * 5,21,8
6 * 33 * 2^n - 247 * 5,21,8
6 * 34 * 2^n - 197 * 5,21,8
6 * 36 * 2^n - 307 * 5,21,8
6 * 36 * 2^n - 769 * 5,21,8
6 * 36 * 2^n - 959 * 5,21,8
6 * 37 * 2^n - 215 * 5,21,8
6 * 38 * 2^n - 787 * 5,21,8
6 * 39 * 2^n - 161 * 5,21,8
6 * 39 * 2^n - 223 * 5,21,8
6 * 39 * 2^n - 283 * 5,21,8
6 * 39 * 2^n - 917 * 5,21,8
6 * 41 * 2^n - 247 * 5,21,8
6 * 43 * 2^n - 55 * 5,21,8
6 * 43 * 2^n - 181 * 5,21,8
6 * 44 * 2^n - 437 * 5,21,8
6 * 44 * 2^n - 505 * 5,21,8
6 * 46 * 2^n - 929 * 5,21,8
6 * 47 * 2^n - 989 * 5,21,8
6 * 48 * 2^n - 325 * 5,21,8
6 * 49 * 2^n - 887 * 5,21,8
6 * 52 * 2^n - 943 * 5,21,8
6 * 53 * 2^n - 287 * 5,21,8
6 * 53 * 2^n - 545 * 5,21,8
6 * 54 * 2^n - 349 * 5,21,8
6 * 58 * 2^n - 127 * 5,21,8
6 * 58 * 2^n - 605 * 5,21,8
6 * 58 * 2^n - 761 * 5,21,8
6 * 59 * 2^n - 905 * 5,21,8
6 * 62 * 2^n - 731 * 5,21,8
6 * 63 * 2^n - 401 * 5,21,8
6 * 64 * 2^n - 733 * 5,21,8
6 * 64 * 2^n - 803 * 5,21,8
6 * 66 * 2^n - 205 * 5,21,8
6 * 66 * 2^n - 235 * 5,21,8
6 * 67 * 2^n - 91 * 5,21,8
6 * 67 * 2^n - 595 * 5,21,8
6 * 67 * 2^n - 689 * 5,21,8
6 * 67 * 2^n - 983 * 5,21,8
6 * 69 * 2^n - 347 * 5,21,8
6 * 72 * 2^n - 197 * 5,21,8
6 * 72 * 2^n - 223 * 5,21,8
6 * 72 * 2^n - 301 * 5,21,8
6 * 74 * 2^n - 257 * 5,21,8
6 * 76 * 2^n - 619 * 5,21,8
6 * 77 * 2^n - 529 * 5,21,8
6 * 77 * 2^n - 883 * 5,21,8
6 * 78 * 2^n - 161 * 5,21,8
6 * 78 * 2^n - 745 * 5,21,8
6 * 79 * 2^n - 859 * 5,21,8
6 * 81 * 2^n - 521 * 5,21,8
6 * 82 * 2^n - 121 * 5,21,8
6 * 82 * 2^n - 359 * 5,21,8
6 * 96 * 2^n - 91 * 5,21,8
6 * 97 * 2^n - 11 * 5,21,8
6 * 83 * 2^n - 515 * 5,21,8
6 * 83 * 2^n - 785 * 5,21,8
6 * 83 * 2^n - 877 * 5,21,8
6 * 84 * 2^n - 271 * 5,21,8
6 * 84 * 2^n - 491 * 5,21,8
6 * 88 * 2^n - 329 * 5,21,8
6 * 88 * 2^n - 397 * 5,21,8
6 * 89 * 2^n - 139 * 5,21,8
6 * 89 * 2^n - 305 * 5,21,8
6 * 89 * 2^n - 995 * 5,21,8
6 * 91 * 2^n - 401 * 5,21,8
6 * 91 * 2^n - 445 * 5,21,8
6 * 91 * 2^n - 535 * 5,21,8
6 * 91 * 2^n - 779 * 5,21,8
6 * 91 * 2^n - 787 * 5,21,8
6 * 93 * 2^n - 385 * 5,21,8
6 * 94 * 2^n - 113 * 5,21,8
6 * 94 * 2^n - 187 * 5,21,8
6 * 96 * 2^n - 329 * 5,21,8
6 * 96 * 2^n - 779 * 5,21,8
6 * 96 * 2^n - 947 * 5,21,8
6 * 97 * 2^n - 673 * 5,21,8
6 * 98 * 2^n - 221 * 5,21,8
6 * 98 * 2^n - 643 * 5,21,8
6 * 98 * 2^n - 839 * 5,21,8
6 * 99 * 2^n - 245 * 5,21,8
6 * 101 * 2^n - 77 * 5,21,8
6 * 101 * 2^n - 365 * 5,21,8
6 * 101 * 2^n - 809 * 5,21,8
6 * 101 * 2^n - 889 * 5,21,8
6 * 101 * 2^n - 959 * 5,21,8
6 * 102 * 2^n - 647 * 5,21,8
6 * 103 * 2^n - 319 * 5,21,8
6 * 104 * 2^n - 211 * 5,21,8
6 * 104 * 2^n - 409 * 5,21,8
6 * 104 * 2^n - 739 * 5,21,8
6 * 106 * 2^n - 553 * 5,21,8
6 * 107 * 2^n - 517 * 5,21,8
6 * 107 * 2^n - 929 * 5,21,8
6 * 108 * 2^n - 319 * 5,21,8
6 * 108 * 2^n - 341 * 5,21,8
6 * 108 * 2^n - 713 * 5,21,8
6 * 108 * 2^n - 751 * 5,21,8
6 * 109 * 2^n - 119 * 5,21,8
6 * 113 * 2^n - 679 * 5,21,8
6 * 113 * 2^n - 763 * 5,21,8
6 * 113 * 2^n - 881 * 5,21,8
6 * 114 * 2^n - 385 * 5,21,8
6 * 116 * 2^n - 397 * 5,21,8
6 * 117 * 2^n - 823 * 5,21,8
6 * 118 * 2^n - 335 * 5,21,8
2^n * 542829 - 1,21,8
2^n * 467274 - 1,21,8
2^n * 922746 - 1,21,8
2^n * 278019 - 1,21,8
2^n * 81189 - 1,21,8
2^n * 37110 - 1,21,8
2^n * 397059 - 1,21,8
2^n * 729441 - 1,21,8
2^n * 267861 - 1,21,8
2^n * 634825 - 1,21,8
2^n * 777579 - 1,21,8
2^n * 78846 - 1,21,8
2^n * 494430 - 1,21,8
2^n * 213549 - 1,21,8
2^n * 940359 - 1,21,8
2^n * 572169 - 1,21,8
2^n * 192741 - 1,21,8
2^n * 450945 - 1,21,8
2^n * 907086 - 1,21,8
2^n * 47208 - 1,21,8
2^n * 382756 - 1,21,8
2^n * 90541 - 1,21,8
2^n * 57504 - 1,21,8
2^n * 66261 - 1,21,8
2^n * 10521 - 1,21,8
2^n * 72861 - 1,21,8
2^n * 82855 - 1,21,8
2^n * 31170 - 1,21,8
2^n * 86052 - 1,21,8
2^n * 2058 - 1,21,8
2^n * 99246 - 1,21,8
2^n * 19176 - 1,21,8
2^n - 6669,21,8
2^n - 30441,21,8
2^n - 51261,21,8
2^n - 58425,21,8
2^n - 76377,21,8
2^n - 79401,21,8
2^n - 81849,21,8
2^n - 82899,21,8
2^n - 84315,21,8
2^n - 87069,21,8
2^n - 89481,21,8
2^n - 92265,21,8
2^n - 94911,21,8
2^n - 4359,21,8
2^n - 9537,21,8
2^n - 12969,21,8
2^n - 14041,21,8
2^n - 14139,21,8
2^n - 18789,21,8
2^n - 23799,21,8
2^n - 24345,21,8
2^n - 26701,21,8
2^n - 27009,21,8
2^n - 33015,21,8
2^n - 33945,21,8
2^n - 35871,21,8
2^n - 36561,21,8
2^n - 38619,21,8
2^n - 41805,21,8
2^n - 45531,21,8
2^n - 47169,21,8
2^n - 49789,21,8
2^n - 49845,21,8
2^n - 52755,21,8
2^n - 53641,21,8
2^n - 54831,21,8
2^n - 60081,21,8
2^n - 60831,21,8
2^n - 60219,21,8
2^n - 61671,21,8
2^n - 63591,21,8
2^n - 65229,21,8
2^n - 68115,21,8
2^n - 73419,21,8
2^n - 74121,21,8
2^n - 5 * 24495,21,8
2^n - 5 * 11685,21,8
2^n * 33 + 149,21,8
2^n * 33 + 1433,21,8
2^n * 33 + 1915,21,8
2^n * 33 + 2153,21,8
2^n * 33 + 2287,21,8
2^n * 33 + 3197,21,8
2^n * 33 + 4777,21,8
2^n * 33 + 4843,21,8
2^n * 33 + 5327,21,8
3^n * 3 + 20 * 2^n + 30,21,8
3^n * 6 + 16 * 2^n + 21,21,8
3^n * 7 + 17 * 2^n + 6,21,8
3^n * 10 + 13 * 2^n + 15,21,8
3^n * 12 + 30 * 2^n + 5,21,8
3^n * 13 + 8 * 2^n + 18,21,8
3^n * 18 + 21 * 2^n + 5,21,8
3^n * 22 + 6 * 2^n + 25,21,8
3^n * 25 + 5 * 2^n + 12,21,8
3^n * 16 + 12 * 2^n - 1,21,8
3^n * 86 + 72 * 2^n - 1,21,8
2^n * 82449 - 1,20,8
2^n * 556914 - 1,20,8
2^n * 832083 - 1,20,8
2^n * 261138 - 1,20,8
2^n * 383151 - 1,20,8
2^n * 844956 - 1,20,8
2^n * 813511 - 1,20,8
2^n * 920421 - 1,20,8
2^n * 197439 - 1,20,8
2^n * 953811 - 1,20,8
2^n * 467589 - 1,20,8
2^n * 150669 - 1,20,8
2^n * 251640 - 1,20,8
2^n * 762636 - 1,20,8
2^n * 836169 - 1,20,8
2^n * 645735 - 1,20,8
2^n * 182740 - 1,20,8
2^n * 794169 - 1,20,8
2^n * 366294 - 1,20,8
2^n * 289290 - 1,20,8
2^n * 68799 - 1,20,8
2^n * 756054 - 1,20,8
2^n * 71965 - 1,20,8
2^n * 42285 - 1,20,8
2^n * 33339 - 1,20,8
2^n * 33355 - 1,20,8
2^n * 90495 - 1,20,8
2^n * 39381 - 1,20,8
2^n * 96684 - 1,20,8
2^n * 711 - 1,20,8
2^n * 83109 - 1,20,8
2^n * 77100 - 1,20,8
2^n * 46704 - 1,20,8
2^n * 23659 - 1,20,8
2^n - 7929,20,8
2^n - 29175,20,8
2^n - 74919,20,8
